Using launch settings from src\MediaEngine.Api\Properties\launchSettings.json...
[22:40:35 INF] FFmpeg located: C:\Users\shaya\OneDrive\Documents\Source\Repos\tuvima-library\tools\ffmpeg\ffmpeg.exe
[22:40:35 INF] Hardware acceleration: NVIDIA NVENC (preferred encoder: h264_nvenc)
[22:40:35 INF] PriorityCascadeEngine: loaded 6 field priority override(s): [description, short_description, biography, cover, rating, content_rating]
[22:40:36 INF] Model artifact for TextFast at C:\temp\tuvima-models\llama\Qwen3-0.6B-Q8_0.gguf is NotDownloaded
[22:40:36 INF] Model artifact for TextQuality at C:\temp\tuvima-models\llama\Qwen3-1.7B-Q5_K_M.gguf is NotDownloaded
[22:40:36 INF] Model artifact for Audio at C:\temp\tuvima-models\whisper\ggml-medium.bin is NotDownloaded
[22:40:36 INF] Model artifact for TextScholar at C:\temp\tuvima-models\llama\Qwen3-4B-Q4_K_M.gguf is NotDownloaded
[22:40:36 INF] Model artifact for TextCjk at C:\temp\tuvima-models\llama\Qwen3-4B-Q4_K_M.gguf is NotDownloaded
[22:40:36 INF] WritebackConfigState: watching ../../config\writeback-fields.json
[22:40:36 INF] IngestionEngine started
[22:40:36 INF] Running startup reconciliation...
[22:40:36 INF] Purged 31 orphaned review queue entries
[22:40:36 INF] FolderHealthService started — checking every 30s
[22:40:36 INF] WhisperSync background service is disabled. Set MediaEngine:WhisperSync:Enabled=true to enable.
[22:40:36 INF] RetagSweepWorker started
[22:40:36 INF] RejectedFileCleanupService started — schedule: 0 4 * * *
[22:40:36 INF] ActivityPruningService started — default schedule: 0 3 * * *
[22:40:36 INF] MissingUniverseSweepService started — initial delay 60s, schedule: 0 4 * * 0
[22:40:36 INF] Recovered 38 interrupted media operations after restart.
[22:40:36 INF] Identity startup recovery released 37 interrupted job lease(s).
[22:40:36 INF] LibraryReconciliationService started — schedule: 0 5 * * *
[22:40:36 INF] ModelAutoDownloadService: waiting 10s for Engine to fully start
[22:40:36 INF] StorageMaintenanceHostedService started - schedule: 0 2 * * *
[22:40:36 INF] HardwareBenchmarkBackgroundService: waiting 15s before running benchmark
[22:40:36 INF] QuickHydrationHostedService started
[22:40:36 INF] RetailMatchHostedService started
[22:40:36 INF] WikidataBridgeHostedService started
[22:40:36 INF] Wikidata: leased 50 job(s) for bridge resolution
[22:40:36 INF] CollectionAssignment: created ContentGroup collection 'The Sandman' (comicvine:volume:4207) for work 0451b65a-609a-4a99-87e5-cda660630a2a
[22:40:36 INF] Hydration: starting for 'Project Hail Mary' — Q106852836 (entity 213b4933-3315-4aa8-a366-31568bf6528b)
[22:40:36 INF] Quick pass starting for entity 213b4933-3315-4aa8-a366-31568bf6528b (QID Q106852836)
[22:40:36 INF] CollectionAssignment: assigned work 0451b65a-609a-4a99-87e5-cda660630a2a to collection 'The Sandman' (comicvine:volume:4207)
[22:40:36 INF] CollectionAssignment: created ContentGroup collection 'Blade Runner Collection' (tmdb:collection:422837) for work 072a7459-1aff-4eaf-ab06-4f782f193b4c
[22:40:36 INF] CollectionAssignment: assigned work 072a7459-1aff-4eaf-ab06-4f782f193b4c to collection 'Blade Runner Collection' (tmdb:collection:422837)
[22:40:36 INF] CollectionAssignment: created ContentGroup collection 'The Dark Knight Collection' (tmdb:collection:263) for work 0d789b91-afd2-46a1-8067-c0822c3eaa81
[22:40:36 INF] CollectionAssignment: assigned work 0d789b91-afd2-46a1-8067-c0822c3eaa81 to collection 'The Dark Knight Collection' (tmdb:collection:263)
[22:40:36 INF] CollectionAssignment: created ContentGroup collection 'Saga' (comicvine:volume:46568) for work 0e190c5d-3fb4-4d35-828a-9ce8c9873d88
[22:40:36 INF] CollectionAssignment: assigned work 0e190c5d-3fb4-4d35-828a-9ce8c9873d88 to collection 'Saga' (comicvine:volume:46568)
[22:40:36 INF] CollectionAssignment: created ContentGroup collection 'Time Out' (local:music:time-out) for work 0f1f86e0-73d1-4e5c-b036-6692bba1e11e
[22:40:36 INF] CollectionAssignment: assigned work 0f1f86e0-73d1-4e5c-b036-6692bba1e11e to collection 'Time Out' (local:music:time-out)
[22:40:36 INF] CollectionAssignment: created ContentGroup collection 'News of the World' (local:music:news-of-the-world) for work 110f2dc3-4915-47c6-bc51-d3d50e930360
[22:40:36 INF] CollectionAssignment: assigned work 110f2dc3-4915-47c6-bc51-d3d50e930360 to collection 'News of the World' (local:music:news-of-the-world)
[22:40:36 INF] CollectionAssignment: created ContentGroup collection 'Shōgun' (tmdb:tv:126308) for work 1f90dada-0dd5-497e-b7ab-40feca6a969c
[22:40:36 INF] CollectionAssignment: assigned work 1f90dada-0dd5-497e-b7ab-40feca6a969c to collection 'Shōgun' (tmdb:tv:126308)
[22:40:36 INF] CollectionAssignment: created ContentGroup collection 'The Rise and Fall of Ziggy Stardust and the Spiders from Mars' (local:music:the-rise-and-fall-of-ziggy-stardust-and-the-spiders-from-mars) for work 26cea59d-98b7-4181-852b-cb3245f69440
[22:40:36 INF] CollectionAssignment: assigned work 26cea59d-98b7-4181-852b-cb3245f69440 to collection 'The Rise and Fall of Ziggy Stardust and the Spiders from Mars' (local:music:the-rise-and-fall-of-ziggy-stardust-and-the-spiders-from-mars)
[22:40:36 INF] CollectionAssignment: created ContentGroup collection 'Foundation' (local:audiobooks:foundation) for work 27c0006e-fb55-430c-b857-15c1f94e9fe2
[22:40:36 INF] CollectionAssignment: assigned work 27c0006e-fb55-430c-b857-15c1f94e9fe2 to collection 'Foundation' (local:audiobooks:foundation)
[22:40:36 INF] CollectionAssignment: created ContentGroup collection 'Batman' (comicvine:volume:796) for work 28327d54-ee46-4d48-bb5d-71bb46b5951c
[22:40:36 INF] CollectionAssignment: assigned work 28327d54-ee46-4d48-bb5d-71bb46b5951c to collection 'Batman' (comicvine:volume:796)
[22:40:36 INF] CollectionAssignment: created ContentGroup collection 'DAMN.' (applemusic:album:1440881722) for work 2eb134d3-8862-4cf3-8035-5edba29d58b9
[22:40:36 INF] CollectionAssignment: assigned work 2eb134d3-8862-4cf3-8035-5edba29d58b9 to collection 'DAMN.' (applemusic:album:1440881722)
[22:40:36 INF] CollectionAssignment: created ContentGroup collection 'Spider-Man: Spider-Verse Collection' (tmdb:collection:573436) for work 33b509e0-49b9-4b34-9b3a-ef5e8b6a39c0
[22:40:36 INF] CollectionAssignment: assigned work 33b509e0-49b9-4b34-9b3a-ef5e8b6a39c0 to collection 'Spider-Man: Spider-Verse Collection' (tmdb:collection:573436)
[22:40:36 INF] CollectionAssignment: created ContentGroup collection 'The Expanse' (tmdb:tv:63639) for work 359e6ac9-478e-4860-8d44-d595c78c9ab2
[22:40:36 INF] CollectionAssignment: assigned work 359e6ac9-478e-4860-8d44-d595c78c9ab2 to collection 'The Expanse' (tmdb:tv:63639)
[22:40:36 INF] CollectionAssignment: created ContentGroup collection 'Star Wars: Attack of the Clones' (local:music:star-wars-attack-of-the-clones) for work 367e066e-8bef-4600-8dcb-af851bb51c6b
[22:40:36 INF] CollectionAssignment: assigned work 367e066e-8bef-4600-8dcb-af851bb51c6b to collection 'Star Wars: Attack of the Clones' (local:music:star-wars-attack-of-the-clones)
[22:40:36 INF] CollectionAssignment: created ContentGroup collection 'Dune Collection' (tmdb:collection:726871) for work 37a745bb-d61c-4fae-be48-dc4eecb01e49
[22:40:36 INF] CollectionAssignment: assigned work 37a745bb-d61c-4fae-be48-dc4eecb01e49 to collection 'Dune Collection' (tmdb:collection:726871)
[22:40:36 INF] Cover art: skipped 'Project Hail Mary' — already cached on disk (C:\temp\tuvima-library\.data\assets\artwork\work\47eea7e6-6fdb-4840-895c-288937a3e8c7\cover\ef3f984fdbb146c598719ea34599aebb.jpg)
[22:40:36 INF] CollectionAssignment: created ContentGroup collection 'A Night at the Opera' (applemusic:album:1440806041) for work 3d712690-cb67-414f-9d33-93d17f502c5a
[22:40:36 INF] CollectionAssignment: assigned work 3d712690-cb67-414f-9d33-93d17f502c5a to collection 'A Night at the Opera' (applemusic:album:1440806041)
[22:40:36 INF] CollectionAssignment: created ContentGroup collection 'Breaking Bad' (tmdb:tv:1396) for work 40975ca6-86a6-4aae-a273-039ccfb6aef1
[22:40:36 INF] CollectionAssignment: assigned work 40975ca6-86a6-4aae-a273-039ccfb6aef1 to collection 'Breaking Bad' (tmdb:tv:1396)
[22:40:36 INF] CollectionAssignment: created ContentGroup collection 'Department of Clockwork Rain' (local:tv:department-of-clockwork-rain) for work 41e58f48-3fa5-461d-aee8-030425afd3bc
[22:40:36 INF] CollectionAssignment: assigned work 41e58f48-3fa5-461d-aee8-030425afd3bc to collection 'Department of Clockwork Rain' (local:tv:department-of-clockwork-rain)
[22:40:36 INF] CollectionAssignment: created ContentGroup collection '“Heroes”' (applemusic:album:1347894082) for work 49adb7f6-0a4c-434b-a9be-9b19097f04a2
[22:40:36 INF] CollectionAssignment: assigned work 49adb7f6-0a4c-434b-a9be-9b19097f04a2 to collection '“Heroes”' (applemusic:album:1347894082)
[22:40:36 INF] CollectionAssignment: created ContentGroup collection 'Nevermind' (local:music:nevermind) for work 4b0a0d3a-81d6-4bf6-92a4-f2d410c7e9e8
[22:40:36 INF] CollectionAssignment: assigned work 4b0a0d3a-81d6-4bf6-92a4-f2d410c7e9e8 to collection 'Nevermind' (local:music:nevermind)
[22:40:36 INF] CollectionAssignment: created ContentGroup collection 'Inception: Music From the Motion Picture' (applemusic:album:380349905) for work 4be88bc7-fdae-4ba6-9b77-4aab4081ce51
[22:40:36 INF] CollectionAssignment: assigned work 4be88bc7-fdae-4ba6-9b77-4aab4081ce51 to collection 'Inception: Music From the Motion Picture' (applemusic:album:380349905)
[22:40:36 INF] CollectionAssignment: created ContentGroup collection 'Hot Space' (applemusic:album:1440810288) for work 567bc7ff-9420-41d6-b702-5a6c8935e4d0
[22:40:36 INF] CollectionAssignment: assigned work 567bc7ff-9420-41d6-b702-5a6c8935e4d0 to collection 'Hot Space' (applemusic:album:1440810288)
[22:40:36 INF] CollectionAssignment: created ContentGroup collection 'Interstellar' (musicbrainz:release-group:4513c7b9-854e-457f-81d6-3dbeb001beb8) for work 579558b7-d7f8-468f-91d3-2363b7f54b0f
[22:40:36 INF] CollectionAssignment: assigned work 579558b7-d7f8-468f-91d3-2363b7f54b0f to collection 'Interstellar' (musicbrainz:release-group:4513c7b9-854e-457f-81d6-3dbeb001beb8)
[22:40:36 INF] CollectionAssignment: created ContentGroup collection 'The Matrix Collection' (tmdb:collection:2344) for work 5ae4817b-1e64-4ce5-9d71-fc3220708f7a
[22:40:36 INF] CollectionAssignment: assigned work 5ae4817b-1e64-4ce5-9d71-fc3220708f7a to collection 'The Matrix Collection' (tmdb:collection:2344)
[22:40:36 INF] CollectionAssignment: assigned work 5b036f2b-f253-41a1-9266-48498ffaa6fc to collection 'A Night at the Opera' (applemusic:album:1440806041)
[22:40:36 INF] CollectionAssignment: created ContentGroup collection '8 Mile: Music From and Inspired by the Motion Picture' (applemusic:album:1440903339) for work 5b6afead-a528-4dae-85ca-84e7f0eb3e64
[22:40:36 INF] CollectionAssignment: assigned work 5b6afead-a528-4dae-85ca-84e7f0eb3e64 to collection '8 Mile: Music From and Inspired by the Motion Picture' (applemusic:album:1440903339)
[22:40:36 INF] CollectionAssignment: assigned work 5cbce6cc-c0e9-4580-bedc-2dc98dd3487a to collection 'Interstellar' (musicbrainz:release-group:4513c7b9-854e-457f-81d6-3dbeb001beb8)
[22:40:36 INF] CollectionAssignment: created ContentGroup collection 'Severance' (tmdb:tv:95396) for work 5ee747db-6f13-434e-8d7c-0df2c9330b79
[22:40:36 INF] CollectionAssignment: assigned work 5ee747db-6f13-434e-8d7c-0df2c9330b79 to collection 'Severance' (tmdb:tv:95396)
[22:40:36 INF] CollectionAssignment: assigned work 60a9272b-008a-46ee-9035-2018fd550035 to collection 'A Night at the Opera' (applemusic:album:1440806041)
[22:40:36 INF] CollectionAssignment: created ContentGroup collection 'The Hobbit Collection' (tmdb:collection:121938) for work 69345422-6e7d-497c-97bb-77df52b5adea
[22:40:36 INF] CollectionAssignment: assigned work 69345422-6e7d-497c-97bb-77df52b5adea to collection 'The Hobbit Collection' (tmdb:collection:121938)
[22:40:36 INF] CollectionAssignment: assigned work 6bdc9910-c546-4e82-9497-fedb7cc84e6d to collection 'Breaking Bad' (tmdb:tv:1396)
[22:40:36 INF] CollectionAssignment: created ContentGroup collection 'The Kingkiller Chronicle' (local:audiobooks:the-kingkiller-chronicle) for work 7227114e-a375-4513-a568-7f8bc6e3cc0d
[22:40:36 INF] CollectionAssignment: assigned work 7227114e-a375-4513-a568-7f8bc6e3cc0d to collection 'The Kingkiller Chronicle' (local:audiobooks:the-kingkiller-chronicle)
[22:40:36 INF] CollectionAssignment: created ContentGroup collection 'Middle of Nowhere' (local:music:middle-of-nowhere) for work 7453b19b-eb94-4245-8421-f8a7fc7b7c1a
[22:40:36 INF] CollectionAssignment: assigned work 7453b19b-eb94-4245-8421-f8a7fc7b7c1a to collection 'Middle of Nowhere' (local:music:middle-of-nowhere)
[22:40:36 INF] CollectionAssignment: created ContentGroup collection 'Abbey Road' (applemusic:album:1441164426) for work 8a3c10c6-0083-4efb-9767-87e9e3645f5f
[22:40:36 INF] CollectionAssignment: assigned work 8a3c10c6-0083-4efb-9767-87e9e3645f5f to collection 'Abbey Road' (applemusic:album:1441164426)
[22:40:36 INF] CollectionAssignment: created ContentGroup collection 'Harry Potter' (local:audiobooks:harry-potter) for work 8a75ded4-f7f6-4e2a-b3b1-b778ce5e7883
[22:40:36 INF] CollectionAssignment: assigned work 8a75ded4-f7f6-4e2a-b3b1-b778ce5e7883 to collection 'Harry Potter' (local:audiobooks:harry-potter)
[22:40:36 INF] CollectionAssignment: created ContentGroup collection 'John Cage: 4'33"' (local:music:john-cage-4-33) for work 8c9d0b3c-0027-431a-ac42-db24931ae1ef
[22:40:36 INF] CollectionAssignment: assigned work 8c9d0b3c-0027-431a-ac42-db24931ae1ef to collection 'John Cage: 4'33"' (local:music:john-cage-4-33)
[22:40:36 INF] CollectionAssignment: created ContentGroup collection 'Foundation' (tmdb:tv:93740) for work 8deb18c0-1aef-46fb-bc8f-4d8b91425bd0
[22:40:36 INF] CollectionAssignment: assigned work 8deb18c0-1aef-46fb-bc8f-4d8b91425bd0 to collection 'Foundation' (tmdb:tv:93740)
[22:40:36 INF] CollectionAssignment: assigned work 90d459ab-e5e5-4a0a-9c42-ff1eb56b2a83 to collection 'Breaking Bad' (tmdb:tv:1396)
[22:40:36 INF] CollectionAssignment: created ContentGroup collection 'Captain Semaphore' (local:comics:captain-semaphore) for work 9766f33a-3631-426c-af93-22635da67d43
[22:40:36 INF] CollectionAssignment: assigned work 9766f33a-3631-426c-af93-22635da67d43 to collection 'Captain Semaphore' (local:comics:captain-semaphore)
[22:40:36 INF] CollectionAssignment: created ContentGroup collection 'Peer Gynt Suite No. 1' (local:music:peer-gynt-suite-no-1) for work a15dc38c-bbcb-4574-9213-bc706df757c2
[22:40:36 INF] CollectionAssignment: assigned work a15dc38c-bbcb-4574-9213-bc706df757c2 to collection 'Peer Gynt Suite No. 1' (local:music:peer-gynt-suite-no-1)
[22:40:37 INF] CollectionAssignment: created ContentGroup collection 'Akira' (comicvine:volume:40664) for work a9cd27bd-b169-4666-81f0-6b2dfce69ec0
[22:40:37 INF] CollectionAssignment: assigned work a9cd27bd-b169-4666-81f0-6b2dfce69ec0 to collection 'Akira' (comicvine:volume:40664)
[22:40:37 INF] CollectionAssignment: created ContentGroup collection 'Suite bergamasque' (local:music:suite-bergamasque) for work ad55ae24-a51f-4513-b5ab-1af2d67349a5
[22:40:37 INF] CollectionAssignment: assigned work ad55ae24-a51f-4513-b5ab-1af2d67349a5 to collection 'Suite bergamasque' (local:music:suite-bergamasque)
[22:40:37 INF] CollectionAssignment: created ContentGroup collection 'Imagine' (applemusic:album:1440853752) for work adfb0e3c-c843-41e7-a495-fa30c1b72adf
[22:40:37 INF] CollectionAssignment: assigned work adfb0e3c-c843-41e7-a495-fa30c1b72adf to collection 'Imagine' (applemusic:album:1440853752)
[22:40:37 INF] CollectionAssignment: assigned work b3f06d7e-01ed-4cf0-9d7d-0c21a08cc049 to collection 'News of the World' (local:music:news-of-the-world)
[22:40:37 INF] CollectionAssignment: created ContentGroup collection 'The Marshall Mathers LP' (local:music:the-marshall-mathers-lp) for work bce6e85c-a190-4599-9bca-edf1e2bc8664
[22:40:37 INF] CollectionAssignment: assigned work bce6e85c-a190-4599-9bca-edf1e2bc8664 to collection 'The Marshall Mathers LP' (local:music:the-marshall-mathers-lp)
[22:40:37 INF] CollectionAssignment: assigned work c08a633c-418d-4d22-aa8b-e9f28b556422 to collection 'A Night at the Opera' (applemusic:album:1440806041)
[22:40:37 INF] CollectionAssignment: created ContentGroup collection 'The Lord of the Rings' (local:audiobooks:the-lord-of-the-rings) for work c1413534-cf70-462a-81c4-97ab18eafbfe
[22:40:37 INF] CollectionAssignment: assigned work c1413534-cf70-462a-81c4-97ab18eafbfe to collection 'The Lord of the Rings' (local:audiobooks:the-lord-of-the-rings)
[22:40:37 INF] CollectionAssignment: created ContentGroup collection '99 Luftballons' (applemusic:album:1446013584) for work c1f65ef4-c26e-4e5b-aa0c-99c470c03c1f
[22:40:37 INF] CollectionAssignment: assigned work c1f65ef4-c26e-4e5b-aa0c-99c470c03c1f to collection '99 Luftballons' (applemusic:album:1446013584)
[22:40:37 INF] CollectionAssignment: assigned work c31aed65-95d4-4714-badb-6c7e861323cb to collection 'A Night at the Opera' (applemusic:album:1440806041)
[22:40:37 INF] CollectionAssignment: created ContentGroup collection 'Beethoven: Piano Pieces' (local:music:beethoven-piano-pieces) for work c46a6c23-05db-415f-a380-fd8bdb1c181e
[22:40:37 INF] CollectionAssignment: assigned work c46a6c23-05db-415f-a380-fd8bdb1c181e to collection 'Beethoven: Piano Pieces' (local:music:beethoven-piano-pieces)
[22:40:37 INF] CollectionAssignment: created ContentGroup collection 'The Mandalorian' (tmdb:tv:82856) for work c4d3376c-d028-4fe0-80ad-299cd2553d99
[22:40:37 INF] CollectionAssignment: assigned work c4d3376c-d028-4fe0-80ad-299cd2553d99 to collection 'The Mandalorian' (tmdb:tv:82856)
[22:40:37 INF] CollectionAssignment: created ContentGroup collection 'Songs for Mechanical Owls' (local:music:songs-for-mechanical-owls) for work e1afaddd-0f61-4b76-b1bf-109066cf03c7
[22:40:37 INF] CollectionAssignment: assigned work e1afaddd-0f61-4b76-b1bf-109066cf03c7 to collection 'Songs for Mechanical Owls' (local:music:songs-for-mechanical-owls)
[22:40:37 INF] CollectionAssignment: created ContentGroup collection 'La Vie en rose' (musicbrainz:release-group:a44da1b6-b118-3c92-bfc7-946eb9485148) for work e45188c3-ec26-4f6b-ac51-8020ce891eb7
[22:40:37 INF] CollectionAssignment: assigned work e45188c3-ec26-4f6b-ac51-8020ce891eb7 to collection 'La Vie en rose' (musicbrainz:release-group:a44da1b6-b118-3c92-bfc7-946eb9485148)
[22:40:37 INF] CollectionAssignment: created ContentGroup collection 'Help!' (applemusic:album:1441164524) for work ec97eb54-88a6-4271-b12b-bf5ebba13248
[22:40:37 INF] CollectionAssignment: assigned work ec97eb54-88a6-4271-b12b-bf5ebba13248 to collection 'Help!' (applemusic:album:1441164524)
[22:40:37 INF] CollectionAssignment: created ContentGroup collection 'Star Wars: The Empire Strikes Back' (local:music:star-wars-the-empire-strikes-back) for work ed5fd17f-9f5c-42d7-8396-6d84619e7998
[22:40:37 INF] CollectionAssignment: assigned work ed5fd17f-9f5c-42d7-8396-6d84619e7998 to collection 'Star Wars: The Empire Strikes Back' (local:music:star-wars-the-empire-strikes-back)
[22:40:37 INF] CollectionAssignment: assigned work f09061db-fc33-47b5-bde8-2557aa26d3a8 to collection 'Abbey Road' (applemusic:album:1441164426)
[22:40:37 INF] CollectionAssignment: created ContentGroup collection 'Una mattina' (applemusic:album:1440762051) for work f7efe5f1-13a8-4136-96bc-f025874b3a71
[22:40:37 INF] CollectionAssignment: assigned work f7efe5f1-13a8-4136-96bc-f025874b3a71 to collection 'Una mattina' (applemusic:album:1440762051)
[22:40:37 INF] CollectionAssignment: created ContentGroup collection 'The Expanse' (local:audiobooks:the-expanse) for work f99c8dbb-59d5-46a3-ad64-e0c59fab6d8a
[22:40:37 INF] CollectionAssignment: assigned work f99c8dbb-59d5-46a3-ad64-e0c59fab6d8a to collection 'The Expanse' (local:audiobooks:the-expanse)
[22:40:37 INF] Collection backfill complete: 105/105 processed, 58 assigned, 49 created, 11 already assigned, 36 skipped, 0 failed in 1097ms
[22:40:37 INF] Reconciliation: collection backfill processed 105/105 candidate work(s), assigned 58, created 49, skipped 36, failed 0
[22:40:37 INF] Reconciliation complete: 111 scanned, 0 missing, 58 collection assignments repaired, 0 hierarchy rows pruned, 0 duplicate read works merged, 0 audiobook author identities aligned, 7 empty folders, 0 orphan people, 0 stale root sidecars, 1229ms
[22:40:37 INF] Startup reconciliation complete: 111 scanned, 0 missing
[22:40:37 INF] Watching: C:\temp\tuvima-watch\books
[22:40:37 INF] Watching: C:\temp\tuvima-watch\audiobooks
[22:40:37 INF] Watching: C:\temp\tuvima-watch\tv
[22:40:37 INF] Watching: C:\temp\tuvima-watch\movies
[22:40:37 INF] Watching: C:\temp\tuvima-watch\music
[22:40:37 INF] Watching: C:\temp\tuvima-watch\comics
[22:40:37 INF] Initial scan: skipped 28 already-known or duplicate file(s) across 6 scan target(s)
[22:40:37 INF] Polling fallback active: sweeping 6 watch folder(s) every 300s
[22:40:37 INF] Now listening on: https://localhost:61494
[22:40:37 INF] Now listening on: http://localhost:61495
[22:40:37 INF] Application started. Press Ctrl+C to shut down.
[22:40:37 INF] Hosting environment: Development
[22:40:37 INF] Content root path: C:\Users\shaya\OneDrive\Documents\Source\Repos\tuvima-library\src\MediaEngine.Api
[22:40:37 INF] Wikidata: dispatching 50 job(s) to ResolveBatchAsync - 5 music, 45 with bridge IDs, 0 non-music title-only request(s) expected to be skipped
[22:40:37 INF] Start processing HTTP request GET https://www.wikidata.org/w/api.php?*
[22:40:37 INF] Sending HTTP request GET https://www.wikidata.org/w/api.php?*
[22:40:37 INF] Received HTTP response headers after 180.1005ms - 200
[22:40:37 INF] End processing HTTP request after 190.5016ms - 200
[22:40:37 INF] Start processing HTTP request GET https://www.wikidata.org/w/api.php?*
[22:40:37 INF] Sending HTTP request GET https://www.wikidata.org/w/api.php?*
[22:40:38 INF] Received HTTP response headers after 66.5438ms - 200
[22:40:38 INF] End processing HTTP request after 67.5491ms - 200
[22:40:38 INF] Start processing HTTP request GET https://www.wikidata.org/w/api.php?*
[22:40:38 INF] Sending HTTP request GET https://www.wikidata.org/w/api.php?*
[22:40:38 INF] Received HTTP response headers after 62.2702ms - 200
[22:40:38 INF] End processing HTTP request after 63.5929ms - 200
[22:40:38 INF] Start processing HTTP request GET https://www.wikidata.org/w/api.php?*
[22:40:38 INF] Sending HTTP request GET https://www.wikidata.org/w/api.php?*
[22:40:38 INF] Received HTTP response headers after 59.1409ms - 200
[22:40:38 INF] End processing HTTP request after 60.3852ms - 200
[22:40:38 INF] Start processing HTTP request GET https://www.wikidata.org/w/api.php?*
[22:40:38 INF] Sending HTTP request GET https://www.wikidata.org/w/api.php?*
[22:40:39 INF] Received HTTP response headers after 61.1432ms - 200
[22:40:39 INF] End processing HTTP request after 62.3669ms - 200
[22:40:39 INF] Start processing HTTP request GET https://www.wikidata.org/w/api.php?*
[22:40:39 INF] Sending HTTP request GET https://www.wikidata.org/w/api.php?*
[22:40:39 INF] Received HTTP response headers after 61.6973ms - 200
[22:40:39 INF] End processing HTTP request after 62.8631ms - 200
[22:40:39 INF] Start processing HTTP request GET https://www.wikidata.org/w/api.php?*
[22:40:39 INF] Sending HTTP request GET https://www.wikidata.org/w/api.php?*
[22:40:39 INF] Received HTTP response headers after 60.6892ms - 200
[22:40:39 INF] End processing HTTP request after 61.8778ms - 200
[22:40:39 INF] Start processing HTTP request GET https://www.wikidata.org/w/api.php?*
[22:40:39 INF] Sending HTTP request GET https://www.wikidata.org/w/api.php?*
[22:40:40 INF] Received HTTP response headers after 43.4742ms - 200
[22:40:40 INF] End processing HTTP request after 44.7317ms - 200
[22:40:40 INF] Start processing HTTP request GET https://www.wikidata.org/w/api.php?*
[22:40:40 INF] Sending HTTP request GET https://www.wikidata.org/w/api.php?*
[22:40:40 INF] Received HTTP response headers after 44.4525ms - 200
[22:40:40 INF] End processing HTTP request after 45.6899ms - 200
[22:40:40 INF] Start processing HTTP request GET https://www.wikidata.org/w/api.php?*
[22:40:40 INF] Sending HTTP request GET https://www.wikidata.org/w/api.php?*
[22:40:40 INF] Received HTTP response headers after 60.4431ms - 200
[22:40:40 INF] End processing HTTP request after 61.4423ms - 200
[22:40:40 INF] Start processing HTTP request GET https://www.wikidata.org/w/api.php?*
[22:40:40 INF] Sending HTTP request GET https://www.wikidata.org/w/api.php?*
[22:40:41 INF] Received HTTP response headers after 57.6778ms - 200
[22:40:41 INF] End processing HTTP request after 58.7082ms - 200
[22:40:41 INF] DeferredEnrichmentService started
[22:40:41 INF] Start processing HTTP request GET https://www.wikidata.org/w/api.php?*
[22:40:41 INF] Sending HTTP request GET https://www.wikidata.org/w/api.php?*
[22:40:41 INF] Received HTTP response headers after 68.4685ms - 200
[22:40:41 INF] End processing HTTP request after 69.4596ms - 200
[22:40:41 INF] Start processing HTTP request GET https://www.wikidata.org/w/api.php?*
[22:40:41 INF] Sending HTTP request GET https://www.wikidata.org/w/api.php?*
[22:40:41 INF] Received HTTP response headers after 72.3214ms - 200
[22:40:41 INF] End processing HTTP request after 73.7615ms - 200
[22:40:41 INF] Start processing HTTP request GET https://www.wikidata.org/w/api.php?*
[22:40:41 INF] Sending HTTP request GET https://www.wikidata.org/w/api.php?*
[22:40:42 INF] Received HTTP response headers after 71.4465ms - 200
[22:40:42 INF] End processing HTTP request after 72.4656ms - 200
[22:40:42 INF] Start processing HTTP request GET https://www.wikidata.org/w/api.php?*
[22:40:42 INF] Sending HTTP request GET https://www.wikidata.org/w/api.php?*
[22:40:42 INF] Received HTTP response headers after 64.8973ms - 200
[22:40:42 INF] End processing HTTP request after 65.7717ms - 200
[22:40:42 INF] Start processing HTTP request GET https://www.wikidata.org/w/api.php?*
[22:40:42 INF] Sending HTTP request GET https://www.wikidata.org/w/api.php?*
[22:40:42 INF] Received HTTP response headers after 67.1294ms - 200
[22:40:42 INF] End processing HTTP request after 68.4058ms - 200
[22:40:42 INF] Start processing HTTP request GET https://www.wikidata.org/w/api.php?*
[22:40:42 INF] Sending HTTP request GET https://www.wikidata.org/w/api.php?*
[22:40:43 INF] Received HTTP response headers after 61.733ms - 200
[22:40:43 INF] End processing HTTP request after 64.0177ms - 200
[22:40:43 INF] Start processing HTTP request GET https://www.wikidata.org/w/api.php?*
[22:40:43 INF] Sending HTTP request GET https://www.wikidata.org/w/api.php?*
[22:40:43 INF] Received HTTP response headers after 71.6073ms - 200
[22:40:43 INF] End processing HTTP request after 72.54ms - 200
[22:40:43 INF] Start processing HTTP request GET https://www.wikidata.org/w/api.php?*
[22:40:43 INF] Sending HTTP request GET https://www.wikidata.org/w/api.php?*
[22:40:43 INF] Received HTTP response headers after 51.7836ms - 200
[22:40:43 INF] End processing HTTP request after 52.8192ms - 200
[22:40:43 INF] Start processing HTTP request GET https://www.wikidata.org/w/api.php?*
[22:40:43 INF] Sending HTTP request GET https://www.wikidata.org/w/api.php?*
[22:40:44 INF] Received HTTP response headers after 92.1287ms - 200
[22:40:44 INF] End processing HTTP request after 93.3619ms - 200
[22:40:44 INF] Start processing HTTP request GET https://www.wikidata.org/w/api.php?*
[22:40:44 INF] Sending HTTP request GET https://www.wikidata.org/w/api.php?*
[22:40:44 INF] Received HTTP response headers after 67.8729ms - 200
[22:40:44 INF] End processing HTTP request after 68.788ms - 200
[22:40:44 INF] Start processing HTTP request GET https://www.wikidata.org/w/api.php?*
[22:40:44 INF] Sending HTTP request GET https://www.wikidata.org/w/api.php?*
[22:40:44 INF] Received HTTP response headers after 53.24ms - 200
[22:40:44 INF] End processing HTTP request after 55.5356ms - 200
[22:40:44 INF] Start processing HTTP request GET https://www.wikidata.org/w/api.php?*
[22:40:44 INF] Sending HTTP request GET https://www.wikidata.org/w/api.php?*
[22:40:45 INF] Received HTTP response headers after 51.3681ms - 200
[22:40:45 INF] End processing HTTP request after 52.6131ms - 200
[22:40:45 INF] Start processing HTTP request GET https://www.wikidata.org/w/api.php?*
[22:40:45 INF] Sending HTTP request GET https://www.wikidata.org/w/api.php?*
[22:40:45 INF] Received HTTP response headers after 61.7396ms - 200
[22:40:45 INF] End processing HTTP request after 62.5909ms - 200
[22:40:45 INF] Start processing HTTP request GET https://www.wikidata.org/w/api.php?*
[22:40:45 INF] Sending HTTP request GET https://www.wikidata.org/w/api.php?*
[22:40:45 INF] Received HTTP response headers after 63.3005ms - 200
[22:40:45 INF] End processing HTTP request after 64.4869ms - 200
[22:40:45 INF] Start processing HTTP request GET https://www.wikidata.org/w/api.php?*
[22:40:45 INF] Sending HTTP request GET https://www.wikidata.org/w/api.php?*
[22:40:46 INF] Received HTTP response headers after 53.3955ms - 200
[22:40:46 INF] End processing HTTP request after 54.4074ms - 200
[22:40:46 INF] ProviderHealthMonitor started — 4 providers tracked
[22:40:46 INF] ModelAutoDownloadService: dev_skip_download is enabled; skipping automatic AI model downloads
[22:40:46 INF] Start processing HTTP request GET https://www.wikidata.org/w/api.php?*
[22:40:46 INF] Sending HTTP request GET https://www.wikidata.org/w/api.php?*
[22:40:46 INF] Received HTTP response headers after 65.7196ms - 200
[22:40:46 INF] End processing HTTP request after 66.5452ms - 200
[22:40:46 INF] Start processing HTTP request GET https://www.wikidata.org/w/api.php?*
[22:40:46 INF] Sending HTTP request GET https://www.wikidata.org/w/api.php?*
[22:40:46 INF] Received HTTP response headers after 67.4801ms - 200
[22:40:46 INF] End processing HTTP request after 68.349ms - 200
[22:40:46 INF] Start processing HTTP request GET https://www.wikidata.org/w/api.php?*
[22:40:46 INF] Sending HTTP request GET https://www.wikidata.org/w/api.php?*
[22:40:47 INF] Received HTTP response headers after 63.3058ms - 200
[22:40:47 INF] End processing HTTP request after 64.0852ms - 200
[22:40:47 INF] Start processing HTTP request GET https://www.wikidata.org/w/api.php?*
[22:40:47 INF] Sending HTTP request GET https://www.wikidata.org/w/api.php?*
[22:40:47 INF] Received HTTP response headers after 84.376ms - 200
[22:40:47 INF] End processing HTTP request after 85.2151ms - 200
[22:40:47 INF] Start processing HTTP request GET https://www.wikidata.org/w/api.php?*
[22:40:47 INF] Sending HTTP request GET https://www.wikidata.org/w/api.php?*
[22:40:47 INF] Received HTTP response headers after 73.93ms - 200
[22:40:47 INF] End processing HTTP request after 75.1009ms - 200
[22:40:47 INF] Start processing HTTP request GET https://www.wikidata.org/w/api.php?*
[22:40:47 INF] Sending HTTP request GET https://www.wikidata.org/w/api.php?*
[22:40:48 INF] Received HTTP response headers after 67.5942ms - 200
[22:40:48 INF] End processing HTTP request after 68.489ms - 200
[22:40:48 INF] Start processing HTTP request GET https://www.wikidata.org/w/api.php?*
[22:40:48 INF] Sending HTTP request GET https://www.wikidata.org/w/api.php?*
[22:40:48 INF] Received HTTP response headers after 90.938ms - 200
[22:40:48 INF] End processing HTTP request after 92.2256ms - 200
[22:40:48 INF] Start processing HTTP request GET https://www.wikidata.org/w/api.php?*
[22:40:48 INF] Sending HTTP request GET https://www.wikidata.org/w/api.php?*
[22:40:48 INF] Received HTTP response headers after 48.7031ms - 200
[22:40:48 INF] End processing HTTP request after 49.608ms - 200
[22:40:48 INF] Start processing HTTP request GET https://www.wikidata.org/w/api.php?*
[22:40:48 INF] Sending HTTP request GET https://www.wikidata.org/w/api.php?*
[22:40:49 INF] Received HTTP response headers after 70.1473ms - 200
[22:40:49 INF] End processing HTTP request after 71.1438ms - 200
[22:40:49 INF] Start processing HTTP request GET https://www.wikidata.org/w/api.php?*
[22:40:49 INF] Sending HTTP request GET https://www.wikidata.org/w/api.php?*
[22:40:49 INF] Received HTTP response headers after 65.2191ms - 200
[22:40:49 INF] End processing HTTP request after 66.318ms - 200
[22:40:49 INF] Start processing HTTP request GET https://www.wikidata.org/w/api.php?*
[22:40:49 INF] Sending HTTP request GET https://www.wikidata.org/w/api.php?*
[22:40:49 INF] Received HTTP response headers after 60.4273ms - 200
[22:40:49 INF] End processing HTTP request after 62.5914ms - 200
[22:40:49 INF] Start processing HTTP request GET https://www.wikidata.org/w/api.php?*
[22:40:49 INF] Sending HTTP request GET https://www.wikidata.org/w/api.php?*
[22:40:50 INF] Received HTTP response headers after 57.6675ms - 200
[22:40:50 INF] End processing HTTP request after 58.4805ms - 200
[22:40:50 INF] Start processing HTTP request GET https://www.wikidata.org/w/api.php?*
[22:40:50 INF] Sending HTTP request GET https://www.wikidata.org/w/api.php?*
[22:40:50 INF] Received HTTP response headers after 58.7597ms - 200
[22:40:50 INF] End processing HTTP request after 59.7432ms - 200
[22:40:50 INF] Start processing HTTP request GET https://www.wikidata.org/w/api.php?*
[22:40:50 INF] Sending HTTP request GET https://www.wikidata.org/w/api.php?*
[22:40:50 INF] Received HTTP response headers after 64.9938ms - 200
[22:40:50 INF] End processing HTTP request after 65.8297ms - 200
[22:40:50 INF] Start processing HTTP request GET https://www.wikidata.org/w/api.php?*
[22:40:50 INF] Sending HTTP request GET https://www.wikidata.org/w/api.php?*
[22:40:51 INF] Received HTTP response headers after 57.0723ms - 200
[22:40:51 INF] End processing HTTP request after 57.8023ms - 200
[22:40:51 INF] Hardware profile cached: tier=low, backend=cuda, 0.0 tok/s (benchmarked 03/31/2026 21:35:03)
[22:40:51 INF] Start processing HTTP request GET https://www.wikidata.org/w/api.php?*
[22:40:51 INF] Sending HTTP request GET https://www.wikidata.org/w/api.php?*
[22:40:51 INF] Start processing HTTP request GET https://itunes.apple.com/search?*
[22:40:51 INF] Sending HTTP request GET https://itunes.apple.com/search?*
[22:40:51 INF] Received HTTP response headers after 140.3379ms - 200
[22:40:51 INF] End processing HTTP request after 143.8868ms - 200
[22:40:51 INF] Start processing HTTP request GET https://www.wikidata.org/w/api.php?*
[22:40:51 INF] Sending HTTP request GET https://www.wikidata.org/w/api.php?*
[22:40:51 INF] Received HTTP response headers after 65.6755ms - 200
[22:40:51 INF] End processing HTTP request after 66.4839ms - 200
[22:40:51 INF] Start processing HTTP request GET https://www.wikidata.org/w/api.php?*
[22:40:51 INF] Sending HTTP request GET https://www.wikidata.org/w/api.php?*
[22:40:52 INF] Received HTTP response headers after 63.5147ms - 200
[22:40:52 INF] End processing HTTP request after 64.3617ms - 200
[22:40:52 INF] Start processing HTTP request GET https://www.wikidata.org/w/api.php?*
[22:40:52 INF] Sending HTTP request GET https://www.wikidata.org/w/api.php?*
[22:40:52 INF] Received HTTP response headers after 1551.4254ms - 200
[22:40:52 INF] Execution attempt. Source: 'apple_api-standard//Standard-Retry', Operation Key: 'null', Result: '200', Handled: 'False', Attempt: '0', Execution Time: 1563.9738ms
[22:40:52 INF] End processing HTTP request after 1594.6997ms - 200
[22:40:52 INF] Received HTTP response headers after 645.9194ms - 200
[22:40:52 INF] End processing HTTP request after 647.0373ms - 200
[22:40:52 INF] Start processing HTTP request GET https://www.wikidata.org/w/api.php?*
[22:40:52 INF] Sending HTTP request GET https://www.wikidata.org/w/api.php?*
[22:40:52 INF] Music: Apple iTunes album search - best score 0.70 (album=1.00, artist=0.00) below strict album threshold for '-' / 'La Vie en rose'
[22:40:52 INF] Start processing HTTP request GET https://itunes.apple.com/search?*
[22:40:52 INF] Sending HTTP request GET https://itunes.apple.com/search?*
[22:40:52 INF] Received HTTP response headers after 5.2528ms - 200
[22:40:52 INF] Execution attempt. Source: 'apple_api-standard//Standard-Retry', Operation Key: 'null', Result: '200', Handled: 'False', Attempt: '0', Execution Time: 5.63ms
[22:40:52 INF] End processing HTTP request after 6.1812ms - 200
[22:40:52 INF] Music: Apple iTunes album search - best score 0.70 (album=1.00, artist=0.00) below strict album threshold for '-' / 'Interstellar'
[22:40:53 INF] Received HTTP response headers after 63.4966ms - 200
[22:40:53 INF] End processing HTTP request after 64.3388ms - 200
[22:40:53 INF] Start processing HTTP request GET https://www.wikidata.org/w/api.php?*
[22:40:53 INF] Sending HTTP request GET https://www.wikidata.org/w/api.php?*
[22:40:53 INF] Received HTTP response headers after 375.1499ms - 200
[22:40:53 INF] End processing HTTP request after 375.9073ms - 200
[22:40:53 INF] Start processing HTTP request GET https://www.wikidata.org/w/api.php?*
[22:40:53 INF] Sending HTTP request GET https://www.wikidata.org/w/api.php?*
[22:40:53 INF] Received HTTP response headers after 66.2562ms - 200
[22:40:53 INF] End processing HTTP request after 67.3416ms - 200
[22:40:54 INF] Start processing HTTP request GET https://www.wikidata.org/w/api.php?*
[22:40:54 INF] Sending HTTP request GET https://www.wikidata.org/w/api.php?*
[22:40:54 INF] Received HTTP response headers after 111.5459ms - 200
[22:40:54 INF] End processing HTTP request after 112.5657ms - 200
[22:40:54 INF] Start processing HTTP request GET https://www.wikidata.org/w/api.php?*
[22:40:54 INF] Sending HTTP request GET https://www.wikidata.org/w/api.php?*
[22:40:55 INF] Received HTTP response headers after 768.3803ms - 200
[22:40:55 INF] End processing HTTP request after 769.2038ms - 200
[22:40:55 INF] Start processing HTTP request GET https://www.wikidata.org/w/api.php?*
[22:40:55 INF] Sending HTTP request GET https://www.wikidata.org/w/api.php?*
[22:40:56 INF] Received HTTP response headers after 747.4642ms - 200
[22:40:56 INF] End processing HTTP request after 748.4059ms - 200
[22:40:56 INF] Start processing HTTP request GET https://www.wikidata.org/w/api.php?*
[22:40:56 INF] Sending HTTP request GET https://www.wikidata.org/w/api.php?*
[22:40:56 INF] Received HTTP response headers after 90.9638ms - 200
[22:40:56 INF] End processing HTTP request after 91.7539ms - 200
[22:40:56 INF] Start processing HTTP request GET https://www.wikidata.org/w/api.php?*
[22:40:56 INF] Sending HTTP request GET https://www.wikidata.org/w/api.php?*
[22:40:56 INF] Received HTTP response headers after 105.3373ms - 200
[22:40:56 INF] End processing HTTP request after 106.1827ms - 200
[22:40:56 INF] Start processing HTTP request GET https://www.wikidata.org/w/api.php?*
[22:40:56 INF] Sending HTTP request GET https://www.wikidata.org/w/api.php?*
[22:40:56 INF] Received HTTP response headers after 65.1836ms - 200
[22:40:56 INF] End processing HTTP request after 66.0827ms - 200
[22:40:57 INF] Start processing HTTP request GET https://www.wikidata.org/w/api.php?*
[22:40:57 INF] Sending HTTP request GET https://www.wikidata.org/w/api.php?*
[22:40:57 INF] Received HTTP response headers after 101.3729ms - 200
[22:40:57 INF] End processing HTTP request after 102.2867ms - 200
[22:40:57 INF] Start processing HTTP request GET https://www.wikidata.org/w/api.php?*
[22:40:57 INF] Sending HTTP request GET https://www.wikidata.org/w/api.php?*
[22:40:57 INF] Received HTTP response headers after 98.9272ms - 200
[22:40:57 INF] End processing HTTP request after 99.8484ms - 200
[22:40:57 INF] Start processing HTTP request GET https://www.wikidata.org/w/api.php?*
[22:40:57 INF] Sending HTTP request GET https://www.wikidata.org/w/api.php?*
[22:40:57 INF] Received HTTP response headers after 76.1922ms - 200
[22:40:57 INF] End processing HTTP request after 77.1946ms - 200
[22:40:58 INF] Start processing HTTP request GET https://www.wikidata.org/w/api.php?*
[22:40:58 INF] Sending HTTP request GET https://www.wikidata.org/w/api.php?*
[22:40:58 INF] Received HTTP response headers after 56.8139ms - 200
[22:40:58 INF] End processing HTTP request after 57.6635ms - 200
[22:40:58 INF] Start processing HTTP request GET https://www.wikidata.org/w/api.php?*
[22:40:58 INF] Sending HTTP request GET https://www.wikidata.org/w/api.php?*
[22:40:58 INF] Received HTTP response headers after 71.9141ms - 200
[22:40:58 INF] End processing HTTP request after 72.906ms - 200
[22:40:58 INF] Start processing HTTP request GET https://www.wikidata.org/w/api.php?*
[22:40:58 INF] Sending HTTP request GET https://www.wikidata.org/w/api.php?*
[22:40:58 INF] Received HTTP response headers after 92.3322ms - 200
[22:40:58 INF] End processing HTTP request after 93.7526ms - 200
[22:40:59 INF] Start processing HTTP request GET https://www.wikidata.org/w/api.php?*
[22:40:59 INF] Sending HTTP request GET https://www.wikidata.org/w/api.php?*
[22:40:59 INF] Received HTTP response headers after 66.8586ms - 200
[22:40:59 INF] End processing HTTP request after 67.7976ms - 200
[22:40:59 INF] Start processing HTTP request GET https://www.wikidata.org/w/api.php?*
[22:40:59 INF] Sending HTTP request GET https://www.wikidata.org/w/api.php?*
[22:40:59 INF] Received HTTP response headers after 78.9877ms - 200
[22:40:59 INF] End processing HTTP request after 79.9051ms - 200
[22:40:59 INF] Start processing HTTP request GET https://www.wikidata.org/w/api.php?*
[22:40:59 INF] Sending HTTP request GET https://www.wikidata.org/w/api.php?*
[22:40:59 INF] Received HTTP response headers after 86.7318ms - 200
[22:40:59 INF] End processing HTTP request after 87.9252ms - 200
[22:41:00 INF] Start processing HTTP request GET https://www.wikidata.org/w/api.php?*
[22:41:00 INF] Sending HTTP request GET https://www.wikidata.org/w/api.php?*
[22:41:00 INF] Received HTTP response headers after 53.0016ms - 200
[22:41:00 INF] End processing HTTP request after 53.9929ms - 200
[22:41:00 INF] Start processing HTTP request GET https://www.wikidata.org/w/api.php?*
[22:41:00 INF] Sending HTTP request GET https://www.wikidata.org/w/api.php?*
[22:41:00 INF] Received HTTP response headers after 57.2284ms - 200
[22:41:00 INF] End processing HTTP request after 58.3993ms - 200
[22:41:00 INF] Start processing HTTP request GET https://www.wikidata.org/w/api.php?*
[22:41:00 INF] Sending HTTP request GET https://www.wikidata.org/w/api.php?*
[22:41:00 INF] Received HTTP response headers after 67.1987ms - 200
[22:41:00 INF] End processing HTTP request after 68.1055ms - 200
[22:41:01 INF] Start processing HTTP request GET https://www.wikidata.org/w/api.php?*
[22:41:01 INF] Sending HTTP request GET https://www.wikidata.org/w/api.php?*
[22:41:01 INF] Received HTTP response headers after 91.866ms - 200
[22:41:01 INF] End processing HTTP request after 93.9986ms - 200
[22:41:01 INF] Start processing HTTP request GET https://www.wikidata.org/w/api.php?*
[22:41:01 INF] Sending HTTP request GET https://www.wikidata.org/w/api.php?*
[22:41:01 INF] Received HTTP response headers after 278.6151ms - 200
[22:41:01 INF] End processing HTTP request after 279.4808ms - 200
[22:41:01 INF] Start processing HTTP request GET https://www.wikidata.org/w/api.php?*
[22:41:01 INF] Sending HTTP request GET https://www.wikidata.org/w/api.php?*
[22:41:01 INF] Received HTTP response headers after 83.2878ms - 200
[22:41:01 INF] End processing HTTP request after 84.4182ms - 200
[22:41:02 INF] Start processing HTTP request GET https://www.wikidata.org/w/api.php?*
[22:41:02 INF] Sending HTTP request GET https://www.wikidata.org/w/api.php?*
[22:41:02 INF] Received HTTP response headers after 86.7234ms - 200
[22:41:02 INF] End processing HTTP request after 87.6103ms - 200
[22:41:02 INF] Start processing HTTP request GET https://www.wikidata.org/w/api.php?*
[22:41:02 INF] Sending HTTP request GET https://www.wikidata.org/w/api.php?*
[22:41:02 INF] Received HTTP response headers after 65.4326ms - 200
[22:41:02 INF] End processing HTTP request after 66.2786ms - 200
[22:41:02 INF] Start processing HTTP request GET https://www.wikidata.org/w/api.php?*
[22:41:02 INF] Sending HTTP request GET https://www.wikidata.org/w/api.php?*
[22:41:02 INF] Received HTTP response headers after 150.0971ms - 200
[22:41:03 INF] End processing HTTP request after 150.998ms - 200
[22:41:03 INF] Start processing HTTP request GET https://www.wikidata.org/w/api.php?*
[22:41:03 INF] Sending HTTP request GET https://www.wikidata.org/w/api.php?*
[22:41:03 INF] [HealthCheck] apple_api: HEALTHY (OK in 0.0s)
[22:41:03 INF] [HealthCheck] musicbrainz: HEALTHY (OK in 0.4s)
[22:41:03 INF] [HealthCheck] tmdb: HEALTHY (OK in 0.1s)
[22:41:03 INF] [HealthCheck] comicvine: HEALTHY (OK in 0.3s)
[22:41:03 INF] ╔══════════════════════════════════════════╗
[22:41:03 INF] ║   INTEGRATION TEST — Starting            ║
[22:41:03 INF] ║   Stage 1+2+3 (Full pipeline including Universe Enrichment)                           ║
[22:41:03 INF] ║   Active types: audiobooks, books, comics, movies, music, tv                  ║
[22:41:03 INF] ╚══════════════════════════════════════════╝
[22:41:03 INF] [Preflight] Expected outcomes: 111 files; 103 should identify (15 exact QID, 88 QID optional); 8 expected review; 0 known no-QID
[22:41:03 INF] [Phase 1] Wiping harness state (Full)...
[22:41:03 INF] IngestionEngine: FSW paused (watcher stopped, event buffer cleared).
[22:41:03 INF] [HarnessReset] Ingestion engine FSW paused
[22:41:03 INF] Received HTTP response headers after 77.5477ms - 200
[22:41:03 INF] End processing HTTP request after 78.3199ms - 200
[22:41:03 INF] Start processing HTTP request GET https://www.wikidata.org/w/api.php?*
[22:41:03 INF] Sending HTTP request GET https://www.wikidata.org/w/api.php?*
[22:41:03 INF] Received HTTP response headers after 104.1011ms - 200
[22:41:03 INF] End processing HTTP request after 105.0379ms - 200
[22:41:03 INF] Start processing HTTP request GET https://www.wikidata.org/w/api.php?*
[22:41:03 INF] Sending HTTP request GET https://www.wikidata.org/w/api.php?*
[22:41:03 INF] Received HTTP response headers after 99.0721ms - 200
[22:41:03 INF] End processing HTTP request after 100.0688ms - 200
[22:41:04 INF] Start processing HTTP request GET https://www.wikidata.org/w/api.php?*
[22:41:04 INF] Sending HTTP request GET https://www.wikidata.org/w/api.php?*
[22:41:04 INF] Received HTTP response headers after 103.6255ms - 200
[22:41:04 INF] End processing HTTP request after 104.4598ms - 200
[22:41:04 INF] Start processing HTTP request GET https://www.wikidata.org/w/api.php?*
[22:41:04 INF] Sending HTTP request GET https://www.wikidata.org/w/api.php?*
[22:41:04 INF] Received HTTP response headers after 86.1015ms - 200
[22:41:04 INF] End processing HTTP request after 86.9709ms - 200
[22:41:04 INF] Start processing HTTP request GET https://www.wikidata.org/w/api.php?*
[22:41:04 INF] Sending HTTP request GET https://www.wikidata.org/w/api.php?*
[22:41:04 INF] Received HTTP response headers after 118.6328ms - 200
[22:41:04 INF] End processing HTTP request after 119.3821ms - 200
[22:41:05 INF] Start processing HTTP request GET https://www.wikidata.org/w/api.php?*
[22:41:05 INF] Sending HTTP request GET https://www.wikidata.org/w/api.php?*
[22:41:05 INF] Received HTTP response headers after 263.6465ms - 200
[22:41:05 INF] End processing HTTP request after 264.602ms - 200
[22:41:05 INF] Start processing HTTP request GET https://www.wikidata.org/w/api.php?*
[22:41:05 INF] Sending HTTP request GET https://www.wikidata.org/w/api.php?*
[22:41:05 INF] Received HTTP response headers after 146.8868ms - 200
[22:41:05 INF] End processing HTTP request after 147.9044ms - 200
[22:41:05 INF] Start processing HTTP request GET https://www.wikidata.org/w/api.php?*
[22:41:05 INF] Sending HTTP request GET https://www.wikidata.org/w/api.php?*
[22:41:05 INF] Received HTTP response headers after 62.1507ms - 200
[22:41:05 INF] End processing HTTP request after 63.1225ms - 200
[22:41:06 INF] Start processing HTTP request GET https://www.wikidata.org/w/api.php?*
[22:41:06 INF] Sending HTTP request GET https://www.wikidata.org/w/api.php?*
[22:41:06 INF] Received HTTP response headers after 92.0719ms - 200
[22:41:06 INF] End processing HTTP request after 93.2359ms - 200
[22:41:06 INF] Next activity prune at 07/27/2026 03:00:00 -05:00
[22:41:06 INF] Start processing HTTP request GET https://www.wikidata.org/w/api.php?*
[22:41:06 INF] Sending HTTP request GET https://www.wikidata.org/w/api.php?*
[22:41:06 INF] Received HTTP response headers after 84.9992ms - 200
[22:41:06 INF] End processing HTTP request after 86.4584ms - 200
[22:41:06 INF] Start processing HTTP request GET https://www.wikidata.org/w/api.php?*
[22:41:06 INF] Sending HTTP request GET https://www.wikidata.org/w/api.php?*
[22:41:06 INF] Received HTTP response headers after 141.5567ms - 200
[22:41:06 INF] End processing HTTP request after 142.6777ms - 200
[22:41:07 INF] Start processing HTTP request GET https://www.wikidata.org/w/api.php?*
[22:41:07 INF] Sending HTTP request GET https://www.wikidata.org/w/api.php?*
[22:41:07 INF] Received HTTP response headers after 74.7757ms - 200
[22:41:07 INF] End processing HTTP request after 75.5321ms - 200
[22:41:07 INF] Start processing HTTP request GET https://www.wikidata.org/w/api.php?*
[22:41:07 INF] Sending HTTP request GET https://www.wikidata.org/w/api.php?*
[22:41:07 INF] Received HTTP response headers after 63.6692ms - 200
[22:41:07 INF] End processing HTTP request after 64.6725ms - 200
[22:41:07 INF] Start processing HTTP request GET https://www.wikidata.org/w/api.php?*
[22:41:07 INF] Sending HTTP request GET https://www.wikidata.org/w/api.php?*
[22:41:07 INF] Received HTTP response headers after 92.5003ms - 200
[22:41:07 INF] End processing HTTP request after 93.3655ms - 200
[22:41:08 INF] Start processing HTTP request GET https://www.wikidata.org/w/api.php?*
[22:41:08 INF] Sending HTTP request GET https://www.wikidata.org/w/api.php?*
[22:41:08 INF] Received HTTP response headers after 52.5414ms - 200
[22:41:08 INF] End processing HTTP request after 53.5006ms - 200
[22:41:08 INF] Start processing HTTP request GET https://www.wikidata.org/w/api.php?*
[22:41:08 INF] Sending HTTP request GET https://www.wikidata.org/w/api.php?*
[22:41:08 INF] Received HTTP response headers after 59.2767ms - 200
[22:41:08 INF] End processing HTTP request after 60.1657ms - 200
[22:41:08 INF] Start processing HTTP request GET https://www.wikidata.org/w/api.php?*
[22:41:08 INF] Sending HTTP request GET https://www.wikidata.org/w/api.php?*
[22:41:08 INF] Received HTTP response headers after 49.8025ms - 200
[22:41:08 INF] End processing HTTP request after 50.5629ms - 200
[22:41:09 INF] Start processing HTTP request GET https://www.wikidata.org/w/api.php?*
[22:41:09 INF] Sending HTTP request GET https://www.wikidata.org/w/api.php?*
[22:41:09 INF] Received HTTP response headers after 59.4634ms - 200
[22:41:09 INF] End processing HTTP request after 61.2203ms - 200
[22:41:09 INF] Start processing HTTP request GET https://www.wikidata.org/w/api.php?*
[22:41:09 INF] Sending HTTP request GET https://www.wikidata.org/w/api.php?*
[22:41:09 INF] Received HTTP response headers after 76.8713ms - 200
[22:41:09 INF] End processing HTTP request after 78.0409ms - 200
[22:41:09 INF] Start processing HTTP request GET https://www.wikidata.org/w/api.php?*
[22:41:09 INF] Sending HTTP request GET https://www.wikidata.org/w/api.php?*
[22:41:09 INF] Received HTTP response headers after 85.0621ms - 200
[22:41:09 INF] End processing HTTP request after 85.8957ms - 200
[22:41:10 INF] Start processing HTTP request GET https://www.wikidata.org/w/api.php?*
[22:41:10 INF] Sending HTTP request GET https://www.wikidata.org/w/api.php?*
[22:41:10 INF] Received HTTP response headers after 64.4696ms - 200
[22:41:10 INF] End processing HTTP request after 65.4416ms - 200
[22:41:10 INF] Start processing HTTP request GET https://www.wikidata.org/w/api.php?*
[22:41:10 INF] Sending HTTP request GET https://www.wikidata.org/w/api.php?*
[22:41:10 INF] Received HTTP response headers after 46.4704ms - 200
[22:41:10 INF] End processing HTTP request after 47.2691ms - 200
[22:41:10 INF] Start processing HTTP request GET https://www.wikidata.org/w/api.php?*
[22:41:10 INF] Sending HTTP request GET https://www.wikidata.org/w/api.php?*
[22:41:10 INF] Received HTTP response headers after 76.9297ms - 200
[22:41:10 INF] End processing HTTP request after 77.76ms - 200
[22:41:11 INF] Start processing HTTP request GET https://www.wikidata.org/w/api.php?*
[22:41:11 INF] Sending HTTP request GET https://www.wikidata.org/w/api.php?*
[22:41:11 INF] Received HTTP response headers after 68.2726ms - 200
[22:41:11 INF] End processing HTTP request after 69.1323ms - 200
[22:41:11 INF] Start processing HTTP request GET https://www.wikidata.org/w/api.php?*
[22:41:11 INF] Sending HTTP request GET https://www.wikidata.org/w/api.php?*
[22:41:11 INF] Received HTTP response headers after 76.0854ms - 200
[22:41:11 INF] End processing HTTP request after 77.3633ms - 200
[22:41:11 INF] Start processing HTTP request GET https://www.wikidata.org/w/api.php?*
[22:41:11 INF] Sending HTTP request GET https://www.wikidata.org/w/api.php?*
[22:41:11 INF] Received HTTP response headers after 96.7135ms - 200
[22:41:11 INF] End processing HTTP request after 97.5582ms - 200
[22:41:12 INF] Start processing HTTP request GET https://www.wikidata.org/w/api.php?*
[22:41:12 INF] Sending HTTP request GET https://www.wikidata.org/w/api.php?*
[22:41:12 INF] Received HTTP response headers after 59.3766ms - 200
[22:41:12 INF] End processing HTTP request after 60.4209ms - 200
[22:41:12 INF] Start processing HTTP request GET https://www.wikidata.org/w/api.php?*
[22:41:12 INF] Sending HTTP request GET https://www.wikidata.org/w/api.php?*
[22:41:12 INF] Received HTTP response headers after 131.2451ms - 200
[22:41:12 INF] End processing HTTP request after 132.4738ms - 200
[22:41:12 INF] Start processing HTTP request GET https://www.wikidata.org/w/api.php?*
[22:41:12 INF] Sending HTTP request GET https://www.wikidata.org/w/api.php?*
[22:41:13 INF] Received HTTP response headers after 213.9123ms - 200
[22:41:13 INF] End processing HTTP request after 214.682ms - 200
[22:41:13 INF] Start processing HTTP request GET https://www.wikidata.org/w/api.php?*
[22:41:13 INF] Sending HTTP request GET https://www.wikidata.org/w/api.php?*
[22:41:13 INF] Received HTTP response headers after 92.2592ms - 200
[22:41:13 INF] End processing HTTP request after 93.0598ms - 200
[22:41:13 INF] Start processing HTTP request GET https://www.wikidata.org/w/api.php?*
[22:41:13 INF] Sending HTTP request GET https://www.wikidata.org/w/api.php?*
[22:41:13 INF] Received HTTP response headers after 66.7289ms - 200
[22:41:13 INF] End processing HTTP request after 67.5593ms - 200
[22:41:13 INF] Start processing HTTP request GET https://www.wikidata.org/w/api.php?*
[22:41:13 INF] Sending HTTP request GET https://www.wikidata.org/w/api.php?*
[22:41:13 INF] Received HTTP response headers after 52.7537ms - 200
[22:41:13 INF] End processing HTTP request after 53.7416ms - 200
[22:41:14 INF] Start processing HTTP request GET https://www.wikidata.org/w/api.php?*
[22:41:14 INF] Sending HTTP request GET https://www.wikidata.org/w/api.php?*
[22:41:14 INF] Received HTTP response headers after 83.1428ms - 200
[22:41:14 INF] End processing HTTP request after 83.9306ms - 200
[22:41:14 INF] Start processing HTTP request GET https://www.wikidata.org/w/api.php?*
[22:41:14 INF] Sending HTTP request GET https://www.wikidata.org/w/api.php?*
[22:41:14 INF] Received HTTP response headers after 97.5692ms - 200
[22:41:14 INF] End processing HTTP request after 98.4246ms - 200
[22:41:14 INF] Start processing HTTP request GET https://www.wikidata.org/w/api.php?*
[22:41:14 INF] Sending HTTP request GET https://www.wikidata.org/w/api.php?*
[22:41:14 INF] Received HTTP response headers after 143.4639ms - 200
[22:41:14 INF] End processing HTTP request after 144.2776ms - 200
[22:41:15 INF] Start processing HTTP request GET https://www.wikidata.org/w/api.php?*
[22:41:15 INF] Sending HTTP request GET https://www.wikidata.org/w/api.php?*
[22:41:15 INF] Received HTTP response headers after 98.8951ms - 200
[22:41:15 INF] End processing HTTP request after 99.8382ms - 200
[22:41:15 INF] Start processing HTTP request GET https://www.wikidata.org/w/api.php?*
[22:41:15 INF] Sending HTTP request GET https://www.wikidata.org/w/api.php?*
[22:41:15 INF] Received HTTP response headers after 104.7084ms - 200
[22:41:15 INF] End processing HTTP request after 105.9208ms - 200
[22:41:15 INF] Start processing HTTP request GET https://www.wikidata.org/w/api.php?*
[22:41:15 INF] Sending HTTP request GET https://www.wikidata.org/w/api.php?*
[22:41:15 INF] Received HTTP response headers after 90.2474ms - 200
[22:41:15 INF] End processing HTTP request after 91.1988ms - 200
[22:41:16 INF] Start processing HTTP request GET https://www.wikidata.org/w/api.php?*
[22:41:16 INF] Sending HTTP request GET https://www.wikidata.org/w/api.php?*
[22:41:16 INF] Received HTTP response headers after 217.1345ms - 200
[22:41:16 INF] End processing HTTP request after 218.0307ms - 200
[22:41:16 INF] Start processing HTTP request GET https://www.wikidata.org/w/api.php?*
[22:41:16 INF] Sending HTTP request GET https://www.wikidata.org/w/api.php?*
[22:41:16 INF] Received HTTP response headers after 238.0956ms - 200
[22:41:16 INF] End processing HTTP request after 238.8997ms - 200
[22:41:16 INF] Start processing HTTP request GET https://www.wikidata.org/w/api.php?*
[22:41:16 INF] Sending HTTP request GET https://www.wikidata.org/w/api.php?*
[22:41:16 INF] Received HTTP response headers after 62.7415ms - 200
[22:41:16 INF] End processing HTTP request after 63.8224ms - 200
[22:41:17 INF] Start processing HTTP request GET https://www.wikidata.org/w/api.php?*
[22:41:17 INF] Sending HTTP request GET https://www.wikidata.org/w/api.php?*
[22:41:17 INF] Received HTTP response headers after 57.7453ms - 200
[22:41:17 INF] End processing HTTP request after 58.6496ms - 200
[22:41:17 INF] Start processing HTTP request GET https://www.wikidata.org/w/api.php?*
[22:41:17 INF] Sending HTTP request GET https://www.wikidata.org/w/api.php?*
[22:41:17 INF] Received HTTP response headers after 60.8971ms - 200
[22:41:17 INF] End processing HTTP request after 61.7381ms - 200
[22:41:17 INF] Start processing HTTP request GET https://www.wikidata.org/w/api.php?*
[22:41:17 INF] Sending HTTP request GET https://www.wikidata.org/w/api.php?*
[22:41:17 INF] Received HTTP response headers after 95.8681ms - 200
[22:41:17 INF] End processing HTTP request after 96.8403ms - 200
[22:41:18 INF] Start processing HTTP request GET https://www.wikidata.org/w/api.php?*
[22:41:18 INF] Sending HTTP request GET https://www.wikidata.org/w/api.php?*
[22:41:18 INF] Received HTTP response headers after 74.4396ms - 200
[22:41:18 INF] End processing HTTP request after 75.4927ms - 200
[22:41:18 INF] Start processing HTTP request GET https://www.wikidata.org/w/api.php?*
[22:41:18 INF] Sending HTTP request GET https://www.wikidata.org/w/api.php?*
[22:41:18 INF] Received HTTP response headers after 176.1334ms - 200
[22:41:18 INF] End processing HTTP request after 177.1617ms - 200
[22:41:18 INF] Start processing HTTP request GET https://www.wikidata.org/w/api.php?*
[22:41:18 INF] Sending HTTP request GET https://www.wikidata.org/w/api.php?*
[22:41:18 INF] Received HTTP response headers after 82.4099ms - 200
[22:41:18 INF] End processing HTTP request after 84.0835ms - 200
[22:41:19 INF] Start processing HTTP request GET https://www.wikidata.org/w/api.php?*
[22:41:19 INF] Sending HTTP request GET https://www.wikidata.org/w/api.php?*
[22:41:19 INF] Received HTTP response headers after 52.2146ms - 200
[22:41:19 INF] End processing HTTP request after 53.1047ms - 200
[22:41:19 INF] Start processing HTTP request GET https://www.wikidata.org/w/api.php?*
[22:41:19 INF] Sending HTTP request GET https://www.wikidata.org/w/api.php?*
[22:41:19 INF] Received HTTP response headers after 156.132ms - 200
[22:41:19 INF] End processing HTTP request after 157.1544ms - 200
[22:41:19 INF] Start processing HTTP request GET https://www.wikidata.org/w/api.php?*
[22:41:19 INF] Sending HTTP request GET https://www.wikidata.org/w/api.php?*
[22:41:19 INF] Received HTTP response headers after 91.1288ms - 200
[22:41:19 INF] End processing HTTP request after 92.1768ms - 200
[22:41:20 INF] Start processing HTTP request GET https://www.wikidata.org/w/api.php?*
[22:41:20 INF] Sending HTTP request GET https://www.wikidata.org/w/api.php?*
[22:41:20 INF] Received HTTP response headers after 247.0902ms - 200
[22:41:20 INF] End processing HTTP request after 248.3036ms - 200
[22:41:20 INF] Start processing HTTP request GET https://www.wikidata.org/w/api.php?*
[22:41:20 INF] Sending HTTP request GET https://www.wikidata.org/w/api.php?*
[22:41:20 INF] Received HTTP response headers after 90.1552ms - 200
[22:41:20 INF] End processing HTTP request after 90.9431ms - 200
[22:41:20 INF] Start processing HTTP request GET https://www.wikidata.org/w/api.php?*
[22:41:20 INF] Sending HTTP request GET https://www.wikidata.org/w/api.php?*
[22:41:20 INF] Received HTTP response headers after 111.8644ms - 200
[22:41:20 INF] End processing HTTP request after 112.7019ms - 200
[22:41:21 INF] Start processing HTTP request GET https://www.wikidata.org/w/api.php?*
[22:41:21 INF] Sending HTTP request GET https://www.wikidata.org/w/api.php?*
[22:41:21 INF] Next rejected-file cleanup at 07/27/2026 04:00:00 -05:00
[22:41:21 INF] Received HTTP response headers after 118.9027ms - 200
[22:41:21 INF] End processing HTTP request after 119.7146ms - 200
[22:41:21 INF] Start processing HTTP request GET https://www.wikidata.org/w/api.php?*
[22:41:21 INF] Sending HTTP request GET https://www.wikidata.org/w/api.php?*
[22:41:21 INF] Received HTTP response headers after 138.9282ms - 200
[22:41:21 INF] End processing HTTP request after 140.5273ms - 200
[22:41:21 INF] Start processing HTTP request GET https://www.wikidata.org/w/api.php?*
[22:41:21 INF] Sending HTTP request GET https://www.wikidata.org/w/api.php?*
[22:41:21 INF] Received HTTP response headers after 96.1897ms - 200
[22:41:21 INF] End processing HTTP request after 97.0992ms - 200
[22:41:22 INF] Start processing HTTP request GET https://www.wikidata.org/w/api.php?*
[22:41:22 INF] Sending HTTP request GET https://www.wikidata.org/w/api.php?*
[22:41:22 INF] Received HTTP response headers after 69.6381ms - 200
[22:41:22 INF] End processing HTTP request after 70.6902ms - 200
[22:41:22 INF] Start processing HTTP request GET https://www.wikidata.org/w/api.php?*
[22:41:22 INF] Sending HTTP request GET https://www.wikidata.org/w/api.php?*
[22:41:22 INF] Received HTTP response headers after 76.7518ms - 200
[22:41:22 INF] End processing HTTP request after 78.7382ms - 200
[22:41:22 INF] Start processing HTTP request GET https://www.wikidata.org/w/api.php?*
[22:41:22 INF] Sending HTTP request GET https://www.wikidata.org/w/api.php?*
[22:41:22 INF] Received HTTP response headers after 45.6731ms - 200
[22:41:22 INF] End processing HTTP request after 47.1191ms - 200
[22:41:23 INF] Start processing HTTP request GET https://www.wikidata.org/w/api.php?*
[22:41:23 INF] Sending HTTP request GET https://www.wikidata.org/w/api.php?*
[22:41:23 INF] Received HTTP response headers after 66.018ms - 200
[22:41:23 INF] End processing HTTP request after 67.4236ms - 200
[22:41:23 INF] Start processing HTTP request GET https://www.wikidata.org/w/api.php?*
[22:41:23 INF] Sending HTTP request GET https://www.wikidata.org/w/api.php?*
[22:41:23 INF] Received HTTP response headers after 62.7468ms - 200
[22:41:23 INF] End processing HTTP request after 63.7346ms - 200
[22:41:23 INF] Start processing HTTP request GET https://www.wikidata.org/w/api.php?*
[22:41:23 INF] Sending HTTP request GET https://www.wikidata.org/w/api.php?*
[22:41:23 INF] Received HTTP response headers after 69.1812ms - 200
[22:41:23 INF] End processing HTTP request after 69.945ms - 200
[22:41:24 INF] Start processing HTTP request GET https://www.wikidata.org/w/api.php?*
[22:41:24 INF] Sending HTTP request GET https://www.wikidata.org/w/api.php?*
[22:41:24 INF] Received HTTP response headers after 111.9919ms - 200
[22:41:24 INF] End processing HTTP request after 112.9271ms - 200
[22:41:24 INF] Start processing HTTP request GET https://www.wikidata.org/w/api.php?*
[22:41:24 INF] Sending HTTP request GET https://www.wikidata.org/w/api.php?*
[22:41:24 INF] Received HTTP response headers after 71.6764ms - 200
[22:41:24 INF] End processing HTTP request after 72.8286ms - 200
[22:41:24 INF] Start processing HTTP request GET https://www.wikidata.org/w/api.php?*
[22:41:24 INF] Sending HTTP request GET https://www.wikidata.org/w/api.php?*
[22:41:24 INF] Received HTTP response headers after 44.962ms - 200
[22:41:24 INF] End processing HTTP request after 45.8118ms - 200
[22:41:25 INF] Start processing HTTP request GET https://www.wikidata.org/w/api.php?*
[22:41:25 INF] Sending HTTP request GET https://www.wikidata.org/w/api.php?*
[22:41:25 INF] Received HTTP response headers after 81.0733ms - 200
[22:41:25 INF] End processing HTTP request after 81.8687ms - 200
[22:41:25 INF] Start processing HTTP request GET https://www.wikidata.org/w/api.php?*
[22:41:25 INF] Sending HTTP request GET https://www.wikidata.org/w/api.php?*
[22:41:25 INF] Received HTTP response headers after 58.7424ms - 200
[22:41:25 INF] End processing HTTP request after 59.9788ms - 200
[22:41:25 INF] Start processing HTTP request GET https://www.wikidata.org/w/api.php?*
[22:41:25 INF] Sending HTTP request GET https://www.wikidata.org/w/api.php?*
[22:41:25 INF] Received HTTP response headers after 50.4902ms - 200
[22:41:25 INF] End processing HTTP request after 51.5188ms - 200
[22:41:26 INF] Start processing HTTP request GET https://www.wikidata.org/w/api.php?*
[22:41:26 INF] Sending HTTP request GET https://www.wikidata.org/w/api.php?*
[22:41:26 INF] Received HTTP response headers after 84.5465ms - 200
[22:41:26 INF] End processing HTTP request after 85.3716ms - 200
[22:41:26 INF] Start processing HTTP request GET https://www.wikidata.org/w/api.php?*
[22:41:26 INF] Sending HTTP request GET https://www.wikidata.org/w/api.php?*
[22:41:26 INF] Received HTTP response headers after 62.3306ms - 200
[22:41:26 INF] End processing HTTP request after 63.2976ms - 200
[22:41:26 INF] Start processing HTTP request GET https://www.wikidata.org/w/api.php?*
[22:41:26 INF] Sending HTTP request GET https://www.wikidata.org/w/api.php?*
[22:41:26 INF] Received HTTP response headers after 59.8525ms - 200
[22:41:26 INF] End processing HTTP request after 60.8018ms - 200
[22:41:27 INF] Start processing HTTP request GET https://www.wikidata.org/w/api.php?*
[22:41:27 INF] Sending HTTP request GET https://www.wikidata.org/w/api.php?*
[22:41:27 INF] Received HTTP response headers after 78.581ms - 200
[22:41:27 INF] End processing HTTP request after 79.5953ms - 200
[22:41:27 INF] Start processing HTTP request GET https://www.wikidata.org/w/api.php?*
[22:41:27 INF] Sending HTTP request GET https://www.wikidata.org/w/api.php?*
[22:41:27 INF] Received HTTP response headers after 104.5961ms - 200
[22:41:27 INF] End processing HTTP request after 105.4853ms - 200
[22:41:27 INF] Start processing HTTP request GET https://www.wikidata.org/w/api.php?*
[22:41:27 INF] Sending HTTP request GET https://www.wikidata.org/w/api.php?*
[22:41:27 INF] Received HTTP response headers after 117.2925ms - 200
[22:41:27 INF] End processing HTTP request after 118.3857ms - 200
[22:41:28 INF] Start processing HTTP request GET https://www.wikidata.org/w/api.php?*
[22:41:28 INF] Sending HTTP request GET https://www.wikidata.org/w/api.php?*
[22:41:28 INF] Received HTTP response headers after 95.6206ms - 200
[22:41:28 INF] End processing HTTP request after 96.5096ms - 200
[22:41:28 INF] Start processing HTTP request GET https://www.wikidata.org/w/api.php?*
[22:41:28 INF] Sending HTTP request GET https://www.wikidata.org/w/api.php?*
[22:41:28 INF] Received HTTP response headers after 119.363ms - 200
[22:41:28 INF] End processing HTTP request after 120.1849ms - 200
[22:41:28 INF] Start processing HTTP request GET https://www.wikidata.org/w/api.php?*
[22:41:28 INF] Sending HTTP request GET https://www.wikidata.org/w/api.php?*
[22:41:28 INF] Received HTTP response headers after 107.0938ms - 200
[22:41:28 INF] End processing HTTP request after 107.9166ms - 200
[22:41:29 INF] Start processing HTTP request GET https://www.wikidata.org/w/api.php?*
[22:41:29 INF] Sending HTTP request GET https://www.wikidata.org/w/api.php?*
[22:41:29 INF] Received HTTP response headers after 228.2644ms - 200
[22:41:29 INF] End processing HTTP request after 229.4562ms - 200
[22:41:29 INF] Start processing HTTP request GET https://www.wikidata.org/w/api.php?*
[22:41:29 INF] Sending HTTP request GET https://www.wikidata.org/w/api.php?*
[22:41:29 INF] Received HTTP response headers after 79.7184ms - 200
[22:41:29 INF] End processing HTTP request after 80.5698ms - 200
[22:41:29 INF] Start processing HTTP request GET https://www.wikidata.org/w/api.php?*
[22:41:29 INF] Sending HTTP request GET https://www.wikidata.org/w/api.php?*
[22:41:29 INF] Received HTTP response headers after 95.386ms - 200
[22:41:29 INF] End processing HTTP request after 96.3474ms - 200
[22:41:30 INF] Start processing HTTP request GET https://www.wikidata.org/w/api.php?*
[22:41:30 INF] Sending HTTP request GET https://www.wikidata.org/w/api.php?*
[22:41:30 INF] Received HTTP response headers after 104.1866ms - 200
[22:41:30 INF] End processing HTTP request after 105.1258ms - 200
[22:41:30 INF] Start processing HTTP request GET https://www.wikidata.org/w/api.php?*
[22:41:30 INF] Sending HTTP request GET https://www.wikidata.org/w/api.php?*
[22:41:30 INF] Received HTTP response headers after 49.0754ms - 200
[22:41:30 INF] End processing HTTP request after 49.9802ms - 200
[22:41:30 INF] Start processing HTTP request GET https://www.wikidata.org/w/api.php?*
[22:41:30 INF] Sending HTTP request GET https://www.wikidata.org/w/api.php?*
[22:41:30 INF] Received HTTP response headers after 80.6793ms - 200
[22:41:30 INF] End processing HTTP request after 81.7163ms - 200
[22:41:31 INF] Start processing HTTP request GET https://www.wikidata.org/w/api.php?*
[22:41:31 INF] Sending HTTP request GET https://www.wikidata.org/w/api.php?*
[22:41:31 INF] Received HTTP response headers after 98.7025ms - 200
[22:41:31 INF] End processing HTTP request after 99.496ms - 200
[22:41:31 INF] Start processing HTTP request GET https://www.wikidata.org/w/api.php?*
[22:41:31 INF] Sending HTTP request GET https://www.wikidata.org/w/api.php?*
[22:41:31 INF] Received HTTP response headers after 114.3724ms - 200
[22:41:31 INF] End processing HTTP request after 115.4463ms - 200
[22:41:31 INF] Start processing HTTP request GET https://www.wikidata.org/w/api.php?*
[22:41:31 INF] Sending HTTP request GET https://www.wikidata.org/w/api.php?*
[22:41:31 INF] Received HTTP response headers after 47.0013ms - 200
[22:41:31 INF] End processing HTTP request after 48.1364ms - 200
[22:41:32 INF] Start processing HTTP request GET https://www.wikidata.org/w/api.php?*
[22:41:32 INF] Sending HTTP request GET https://www.wikidata.org/w/api.php?*
[22:41:32 INF] Received HTTP response headers after 74.6335ms - 200
[22:41:32 INF] End processing HTTP request after 75.4942ms - 200
[22:41:32 INF] Start processing HTTP request GET https://www.wikidata.org/w/api.php?*
[22:41:32 INF] Sending HTTP request GET https://www.wikidata.org/w/api.php?*
[22:41:32 INF] Received HTTP response headers after 91.9325ms - 200
[22:41:32 INF] End processing HTTP request after 92.8914ms - 200
[22:41:32 INF] Start processing HTTP request GET https://www.wikidata.org/w/api.php?*
[22:41:32 INF] Sending HTTP request GET https://www.wikidata.org/w/api.php?*
[22:41:32 INF] Received HTTP response headers after 105.6919ms - 200
[22:41:32 INF] End processing HTTP request after 107.0303ms - 200
[22:41:33 INF] Start processing HTTP request GET https://www.wikidata.org/w/api.php?*
[22:41:33 INF] Sending HTTP request GET https://www.wikidata.org/w/api.php?*
[22:41:33 INF] Received HTTP response headers after 115.1682ms - 200
[22:41:33 INF] End processing HTTP request after 115.9973ms - 200
[22:41:33 INF] Start processing HTTP request GET https://www.wikidata.org/w/api.php?*
[22:41:33 INF] Sending HTTP request GET https://www.wikidata.org/w/api.php?*
[22:41:33 INF] Received HTTP response headers after 77.0172ms - 200
[22:41:33 INF] End processing HTTP request after 78.0269ms - 200
[22:41:33 INF] Start processing HTTP request GET https://www.wikidata.org/w/api.php?*
[22:41:33 INF] Sending HTTP request GET https://www.wikidata.org/w/api.php?*
[22:41:33 INF] Received HTTP response headers after 77.0548ms - 200
[22:41:33 INF] End processing HTTP request after 78.2445ms - 200
[22:41:34 INF] Start processing HTTP request GET https://www.wikidata.org/w/api.php?*
[22:41:34 INF] Sending HTTP request GET https://www.wikidata.org/w/api.php?*
[22:41:34 INF] Received HTTP response headers after 83.8664ms - 200
[22:41:34 INF] End processing HTTP request after 84.8383ms - 200
[22:41:34 INF] Start processing HTTP request GET https://www.wikidata.org/w/api.php?*
[22:41:34 INF] Sending HTTP request GET https://www.wikidata.org/w/api.php?*
[22:41:34 INF] Received HTTP response headers after 193.014ms - 200
[22:41:34 INF] End processing HTTP request after 193.9245ms - 200
[22:41:34 INF] Start processing HTTP request GET https://www.wikidata.org/w/api.php?*
[22:41:34 INF] Sending HTTP request GET https://www.wikidata.org/w/api.php?*
[22:41:34 INF] Received HTTP response headers after 127.1073ms - 200
[22:41:34 INF] End processing HTTP request after 128.1005ms - 200
[22:41:35 INF] Start processing HTTP request GET https://www.wikidata.org/w/api.php?*
[22:41:35 INF] Sending HTTP request GET https://www.wikidata.org/w/api.php?*
[22:41:35 INF] Received HTTP response headers after 72.1316ms - 200
[22:41:35 INF] End processing HTTP request after 72.9262ms - 200
[22:41:35 INF] Start processing HTTP request GET https://www.wikidata.org/w/api.php?*
[22:41:35 INF] Sending HTTP request GET https://www.wikidata.org/w/api.php?*
[22:41:35 INF] Received HTTP response headers after 91.0272ms - 200
[22:41:35 INF] End processing HTTP request after 92.0954ms - 200
[22:41:35 INF] Start processing HTTP request GET https://www.wikidata.org/w/api.php?*
[22:41:35 INF] Sending HTTP request GET https://www.wikidata.org/w/api.php?*
[22:41:35 INF] Received HTTP response headers after 94.104ms - 200
[22:41:35 INF] End processing HTTP request after 95.2401ms - 200
[22:41:36 INF] Start processing HTTP request GET https://www.wikidata.org/w/api.php?*
[22:41:36 INF] Sending HTTP request GET https://www.wikidata.org/w/api.php?*
[22:41:36 INF] Received HTTP response headers after 71.1681ms - 200
[22:41:36 INF] End processing HTTP request after 72.2803ms - 200
[22:41:36 INF] Next retag sweep at 07/27/2026 03:00:00 -05:00
[22:41:36 INF] Next storage maintenance pass at 07/27/2026 02:00:00 -05:00
[22:41:36 INF] Start processing HTTP request GET https://www.wikidata.org/w/api.php?*
[22:41:36 INF] Sending HTTP request GET https://www.wikidata.org/w/api.php?*
[22:41:36 INF] Received HTTP response headers after 63.3031ms - 200
[22:41:36 INF] End processing HTTP request after 64.2413ms - 200
[22:41:36 INF] Start processing HTTP request GET https://www.wikidata.org/w/api.php?*
[22:41:36 INF] Sending HTTP request GET https://www.wikidata.org/w/api.php?*
[22:41:36 INF] Received HTTP response headers after 69.422ms - 200
[22:41:36 INF] End processing HTTP request after 70.8346ms - 200
[22:41:37 INF] Start processing HTTP request GET https://www.wikidata.org/w/api.php?*
[22:41:37 INF] Sending HTTP request GET https://www.wikidata.org/w/api.php?*
[22:41:37 INF] Received HTTP response headers after 51.6204ms - 200
[22:41:37 INF] End processing HTTP request after 52.5756ms - 200
[22:41:37 INF] Start processing HTTP request GET https://www.wikidata.org/w/api.php?*
[22:41:37 INF] Sending HTTP request GET https://www.wikidata.org/w/api.php?*
[22:41:37 INF] Received HTTP response headers after 97.6824ms - 200
[22:41:37 INF] End processing HTTP request after 98.5499ms - 200
[22:41:37 INF] Start processing HTTP request GET https://www.wikidata.org/w/api.php?*
[22:41:37 INF] Sending HTTP request GET https://www.wikidata.org/w/api.php?*
[22:41:37 INF] Received HTTP response headers after 100.1946ms - 200
[22:41:37 INF] End processing HTTP request after 101.1899ms - 200
[22:41:38 INF] Start processing HTTP request GET https://www.wikidata.org/w/api.php?*
[22:41:38 INF] Sending HTTP request GET https://www.wikidata.org/w/api.php?*
[22:41:38 INF] Received HTTP response headers after 50.333ms - 200
[22:41:38 INF] End processing HTTP request after 51.0761ms - 200
[22:41:38 INF] Start processing HTTP request GET https://www.wikidata.org/w/api.php?*
[22:41:38 INF] Sending HTTP request GET https://www.wikidata.org/w/api.php?*
[22:41:38 INF] Received HTTP response headers after 63.7825ms - 200
[22:41:38 INF] End processing HTTP request after 64.6327ms - 200
[22:41:38 INF] Start processing HTTP request GET https://www.wikidata.org/w/api.php?*
[22:41:38 INF] Sending HTTP request GET https://www.wikidata.org/w/api.php?*
[22:41:38 INF] Received HTTP response headers after 70.4672ms - 200
[22:41:38 INF] End processing HTTP request after 71.3969ms - 200
[22:41:39 INF] Start processing HTTP request GET https://www.wikidata.org/w/api.php?*
[22:41:39 INF] Sending HTTP request GET https://www.wikidata.org/w/api.php?*
[22:41:39 INF] Received HTTP response headers after 75.9937ms - 200
[22:41:39 INF] End processing HTTP request after 77.1013ms - 200
[22:41:39 INF] Start processing HTTP request GET https://www.wikidata.org/w/api.php?*
[22:41:39 INF] Sending HTTP request GET https://www.wikidata.org/w/api.php?*
[22:41:39 INF] Received HTTP response headers after 64.0521ms - 200
[22:41:39 INF] End processing HTTP request after 65.6235ms - 200
[22:41:39 INF] Start processing HTTP request GET https://www.wikidata.org/w/api.php?*
[22:41:39 INF] Sending HTTP request GET https://www.wikidata.org/w/api.php?*
[22:41:39 INF] Received HTTP response headers after 82.1605ms - 200
[22:41:39 INF] End processing HTTP request after 83.0488ms - 200
[22:41:40 INF] Start processing HTTP request GET https://www.wikidata.org/w/api.php?*
[22:41:40 INF] Sending HTTP request GET https://www.wikidata.org/w/api.php?*
[22:41:40 INF] Received HTTP response headers after 90.2891ms - 200
[22:41:40 INF] End processing HTTP request after 91.186ms - 200
[22:41:40 INF] Start processing HTTP request GET https://www.wikidata.org/w/api.php?*
[22:41:40 INF] Sending HTTP request GET https://www.wikidata.org/w/api.php?*
[22:41:40 INF] Received HTTP response headers after 93.3776ms - 200
[22:41:40 INF] End processing HTTP request after 94.5236ms - 200
[22:41:40 INF] Start processing HTTP request GET https://www.wikidata.org/w/api.php?*
[22:41:40 INF] Sending HTTP request GET https://www.wikidata.org/w/api.php?*
[22:41:40 INF] Received HTTP response headers after 84.8371ms - 200
[22:41:40 INF] End processing HTTP request after 85.8133ms - 200
[22:41:41 INF] Start processing HTTP request GET https://www.wikidata.org/w/api.php?*
[22:41:41 INF] Sending HTTP request GET https://www.wikidata.org/w/api.php?*
[22:41:41 INF] Received HTTP response headers after 80.6349ms - 200
[22:41:41 INF] End processing HTTP request after 81.6047ms - 200
[22:41:41 INF] Start processing HTTP request GET https://www.wikidata.org/w/api.php?*
[22:41:41 INF] Sending HTTP request GET https://www.wikidata.org/w/api.php?*
[22:41:41 INF] Received HTTP response headers after 90.636ms - 200
[22:41:41 INF] End processing HTTP request after 91.8176ms - 200
[22:41:41 INF] Start processing HTTP request GET https://www.wikidata.org/w/api.php?*
[22:41:41 INF] Sending HTTP request GET https://www.wikidata.org/w/api.php?*
[22:41:41 INF] Received HTTP response headers after 90.9121ms - 200
[22:41:41 INF] End processing HTTP request after 91.837ms - 200
[22:41:42 INF] Start processing HTTP request GET https://www.wikidata.org/w/api.php?*
[22:41:42 INF] Sending HTTP request GET https://www.wikidata.org/w/api.php?*
[22:41:42 INF] Received HTTP response headers after 125.9336ms - 200
[22:41:42 INF] End processing HTTP request after 126.8786ms - 200
[22:41:42 INF] Start processing HTTP request GET https://www.wikidata.org/w/api.php?*
[22:41:42 INF] Sending HTTP request GET https://www.wikidata.org/w/api.php?*
[22:41:42 INF] Received HTTP response headers after 92.7687ms - 200
[22:41:42 INF] End processing HTTP request after 94.0351ms - 200
[22:41:42 INF] Start processing HTTP request GET https://www.wikidata.org/w/api.php?*
[22:41:42 INF] Sending HTTP request GET https://www.wikidata.org/w/api.php?*
[22:41:42 INF] Received HTTP response headers after 122.0078ms - 200
[22:41:42 INF] End processing HTTP request after 122.8151ms - 200
[22:41:43 INF] Start processing HTTP request GET https://www.wikidata.org/w/api.php?*
[22:41:43 INF] Sending HTTP request GET https://www.wikidata.org/w/api.php?*
[22:41:43 INF] Received HTTP response headers after 202.1734ms - 200
[22:41:43 INF] End processing HTTP request after 203.1016ms - 200
[22:41:43 INF] Start processing HTTP request GET https://www.wikidata.org/w/api.php?*
[22:41:43 INF] Sending HTTP request GET https://www.wikidata.org/w/api.php?*
[22:41:43 INF] Received HTTP response headers after 130.2245ms - 200
[22:41:43 INF] End processing HTTP request after 131.0968ms - 200
[22:41:43 INF] Start processing HTTP request GET https://www.wikidata.org/w/api.php?*
[22:41:43 INF] Sending HTTP request GET https://www.wikidata.org/w/api.php?*
[22:41:43 INF] Received HTTP response headers after 126.5677ms - 200
[22:41:43 INF] End processing HTTP request after 127.4122ms - 200
[22:41:44 INF] Start processing HTTP request GET https://www.wikidata.org/w/api.php?*
[22:41:44 INF] Sending HTTP request GET https://www.wikidata.org/w/api.php?*
[22:41:44 INF] Received HTTP response headers after 48.3836ms - 200
[22:41:44 INF] End processing HTTP request after 49.2124ms - 200
[22:41:44 INF] Start processing HTTP request GET https://www.wikidata.org/w/api.php?*
[22:41:44 INF] Sending HTTP request GET https://www.wikidata.org/w/api.php?*
[22:41:44 INF] Received HTTP response headers after 67.917ms - 200
[22:41:44 INF] End processing HTTP request after 69.6248ms - 200
[22:41:44 INF] Start processing HTTP request GET https://www.wikidata.org/w/api.php?*
[22:41:44 INF] Sending HTTP request GET https://www.wikidata.org/w/api.php?*
[22:41:44 INF] Received HTTP response headers after 70.9203ms - 200
[22:41:44 INF] End processing HTTP request after 72.3697ms - 200
[22:41:45 INF] Start processing HTTP request GET https://www.wikidata.org/w/api.php?*
[22:41:45 INF] Sending HTTP request GET https://www.wikidata.org/w/api.php?*
[22:41:45 INF] Received HTTP response headers after 63.359ms - 200
[22:41:45 INF] End processing HTTP request after 64.1974ms - 200
[22:41:45 INF] Start processing HTTP request GET https://www.wikidata.org/w/api.php?*
[22:41:45 INF] Sending HTTP request GET https://www.wikidata.org/w/api.php?*
[22:41:45 INF] Received HTTP response headers after 86.8865ms - 200
[22:41:45 INF] End processing HTTP request after 87.7544ms - 200
[22:41:45 INF] Start processing HTTP request GET https://www.wikidata.org/w/api.php?*
[22:41:45 INF] Sending HTTP request GET https://www.wikidata.org/w/api.php?*
[22:41:45 INF] Received HTTP response headers after 107.8463ms - 200
[22:41:45 INF] End processing HTTP request after 108.7992ms - 200
[22:41:46 INF] Start processing HTTP request GET https://www.wikidata.org/w/api.php?*
[22:41:46 INF] Sending HTTP request GET https://www.wikidata.org/w/api.php?*
[22:41:46 INF] Received HTTP response headers after 70.8903ms - 200
[22:41:46 INF] End processing HTTP request after 71.667ms - 200
[22:41:46 INF] Start processing HTTP request GET https://www.wikidata.org/w/api.php?*
[22:41:46 INF] Sending HTTP request GET https://www.wikidata.org/w/api.php?*
[22:41:46 INF] Received HTTP response headers after 92.58ms - 200
[22:41:46 INF] End processing HTTP request after 93.5826ms - 200
[22:41:46 INF] Start processing HTTP request GET https://www.wikidata.org/w/api.php?*
[22:41:46 INF] Sending HTTP request GET https://www.wikidata.org/w/api.php?*
[22:41:46 INF] Received HTTP response headers after 62.244ms - 200
[22:41:46 INF] End processing HTTP request after 63.3786ms - 200
[22:41:47 INF] Start processing HTTP request GET https://www.wikidata.org/w/api.php?*
[22:41:47 INF] Sending HTTP request GET https://www.wikidata.org/w/api.php?*
[22:41:47 INF] Received HTTP response headers after 130.7309ms - 200
[22:41:47 INF] End processing HTTP request after 131.7333ms - 200
[22:41:47 INF] Start processing HTTP request GET https://www.wikidata.org/w/api.php?*
[22:41:47 INF] Sending HTTP request GET https://www.wikidata.org/w/api.php?*
[22:41:47 INF] Received HTTP response headers after 91.8532ms - 200
[22:41:47 INF] End processing HTTP request after 93.7895ms - 200
[22:41:47 INF] Start processing HTTP request GET https://www.wikidata.org/w/api.php?*
[22:41:47 INF] Sending HTTP request GET https://www.wikidata.org/w/api.php?*
[22:41:47 INF] Received HTTP response headers after 107.2989ms - 200
[22:41:47 INF] End processing HTTP request after 108.211ms - 200
[22:41:48 INF] Start processing HTTP request GET https://www.wikidata.org/w/api.php?*
[22:41:48 INF] Sending HTTP request GET https://www.wikidata.org/w/api.php?*
[22:41:48 INF] Received HTTP response headers after 89.6515ms - 200
[22:41:48 INF] End processing HTTP request after 90.5554ms - 200
[22:41:48 INF] Start processing HTTP request GET https://www.wikidata.org/w/api.php?*
[22:41:48 INF] Sending HTTP request GET https://www.wikidata.org/w/api.php?*
[22:41:48 INF] Start processing HTTP request GET https://www.wikidata.org/w/api.php?*
[22:41:48 INF] Sending HTTP request GET https://www.wikidata.org/w/api.php?*
[22:41:48 INF] Received HTTP response headers after 355.5644ms - 200
[22:41:48 INF] End processing HTTP request after 357.0343ms - 200
[22:41:49 INF] Received HTTP response headers after 178.5628ms - 200
[22:41:49 INF] End processing HTTP request after 179.4533ms - 200
[22:41:49 INF] Start processing HTTP request GET https://www.wikidata.org/w/api.php?*
[22:41:49 INF] Sending HTTP request GET https://www.wikidata.org/w/api.php?*
[22:41:49 INF] Received HTTP response headers after 144.7032ms - 200
[22:41:49 INF] End processing HTTP request after 145.6821ms - 200
[22:41:49 INF] Start processing HTTP request GET https://www.wikidata.org/w/api.php?*
[22:41:49 INF] Sending HTTP request GET https://www.wikidata.org/w/api.php?*
[22:41:49 INF] Received HTTP response headers after 118.7188ms - 200
[22:41:49 INF] End processing HTTP request after 119.5805ms - 200
[22:41:49 INF] Start processing HTTP request GET https://www.wikidata.org/w/api.php?*
[22:41:49 INF] Sending HTTP request GET https://www.wikidata.org/w/api.php?*
[22:41:49 INF] Received HTTP response headers after 101.5913ms - 200
[22:41:49 INF] End processing HTTP request after 102.6158ms - 200
[22:41:50 INF] Start processing HTTP request GET https://www.wikidata.org/w/api.php?*
[22:41:50 INF] Sending HTTP request GET https://www.wikidata.org/w/api.php?*
[22:41:50 INF] Received HTTP response headers after 299.1259ms - 200
[22:41:50 INF] End processing HTTP request after 300.2579ms - 200
[22:41:50 INF] Start processing HTTP request GET https://www.wikidata.org/w/api.php?*
[22:41:50 INF] Sending HTTP request GET https://www.wikidata.org/w/api.php?*
[22:41:50 INF] Received HTTP response headers after 55.4936ms - 200
[22:41:50 INF] End processing HTTP request after 56.3651ms - 200
[22:41:50 INF] Start processing HTTP request GET https://www.wikidata.org/w/api.php?*
[22:41:50 INF] Sending HTTP request GET https://www.wikidata.org/w/api.php?*
[22:41:50 INF] Received HTTP response headers after 84.916ms - 200
[22:41:50 INF] End processing HTTP request after 86.3991ms - 200
[22:41:51 INF] Start processing HTTP request GET https://www.wikidata.org/w/api.php?*
[22:41:51 INF] Sending HTTP request GET https://www.wikidata.org/w/api.php?*
[22:41:51 INF] Received HTTP response headers after 82.9703ms - 200
[22:41:51 INF] End processing HTTP request after 83.7906ms - 200
[22:41:51 INF] Start processing HTTP request GET https://www.wikidata.org/w/api.php?*
[22:41:51 INF] Sending HTTP request GET https://www.wikidata.org/w/api.php?*
[22:41:51 INF] Received HTTP response headers after 45.2261ms - 200
[22:41:51 INF] End processing HTTP request after 46.2453ms - 200
[22:41:51 INF] Start processing HTTP request GET https://www.wikidata.org/w/api.php?*
[22:41:51 INF] Sending HTTP request GET https://www.wikidata.org/w/api.php?*
[22:41:51 INF] Received HTTP response headers after 57.4644ms - 200
[22:41:51 INF] End processing HTTP request after 58.5726ms - 200
[22:41:52 INF] Start processing HTTP request GET https://www.wikidata.org/w/api.php?*
[22:41:52 INF] Sending HTTP request GET https://www.wikidata.org/w/api.php?*
[22:41:52 INF] Received HTTP response headers after 57.7809ms - 200
[22:41:52 INF] End processing HTTP request after 58.6334ms - 200
[22:41:52 INF] Start processing HTTP request GET https://www.wikidata.org/w/api.php?*
[22:41:52 INF] Sending HTTP request GET https://www.wikidata.org/w/api.php?*
[22:41:52 INF] Received HTTP response headers after 63.8757ms - 200
[22:41:52 INF] End processing HTTP request after 64.738ms - 200
[22:41:52 INF] Start processing HTTP request GET https://www.wikidata.org/w/api.php?*
[22:41:52 INF] Sending HTTP request GET https://www.wikidata.org/w/api.php?*
[22:41:52 INF] Received HTTP response headers after 55.2785ms - 200
[22:41:52 INF] End processing HTTP request after 56.2793ms - 200
[22:41:53 INF] Start processing HTTP request GET https://www.wikidata.org/w/api.php?*
[22:41:53 INF] Sending HTTP request GET https://www.wikidata.org/w/api.php?*
[22:41:53 INF] Received HTTP response headers after 54.7424ms - 200
[22:41:53 INF] End processing HTTP request after 55.6139ms - 200
[22:41:53 INF] Start processing HTTP request GET https://www.wikidata.org/w/api.php?*
[22:41:53 INF] Sending HTTP request GET https://www.wikidata.org/w/api.php?*
[22:41:53 INF] Received HTTP response headers after 43.1153ms - 200
[22:41:53 INF] End processing HTTP request after 43.9671ms - 200
[22:41:53 INF] Start processing HTTP request GET https://www.wikidata.org/w/api.php?*
[22:41:53 INF] Sending HTTP request GET https://www.wikidata.org/w/api.php?*
[22:41:53 INF] Received HTTP response headers after 48.3049ms - 200
[22:41:53 INF] End processing HTTP request after 49.371ms - 200
[22:41:54 INF] Start processing HTTP request GET https://www.wikidata.org/w/api.php?*
[22:41:54 INF] Sending HTTP request GET https://www.wikidata.org/w/api.php?*
[22:41:54 INF] Received HTTP response headers after 50.1965ms - 200
[22:41:54 INF] End processing HTTP request after 51.0287ms - 200
[22:41:54 INF] Start processing HTTP request GET https://www.wikidata.org/w/api.php?*
[22:41:54 INF] Sending HTTP request GET https://www.wikidata.org/w/api.php?*
[22:41:54 INF] Received HTTP response headers after 56.8601ms - 200
[22:41:54 INF] End processing HTTP request after 57.7944ms - 200
[22:41:54 INF] Start processing HTTP request GET https://www.wikidata.org/w/api.php?*
[22:41:54 INF] Sending HTTP request GET https://www.wikidata.org/w/api.php?*
[22:41:54 INF] Received HTTP response headers after 55.4235ms - 200
[22:41:54 INF] End processing HTTP request after 56.1905ms - 200
[22:41:55 INF] Start processing HTTP request GET https://www.wikidata.org/w/api.php?*
[22:41:55 INF] Sending HTTP request GET https://www.wikidata.org/w/api.php?*
[22:41:55 INF] Received HTTP response headers after 61.7578ms - 200
[22:41:55 INF] End processing HTTP request after 62.7389ms - 200
[22:41:55 INF] Start processing HTTP request GET https://www.wikidata.org/w/api.php?*
[22:41:55 INF] Sending HTTP request GET https://www.wikidata.org/w/api.php?*
[22:41:55 INF] Received HTTP response headers after 53.6544ms - 200
[22:41:55 INF] End processing HTTP request after 55.3128ms - 200
[22:41:55 INF] Start processing HTTP request GET https://www.wikidata.org/w/api.php?*
[22:41:55 INF] Sending HTTP request GET https://www.wikidata.org/w/api.php?*
[22:41:55 INF] Received HTTP response headers after 61.7185ms - 200
[22:41:55 INF] End processing HTTP request after 62.7233ms - 200
[22:41:56 INF] Start processing HTTP request GET https://www.wikidata.org/w/api.php?*
[22:41:56 INF] Sending HTTP request GET https://www.wikidata.org/w/api.php?*
[22:41:56 INF] Received HTTP response headers after 80.3156ms - 200
[22:41:56 INF] End processing HTTP request after 81.1518ms - 200
[22:41:56 INF] Start processing HTTP request GET https://www.wikidata.org/w/api.php?*
[22:41:56 INF] Sending HTTP request GET https://www.wikidata.org/w/api.php?*
[22:41:56 INF] Received HTTP response headers after 145.7785ms - 200
[22:41:56 INF] End processing HTTP request after 146.7363ms - 200
[22:41:56 INF] Start processing HTTP request GET https://www.wikidata.org/w/api.php?*
[22:41:56 INF] Sending HTTP request GET https://www.wikidata.org/w/api.php?*
[22:41:56 INF] Received HTTP response headers after 67.1534ms - 200
[22:41:56 INF] End processing HTTP request after 68.2011ms - 200
[22:41:57 INF] Start processing HTTP request GET https://www.wikidata.org/w/api.php?*
[22:41:57 INF] Sending HTTP request GET https://www.wikidata.org/w/api.php?*
[22:41:57 INF] Received HTTP response headers after 61.7909ms - 200
[22:41:57 INF] End processing HTTP request after 62.5698ms - 200
[22:41:57 INF] Start processing HTTP request GET https://www.wikidata.org/w/api.php?*
[22:41:57 INF] Sending HTTP request GET https://www.wikidata.org/w/api.php?*
[22:41:57 INF] Received HTTP response headers after 162.5811ms - 200
[22:41:57 INF] End processing HTTP request after 163.4911ms - 200
[22:41:57 INF] Start processing HTTP request GET https://www.wikidata.org/w/api.php?*
[22:41:57 INF] Sending HTTP request GET https://www.wikidata.org/w/api.php?*
[22:41:57 INF] Received HTTP response headers after 37.8149ms - 200
[22:41:57 INF] End processing HTTP request after 39.0586ms - 200
[22:41:58 INF] Start processing HTTP request GET https://www.wikidata.org/w/api.php?*
[22:41:58 INF] Sending HTTP request GET https://www.wikidata.org/w/api.php?*
[22:41:58 INF] Received HTTP response headers after 72.3626ms - 200
[22:41:58 INF] End processing HTTP request after 73.3281ms - 200
[22:41:58 INF] Start processing HTTP request GET https://www.wikidata.org/w/api.php?*
[22:41:58 INF] Sending HTTP request GET https://www.wikidata.org/w/api.php?*
[22:41:58 INF] Received HTTP response headers after 80.015ms - 200
[22:41:58 INF] End processing HTTP request after 81.5094ms - 200
[22:41:58 INF] Start processing HTTP request GET https://www.wikidata.org/w/api.php?*
[22:41:58 INF] Sending HTTP request GET https://www.wikidata.org/w/api.php?*
[22:41:58 INF] Received HTTP response headers after 53.1936ms - 200
[22:41:58 INF] End processing HTTP request after 54.0683ms - 200
[22:41:59 INF] Start processing HTTP request GET https://www.wikidata.org/w/api.php?*
[22:41:59 INF] Sending HTTP request GET https://www.wikidata.org/w/api.php?*
[22:41:59 INF] Received HTTP response headers after 59.2943ms - 200
[22:41:59 INF] End processing HTTP request after 60.1536ms - 200
[22:41:59 INF] Start processing HTTP request GET https://www.wikidata.org/w/api.php?*
[22:41:59 INF] Sending HTTP request GET https://www.wikidata.org/w/api.php?*
[22:41:59 INF] Received HTTP response headers after 106.1719ms - 200
[22:41:59 INF] End processing HTTP request after 107.2477ms - 200
[22:41:59 INF] Start processing HTTP request GET https://www.wikidata.org/w/api.php?*
[22:41:59 INF] Sending HTTP request GET https://www.wikidata.org/w/api.php?*
[22:41:59 INF] Received HTTP response headers after 129.7986ms - 200
[22:41:59 INF] End processing HTTP request after 130.6986ms - 200
[22:42:00 INF] Start processing HTTP request GET https://www.wikidata.org/w/api.php?*
[22:42:00 INF] Sending HTTP request GET https://www.wikidata.org/w/api.php?*
[22:42:00 INF] Received HTTP response headers after 98.4034ms - 200
[22:42:00 INF] End processing HTTP request after 99.4826ms - 200
[22:42:00 INF] Start processing HTTP request GET https://www.wikidata.org/w/api.php?*
[22:42:00 INF] Sending HTTP request GET https://www.wikidata.org/w/api.php?*
[22:42:00 INF] Received HTTP response headers after 64.7713ms - 200
[22:42:00 INF] End processing HTTP request after 66.3616ms - 200
[22:42:00 INF] Start processing HTTP request GET https://www.wikidata.org/w/api.php?*
[22:42:00 INF] Sending HTTP request GET https://www.wikidata.org/w/api.php?*
[22:42:00 INF] Received HTTP response headers after 65.6104ms - 200
[22:42:00 INF] End processing HTTP request after 66.5094ms - 200
[22:42:01 INF] Start processing HTTP request GET https://www.wikidata.org/w/api.php?*
[22:42:01 INF] Sending HTTP request GET https://www.wikidata.org/w/api.php?*
[22:42:01 INF] Received HTTP response headers after 88.8928ms - 200
[22:42:01 INF] End processing HTTP request after 89.8743ms - 200
[22:42:01 INF] Start processing HTTP request GET https://www.wikidata.org/w/api.php?*
[22:42:01 INF] Sending HTTP request GET https://www.wikidata.org/w/api.php?*
[22:42:01 INF] Received HTTP response headers after 84.7858ms - 200
[22:42:01 INF] End processing HTTP request after 85.7476ms - 200
[22:42:01 INF] Start processing HTTP request GET https://www.wikidata.org/w/api.php?*
[22:42:01 INF] Sending HTTP request GET https://www.wikidata.org/w/api.php?*
[22:42:01 INF] Received HTTP response headers after 93.6135ms - 200
[22:42:01 INF] End processing HTTP request after 94.4148ms - 200
[22:42:02 INF] Start processing HTTP request GET https://www.wikidata.org/w/api.php?*
[22:42:02 INF] Sending HTTP request GET https://www.wikidata.org/w/api.php?*
[22:42:02 INF] Received HTTP response headers after 83.8527ms - 200
[22:42:02 INF] End processing HTTP request after 84.6815ms - 200
[22:42:02 INF] Start processing HTTP request GET https://www.wikidata.org/w/api.php?*
[22:42:02 INF] Sending HTTP request GET https://www.wikidata.org/w/api.php?*
[22:42:02 INF] Received HTTP response headers after 58.3792ms - 200
[22:42:02 INF] End processing HTTP request after 59.2066ms - 200
[22:42:02 INF] Start processing HTTP request GET https://www.wikidata.org/w/api.php?*
[22:42:02 INF] Sending HTTP request GET https://www.wikidata.org/w/api.php?*
[22:42:02 INF] Received HTTP response headers after 135.319ms - 200
[22:42:02 INF] End processing HTTP request after 136.3256ms - 200
[22:42:03 INF] Start processing HTTP request GET https://www.wikidata.org/w/api.php?*
[22:42:03 INF] Sending HTTP request GET https://www.wikidata.org/w/api.php?*
[22:42:03 INF] Received HTTP response headers after 180.235ms - 200
[22:42:03 INF] End processing HTTP request after 181.0076ms - 200
[22:42:03 INF] Start processing HTTP request GET https://www.wikidata.org/w/api.php?*
[22:42:03 INF] Sending HTTP request GET https://www.wikidata.org/w/api.php?*
[22:42:03 INF] Received HTTP response headers after 326.3267ms - 200
[22:42:03 INF] End processing HTTP request after 327.1888ms - 200
[22:42:03 INF] Start processing HTTP request GET https://www.wikidata.org/w/api.php?*
[22:42:03 INF] Sending HTTP request GET https://www.wikidata.org/w/api.php?*
[22:42:03 INF] Received HTTP response headers after 99.626ms - 200
[22:42:03 INF] End processing HTTP request after 100.3506ms - 200
[22:42:04 INF] Start processing HTTP request GET https://www.wikidata.org/w/api.php?*
[22:42:04 INF] Sending HTTP request GET https://www.wikidata.org/w/api.php?*
[22:42:04 INF] Received HTTP response headers after 161.478ms - 200
[22:42:04 INF] End processing HTTP request after 162.3488ms - 200
[22:42:04 INF] Start processing HTTP request GET https://www.wikidata.org/w/api.php?*
[22:42:04 INF] Sending HTTP request GET https://www.wikidata.org/w/api.php?*
[22:42:04 INF] Received HTTP response headers after 53.8043ms - 200
[22:42:04 INF] End processing HTTP request after 54.8111ms - 200
[22:42:04 INF] Start processing HTTP request GET https://www.wikidata.org/w/api.php?*
[22:42:04 INF] Sending HTTP request GET https://www.wikidata.org/w/api.php?*
[22:42:04 INF] Received HTTP response headers after 67.2548ms - 200
[22:42:04 INF] End processing HTTP request after 68.1948ms - 200
[22:42:05 INF] Start processing HTTP request GET https://www.wikidata.org/w/api.php?*
[22:42:05 INF] Sending HTTP request GET https://www.wikidata.org/w/api.php?*
[22:42:05 INF] Received HTTP response headers after 89.3851ms - 200
[22:42:05 INF] End processing HTTP request after 90.2278ms - 200
[22:42:05 INF] Start processing HTTP request GET https://www.wikidata.org/w/api.php?*
[22:42:05 INF] Sending HTTP request GET https://www.wikidata.org/w/api.php?*
[22:42:05 INF] Received HTTP response headers after 72.2324ms - 200
[22:42:05 INF] End processing HTTP request after 73.007ms - 200
[22:42:05 INF] Start processing HTTP request GET https://www.wikidata.org/w/api.php?*
[22:42:05 INF] Sending HTTP request GET https://www.wikidata.org/w/api.php?*
[22:42:05 INF] Received HTTP response headers after 72.0329ms - 200
[22:42:05 INF] End processing HTTP request after 72.8773ms - 200
[22:42:06 INF] Start processing HTTP request GET https://www.wikidata.org/w/api.php?*
[22:42:06 INF] Sending HTTP request GET https://www.wikidata.org/w/api.php?*
[22:42:06 INF] Received HTTP response headers after 70.7838ms - 200
[22:42:06 INF] End processing HTTP request after 71.7381ms - 200
[22:42:06 INF] Start processing HTTP request GET https://www.wikidata.org/w/api.php?*
[22:42:06 INF] Sending HTTP request GET https://www.wikidata.org/w/api.php?*
[22:42:06 INF] Received HTTP response headers after 57.0455ms - 200
[22:42:06 INF] End processing HTTP request after 58.1164ms - 200
[22:42:06 INF] Start processing HTTP request GET https://www.wikidata.org/w/api.php?*
[22:42:06 INF] Sending HTTP request GET https://www.wikidata.org/w/api.php?*
[22:42:06 INF] Received HTTP response headers after 49.2673ms - 200
[22:42:06 INF] End processing HTTP request after 50.8004ms - 200
[22:42:07 INF] Start processing HTTP request GET https://www.wikidata.org/w/api.php?*
[22:42:07 INF] Sending HTTP request GET https://www.wikidata.org/w/api.php?*
[22:42:07 INF] Received HTTP response headers after 42.1825ms - 200
[22:42:07 INF] End processing HTTP request after 43.1952ms - 200
[22:42:07 INF] Start processing HTTP request GET https://www.wikidata.org/w/api.php?*
[22:42:07 INF] Sending HTTP request GET https://www.wikidata.org/w/api.php?*
[22:42:07 INF] Received HTTP response headers after 60.5235ms - 200
[22:42:07 INF] End processing HTTP request after 61.3353ms - 200
[22:42:07 INF] Start processing HTTP request GET https://www.wikidata.org/w/api.php?*
[22:42:07 INF] Sending HTTP request GET https://www.wikidata.org/w/api.php?*
[22:42:07 INF] Received HTTP response headers after 73.8308ms - 200
[22:42:07 INF] End processing HTTP request after 75.0671ms - 200
[22:42:08 INF] Start processing HTTP request GET https://www.wikidata.org/w/api.php?*
[22:42:08 INF] Sending HTTP request GET https://www.wikidata.org/w/api.php?*
[22:42:08 INF] Received HTTP response headers after 64.9261ms - 200
[22:42:08 INF] End processing HTTP request after 65.9514ms - 200
[22:42:08 INF] Start processing HTTP request GET https://www.wikidata.org/w/api.php?*
[22:42:08 INF] Sending HTTP request GET https://www.wikidata.org/w/api.php?*
[22:42:08 INF] Received HTTP response headers after 111.3889ms - 200
[22:42:08 INF] End processing HTTP request after 112.3924ms - 200
[22:42:08 INF] Start processing HTTP request GET https://www.wikidata.org/w/api.php?*
[22:42:08 INF] Sending HTTP request GET https://www.wikidata.org/w/api.php?*
[22:42:08 INF] Received HTTP response headers after 89.6875ms - 200
[22:42:08 INF] End processing HTTP request after 91.1392ms - 200
[22:42:09 INF] Start processing HTTP request GET https://www.wikidata.org/w/api.php?*
[22:42:09 INF] Sending HTTP request GET https://www.wikidata.org/w/api.php?*
[22:42:09 INF] Received HTTP response headers after 91.2816ms - 200
[22:42:09 INF] End processing HTTP request after 92.2084ms - 200
[22:42:09 INF] Start processing HTTP request GET https://www.wikidata.org/w/api.php?*
[22:42:09 INF] Sending HTTP request GET https://www.wikidata.org/w/api.php?*
[22:42:09 INF] Received HTTP response headers after 140.5416ms - 200
[22:42:09 INF] End processing HTTP request after 141.7827ms - 200
[22:42:09 INF] Start processing HTTP request GET https://www.wikidata.org/w/api.php?*
[22:42:09 INF] Sending HTTP request GET https://www.wikidata.org/w/api.php?*
[22:42:09 INF] Received HTTP response headers after 126.7644ms - 200
[22:42:09 INF] End processing HTTP request after 127.5469ms - 200
[22:42:10 INF] Start processing HTTP request GET https://www.wikidata.org/w/api.php?*
[22:42:10 INF] Sending HTTP request GET https://www.wikidata.org/w/api.php?*
[22:42:10 INF] Received HTTP response headers after 116.4185ms - 200
[22:42:10 INF] End processing HTTP request after 117.4954ms - 200
[22:42:10 INF] Start processing HTTP request GET https://www.wikidata.org/w/api.php?*
[22:42:10 INF] Sending HTTP request GET https://www.wikidata.org/w/api.php?*
[22:42:10 INF] Received HTTP response headers after 112.9684ms - 200
[22:42:10 INF] End processing HTTP request after 114.0063ms - 200
[22:42:10 INF] Start processing HTTP request GET https://www.wikidata.org/w/api.php?*
[22:42:10 INF] Sending HTTP request GET https://www.wikidata.org/w/api.php?*
[22:42:10 INF] Received HTTP response headers after 120.5511ms - 200
[22:42:10 INF] End processing HTTP request after 122.5648ms - 200
[22:42:11 INF] Start processing HTTP request GET https://www.wikidata.org/w/api.php?*
[22:42:11 INF] Sending HTTP request GET https://www.wikidata.org/w/api.php?*
[22:42:11 INF] Received HTTP response headers after 99.908ms - 200
[22:42:11 INF] End processing HTTP request after 100.8274ms - 200
[22:42:11 INF] Start processing HTTP request GET https://www.wikidata.org/w/api.php?*
[22:42:11 INF] Sending HTTP request GET https://www.wikidata.org/w/api.php?*
[22:42:11 INF] Received HTTP response headers after 216.7351ms - 200
[22:42:11 INF] End processing HTTP request after 218.0063ms - 200
[22:42:11 INF] Start processing HTTP request GET https://www.wikidata.org/w/api.php?*
[22:42:11 INF] Sending HTTP request GET https://www.wikidata.org/w/api.php?*
[22:42:11 INF] Received HTTP response headers after 46.9818ms - 200
[22:42:11 INF] End processing HTTP request after 49.736ms - 200
[22:42:12 INF] Start processing HTTP request GET https://www.wikidata.org/w/api.php?*
[22:42:12 INF] Sending HTTP request GET https://www.wikidata.org/w/api.php?*
[22:42:12 INF] Received HTTP response headers after 53.6785ms - 200
[22:42:12 INF] End processing HTTP request after 55.5969ms - 200
[22:42:12 INF] Start processing HTTP request GET https://www.wikidata.org/w/api.php?*
[22:42:12 INF] Sending HTTP request GET https://www.wikidata.org/w/api.php?*
[22:42:12 INF] Received HTTP response headers after 113.5604ms - 200
[22:42:12 INF] End processing HTTP request after 114.5795ms - 200
[22:42:12 INF] Start processing HTTP request GET https://www.wikidata.org/w/api.php?*
[22:42:12 INF] Sending HTTP request GET https://www.wikidata.org/w/api.php?*
[22:42:12 INF] Received HTTP response headers after 68.1782ms - 200
[22:42:12 INF] End processing HTTP request after 69.1926ms - 200
[22:42:13 INF] Start processing HTTP request GET https://www.wikidata.org/w/api.php?*
[22:42:13 INF] Sending HTTP request GET https://www.wikidata.org/w/api.php?*
[22:42:13 INF] Received HTTP response headers after 98.6375ms - 200
[22:42:13 INF] End processing HTTP request after 99.9252ms - 200
[22:42:13 INF] Start processing HTTP request GET https://www.wikidata.org/w/api.php?*
[22:42:13 INF] Sending HTTP request GET https://www.wikidata.org/w/api.php?*
[22:42:13 INF] Received HTTP response headers after 73.6663ms - 200
[22:42:13 INF] End processing HTTP request after 74.4883ms - 200
[22:42:13 INF] Start processing HTTP request GET https://www.wikidata.org/w/api.php?*
[22:42:13 INF] Sending HTTP request GET https://www.wikidata.org/w/api.php?*
[22:42:13 INF] Received HTTP response headers after 47.0949ms - 200
[22:42:13 INF] End processing HTTP request after 48.0636ms - 200
[22:42:14 INF] Start processing HTTP request GET https://www.wikidata.org/w/api.php?*
[22:42:14 INF] Sending HTTP request GET https://www.wikidata.org/w/api.php?*
[22:42:14 INF] Received HTTP response headers after 73.737ms - 200
[22:42:14 INF] End processing HTTP request after 74.8076ms - 200
[22:42:14 INF] Start processing HTTP request GET https://www.wikidata.org/w/api.php?*
[22:42:14 INF] Sending HTTP request GET https://www.wikidata.org/w/api.php?*
[22:42:14 INF] Received HTTP response headers after 167.7291ms - 200
[22:42:14 INF] End processing HTTP request after 170.4629ms - 200
[22:42:14 INF] Start processing HTTP request GET https://www.wikidata.org/w/api.php?*
[22:42:14 INF] Sending HTTP request GET https://www.wikidata.org/w/api.php?*
[22:42:14 INF] Received HTTP response headers after 51.7097ms - 200
[22:42:14 INF] End processing HTTP request after 52.9577ms - 200
[22:42:15 INF] Start processing HTTP request GET https://www.wikidata.org/w/api.php?*
[22:42:15 INF] Sending HTTP request GET https://www.wikidata.org/w/api.php?*
[22:42:15 INF] Received HTTP response headers after 77.1237ms - 200
[22:42:15 INF] End processing HTTP request after 78.0505ms - 200
[22:42:15 INF] Start processing HTTP request GET https://www.wikidata.org/w/api.php?*
[22:42:15 INF] Sending HTTP request GET https://www.wikidata.org/w/api.php?*
[22:42:15 INF] Received HTTP response headers after 130.4035ms - 200
[22:42:15 INF] End processing HTTP request after 131.2441ms - 200
[22:42:15 INF] Start processing HTTP request GET https://www.wikidata.org/w/api.php?*
[22:42:15 INF] Sending HTTP request GET https://www.wikidata.org/w/api.php?*
[22:42:15 INF] Received HTTP response headers after 62.097ms - 200
[22:42:15 INF] End processing HTTP request after 63.5244ms - 200
[22:42:16 INF] Start processing HTTP request GET https://www.wikidata.org/w/api.php?*
[22:42:16 INF] Sending HTTP request GET https://www.wikidata.org/w/api.php?*
[22:42:16 INF] Received HTTP response headers after 61.2037ms - 200
[22:42:16 INF] End processing HTTP request after 62.3011ms - 200
[22:42:16 INF] Start processing HTTP request GET https://www.wikidata.org/w/api.php?*
[22:42:16 INF] Sending HTTP request GET https://www.wikidata.org/w/api.php?*
[22:42:16 INF] Received HTTP response headers after 84.5857ms - 200
[22:42:16 INF] End processing HTTP request after 85.9337ms - 200
[22:42:16 INF] Start processing HTTP request GET https://www.wikidata.org/w/api.php?*
[22:42:16 INF] Sending HTTP request GET https://www.wikidata.org/w/api.php?*
[22:42:16 INF] Received HTTP response headers after 106.9622ms - 200
[22:42:16 INF] End processing HTTP request after 107.9308ms - 200
[22:42:17 INF] Start processing HTTP request GET https://www.wikidata.org/w/api.php?*
[22:42:17 INF] Sending HTTP request GET https://www.wikidata.org/w/api.php?*
[22:42:17 INF] Received HTTP response headers after 71.6923ms - 200
[22:42:17 INF] End processing HTTP request after 72.9951ms - 200
[22:42:17 INF] Start processing HTTP request GET https://www.wikidata.org/w/api.php?*
[22:42:17 INF] Sending HTTP request GET https://www.wikidata.org/w/api.php?*
[22:42:17 INF] Received HTTP response headers after 93.3098ms - 200
[22:42:17 INF] End processing HTTP request after 94.2547ms - 200
[22:42:17 INF] Start processing HTTP request GET https://www.wikidata.org/w/api.php?*
[22:42:17 INF] Sending HTTP request GET https://www.wikidata.org/w/api.php?*
[22:42:17 INF] Received HTTP response headers after 93.1594ms - 200
[22:42:17 INF] End processing HTTP request after 94.9916ms - 200
[22:42:18 INF] Start processing HTTP request GET https://www.wikidata.org/w/api.php?*
[22:42:18 INF] Sending HTTP request GET https://www.wikidata.org/w/api.php?*
[22:42:18 INF] Received HTTP response headers after 175.0202ms - 200
[22:42:18 INF] End processing HTTP request after 176.1333ms - 200
[22:42:18 INF] Start processing HTTP request GET https://www.wikidata.org/w/api.php?*
[22:42:18 INF] Sending HTTP request GET https://www.wikidata.org/w/api.php?*
[22:42:18 INF] Received HTTP response headers after 155.9421ms - 200
[22:42:18 INF] End processing HTTP request after 156.7539ms - 200
[22:42:18 INF] Start processing HTTP request GET https://www.wikidata.org/w/api.php?*
[22:42:18 INF] Sending HTTP request GET https://www.wikidata.org/w/api.php?*
[22:42:19 INF] Received HTTP response headers after 562.4518ms - 200
[22:42:19 INF] End processing HTTP request after 563.5157ms - 200
[22:42:19 INF] Start processing HTTP request GET https://www.wikidata.org/w/api.php?*
[22:42:19 INF] Sending HTTP request GET https://www.wikidata.org/w/api.php?*
[22:42:19 INF] Received HTTP response headers after 279.3199ms - 200
[22:42:19 INF] End processing HTTP request after 280.0762ms - 200
[22:42:19 INF] Start processing HTTP request GET https://www.wikidata.org/w/api.php?*
[22:42:19 INF] Sending HTTP request GET https://www.wikidata.org/w/api.php?*
[22:42:19 INF] Received HTTP response headers after 172.8197ms - 200
[22:42:19 INF] End processing HTTP request after 174.0729ms - 200
[22:42:20 INF] Start processing HTTP request GET https://www.wikidata.org/w/api.php?*
[22:42:20 INF] Sending HTTP request GET https://www.wikidata.org/w/api.php?*
[22:42:20 INF] Received HTTP response headers after 91.1264ms - 200
[22:42:20 INF] End processing HTTP request after 92.1204ms - 200
[22:42:20 INF] Start processing HTTP request GET https://www.wikidata.org/w/api.php?*
[22:42:20 INF] Sending HTTP request GET https://www.wikidata.org/w/api.php?*
[22:42:20 INF] Received HTTP response headers after 47.5185ms - 200
[22:42:20 INF] End processing HTTP request after 48.4152ms - 200
[22:42:20 INF] Start processing HTTP request GET https://www.wikidata.org/w/api.php?*
[22:42:20 INF] Sending HTTP request GET https://www.wikidata.org/w/api.php?*
[22:42:20 INF] Received HTTP response headers after 73.5591ms - 200
[22:42:20 INF] End processing HTTP request after 74.4833ms - 200
[22:42:21 INF] Start processing HTTP request GET https://www.wikidata.org/w/api.php?*
[22:42:21 INF] Sending HTTP request GET https://www.wikidata.org/w/api.php?*
[22:42:21 INF] Received HTTP response headers after 55.9208ms - 200
[22:42:21 INF] End processing HTTP request after 56.9098ms - 200
[22:42:21 INF] Start processing HTTP request GET https://www.wikidata.org/w/api.php?*
[22:42:21 INF] Sending HTTP request GET https://www.wikidata.org/w/api.php?*
[22:42:21 INF] Received HTTP response headers after 45.1998ms - 200
[22:42:21 INF] End processing HTTP request after 46.1029ms - 200
[22:42:21 INF] Start processing HTTP request GET https://www.wikidata.org/w/api.php?*
[22:42:21 INF] Sending HTTP request GET https://www.wikidata.org/w/api.php?*
[22:42:21 INF] Received HTTP response headers after 122.9396ms - 200
[22:42:21 INF] End processing HTTP request after 124.4299ms - 200
[22:42:22 INF] Start processing HTTP request GET https://www.wikidata.org/w/api.php?*
[22:42:22 INF] Sending HTTP request GET https://www.wikidata.org/w/api.php?*
[22:42:22 INF] Received HTTP response headers after 62.2526ms - 200
[22:42:22 INF] End processing HTTP request after 63.1696ms - 200
[22:42:22 INF] Start processing HTTP request GET https://www.wikidata.org/w/api.php?*
[22:42:22 INF] Sending HTTP request GET https://www.wikidata.org/w/api.php?*
[22:42:22 INF] Received HTTP response headers after 111.2509ms - 200
[22:42:22 INF] End processing HTTP request after 112.1042ms - 200
[22:42:22 INF] Start processing HTTP request GET https://www.wikidata.org/w/api.php?*
[22:42:22 INF] Sending HTTP request GET https://www.wikidata.org/w/api.php?*
[22:42:22 INF] Received HTTP response headers after 62.5986ms - 200
[22:42:22 INF] End processing HTTP request after 63.4839ms - 200
[22:42:23 INF] Start processing HTTP request GET https://www.wikidata.org/w/api.php?*
[22:42:23 INF] Sending HTTP request GET https://www.wikidata.org/w/api.php?*
[22:42:23 INF] Received HTTP response headers after 73.071ms - 200
[22:42:23 INF] End processing HTTP request after 74.2035ms - 200
[22:42:23 INF] Start processing HTTP request GET https://www.wikidata.org/w/api.php?*
[22:42:23 INF] Sending HTTP request GET https://www.wikidata.org/w/api.php?*
[22:42:23 INF] Received HTTP response headers after 43.7426ms - 200
[22:42:23 INF] End processing HTTP request after 44.9077ms - 200
[22:42:23 INF] Start processing HTTP request GET https://www.wikidata.org/w/api.php?*
[22:42:23 INF] Sending HTTP request GET https://www.wikidata.org/w/api.php?*
[22:42:23 INF] Received HTTP response headers after 62.0953ms - 200
[22:42:23 INF] End processing HTTP request after 63.0916ms - 200
[22:42:24 INF] Start processing HTTP request GET https://www.wikidata.org/w/api.php?*
[22:42:24 INF] Sending HTTP request GET https://www.wikidata.org/w/api.php?*
[22:42:24 INF] Received HTTP response headers after 56.8436ms - 200
[22:42:24 INF] End processing HTTP request after 57.7545ms - 200
[22:42:24 INF] Start processing HTTP request GET https://www.wikidata.org/w/api.php?*
[22:42:24 INF] Sending HTTP request GET https://www.wikidata.org/w/api.php?*
[22:42:24 INF] Received HTTP response headers after 58.6121ms - 200
[22:42:24 INF] End processing HTTP request after 59.4462ms - 200
[22:42:24 INF] Start processing HTTP request GET https://www.wikidata.org/w/api.php?*
[22:42:24 INF] Sending HTTP request GET https://www.wikidata.org/w/api.php?*
[22:42:24 INF] Received HTTP response headers after 87.5539ms - 200
[22:42:24 INF] End processing HTTP request after 88.4752ms - 200
[22:42:25 INF] Start processing HTTP request GET https://www.wikidata.org/w/api.php?*
[22:42:25 INF] Sending HTTP request GET https://www.wikidata.org/w/api.php?*
[22:42:25 INF] Received HTTP response headers after 57.6467ms - 200
[22:42:25 INF] End processing HTTP request after 58.5347ms - 200
[22:42:25 INF] Start processing HTTP request GET https://www.wikidata.org/w/api.php?*
[22:42:25 INF] Sending HTTP request GET https://www.wikidata.org/w/api.php?*
[22:42:25 INF] Received HTTP response headers after 62.376ms - 200
[22:42:25 INF] End processing HTTP request after 63.3137ms - 200
[22:42:25 INF] Start processing HTTP request GET https://www.wikidata.org/w/api.php?*
[22:42:25 INF] Sending HTTP request GET https://www.wikidata.org/w/api.php?*
[22:42:25 INF] Received HTTP response headers after 88.251ms - 200
[22:42:25 INF] End processing HTTP request after 90.5168ms - 200
[22:42:26 INF] Start processing HTTP request GET https://www.wikidata.org/w/api.php?*
[22:42:26 INF] Sending HTTP request GET https://www.wikidata.org/w/api.php?*
[22:42:26 INF] Received HTTP response headers after 59.8678ms - 200
[22:42:26 INF] End processing HTTP request after 60.6717ms - 200
[22:42:26 INF] Start processing HTTP request GET https://www.wikidata.org/w/api.php?*
[22:42:26 INF] Sending HTTP request GET https://www.wikidata.org/w/api.php?*
[22:42:26 INF] Received HTTP response headers after 70.0953ms - 200
[22:42:26 INF] End processing HTTP request after 71.2564ms - 200
[22:42:26 INF] Start processing HTTP request GET https://www.wikidata.org/w/api.php?*
[22:42:26 INF] Sending HTTP request GET https://www.wikidata.org/w/api.php?*
[22:42:26 INF] Received HTTP response headers after 60.9847ms - 200
[22:42:26 INF] End processing HTTP request after 61.9926ms - 200
[22:42:27 INF] Start processing HTTP request GET https://www.wikidata.org/w/api.php?*
[22:42:27 INF] Sending HTTP request GET https://www.wikidata.org/w/api.php?*
[22:42:27 INF] Received HTTP response headers after 68.3716ms - 200
[22:42:27 INF] End processing HTTP request after 69.255ms - 200
[22:42:27 INF] Start processing HTTP request GET https://www.wikidata.org/w/api.php?*
[22:42:27 INF] Sending HTTP request GET https://www.wikidata.org/w/api.php?*
[22:42:27 INF] Received HTTP response headers after 42.5357ms - 200
[22:42:27 INF] End processing HTTP request after 43.569ms - 200
[22:42:27 INF] Start processing HTTP request GET https://www.wikidata.org/w/api.php?*
[22:42:27 INF] Sending HTTP request GET https://www.wikidata.org/w/api.php?*
[22:42:27 INF] Received HTTP response headers after 52.2999ms - 200
[22:42:27 INF] End processing HTTP request after 53.3568ms - 200
[22:42:28 INF] Start processing HTTP request GET https://www.wikidata.org/w/api.php?*
[22:42:28 INF] Sending HTTP request GET https://www.wikidata.org/w/api.php?*
[22:42:28 INF] Received HTTP response headers after 66.8186ms - 200
[22:42:28 INF] End processing HTTP request after 67.8708ms - 200
[22:42:28 INF] Start processing HTTP request GET https://www.wikidata.org/w/api.php?*
[22:42:28 INF] Sending HTTP request GET https://www.wikidata.org/w/api.php?*
[22:42:28 INF] Received HTTP response headers after 55.3498ms - 200
[22:42:28 INF] End processing HTTP request after 56.2496ms - 200
[22:42:28 INF] Start processing HTTP request GET https://www.wikidata.org/w/api.php?*
[22:42:28 INF] Sending HTTP request GET https://www.wikidata.org/w/api.php?*
[22:42:28 INF] Received HTTP response headers after 125.0776ms - 200
[22:42:28 INF] End processing HTTP request after 126.2353ms - 200
[22:42:29 INF] Start processing HTTP request GET https://www.wikidata.org/w/api.php?*
[22:42:29 INF] Sending HTTP request GET https://www.wikidata.org/w/api.php?*
[22:42:29 INF] Received HTTP response headers after 78.3932ms - 200
[22:42:29 INF] End processing HTTP request after 79.2348ms - 200
[22:42:29 INF] Start processing HTTP request GET https://www.wikidata.org/w/api.php?*
[22:42:29 INF] Sending HTTP request GET https://www.wikidata.org/w/api.php?*
[22:42:29 INF] Received HTTP response headers after 58.0669ms - 200
[22:42:29 INF] End processing HTTP request after 59.0121ms - 200
[22:42:29 INF] Start processing HTTP request GET https://www.wikidata.org/w/api.php?*
[22:42:29 INF] Sending HTTP request GET https://www.wikidata.org/w/api.php?*
[22:42:29 INF] Received HTTP response headers after 54.8546ms - 200
[22:42:29 INF] End processing HTTP request after 55.6773ms - 200
[22:42:30 INF] Start processing HTTP request GET https://www.wikidata.org/w/api.php?*
[22:42:30 INF] Sending HTTP request GET https://www.wikidata.org/w/api.php?*
[22:42:30 INF] Received HTTP response headers after 57.4367ms - 200
[22:42:30 INF] End processing HTTP request after 58.7551ms - 200
[22:42:30 INF] Start processing HTTP request GET https://www.wikidata.org/w/api.php?*
[22:42:30 INF] Sending HTTP request GET https://www.wikidata.org/w/api.php?*
[22:42:30 INF] Received HTTP response headers after 60.5669ms - 200
[22:42:30 INF] End processing HTTP request after 61.4792ms - 200
[22:42:30 INF] Start processing HTTP request GET https://www.wikidata.org/w/api.php?*
[22:42:30 INF] Sending HTTP request GET https://www.wikidata.org/w/api.php?*
[22:42:30 INF] Received HTTP response headers after 86.6475ms - 200
[22:42:30 INF] End processing HTTP request after 87.987ms - 200
[22:42:31 INF] Start processing HTTP request GET https://www.wikidata.org/w/api.php?*
[22:42:31 INF] Sending HTTP request GET https://www.wikidata.org/w/api.php?*
[22:42:31 INF] Received HTTP response headers after 73.6322ms - 200
[22:42:31 INF] End processing HTTP request after 75.7037ms - 200
[22:42:31 INF] Start processing HTTP request GET https://www.wikidata.org/w/api.php?*
[22:42:31 INF] Sending HTTP request GET https://www.wikidata.org/w/api.php?*
[22:42:31 INF] Received HTTP response headers after 69.4229ms - 200
[22:42:31 INF] End processing HTTP request after 70.6014ms - 200
[22:42:31 INF] Start processing HTTP request GET https://www.wikidata.org/w/api.php?*
[22:42:31 INF] Sending HTTP request GET https://www.wikidata.org/w/api.php?*
[22:42:31 INF] Received HTTP response headers after 68.4686ms - 200
[22:42:31 INF] End processing HTTP request after 69.3949ms - 200
[22:42:32 INF] Start processing HTTP request GET https://www.wikidata.org/w/api.php?*
[22:42:32 INF] Sending HTTP request GET https://www.wikidata.org/w/api.php?*
[22:42:32 INF] Received HTTP response headers after 103.9937ms - 200
[22:42:32 INF] End processing HTTP request after 104.9322ms - 200
[22:42:32 INF] Start processing HTTP request GET https://www.wikidata.org/w/api.php?*
[22:42:32 INF] Sending HTTP request GET https://www.wikidata.org/w/api.php?*
[22:42:32 INF] Received HTTP response headers after 100.1552ms - 200
[22:42:32 INF] End processing HTTP request after 101.0014ms - 200
[22:42:32 INF] Start processing HTTP request GET https://www.wikidata.org/w/api.php?*
[22:42:32 INF] Sending HTTP request GET https://www.wikidata.org/w/api.php?*
[22:42:32 INF] Received HTTP response headers after 202.2096ms - 200
[22:42:32 INF] End processing HTTP request after 203.48ms - 200
[22:42:33 INF] Start processing HTTP request GET https://www.wikidata.org/w/api.php?*
[22:42:33 INF] Sending HTTP request GET https://www.wikidata.org/w/api.php?*
[22:42:33 INF] Received HTTP response headers after 118.4116ms - 200
[22:42:33 INF] End processing HTTP request after 119.778ms - 200
[22:42:33 INF] Start processing HTTP request GET https://www.wikidata.org/w/api.php?*
[22:42:33 INF] Sending HTTP request GET https://www.wikidata.org/w/api.php?*
[22:42:33 INF] Received HTTP response headers after 232.0137ms - 200
[22:42:33 INF] End processing HTTP request after 233.2192ms - 200
[22:42:33 INF] Start processing HTTP request GET https://www.wikidata.org/w/api.php?*
[22:42:33 INF] Sending HTTP request GET https://www.wikidata.org/w/api.php?*
[22:42:33 INF] Received HTTP response headers after 53.2122ms - 200
[22:42:33 INF] End processing HTTP request after 54.0324ms - 200
[22:42:34 INF] Start processing HTTP request GET https://www.wikidata.org/w/api.php?*
[22:42:34 INF] Sending HTTP request GET https://www.wikidata.org/w/api.php?*
[22:42:34 INF] Received HTTP response headers after 46.6474ms - 200
[22:42:34 INF] End processing HTTP request after 48.6611ms - 200
[22:42:34 INF] Start processing HTTP request GET https://www.wikidata.org/w/api.php?*
[22:42:34 INF] Sending HTTP request GET https://www.wikidata.org/w/api.php?*
[22:42:34 INF] Received HTTP response headers after 86.7453ms - 200
[22:42:34 INF] End processing HTTP request after 88.4406ms - 200
[22:42:34 INF] Start processing HTTP request GET https://www.wikidata.org/w/api.php?*
[22:42:34 INF] Sending HTTP request GET https://www.wikidata.org/w/api.php?*
[22:42:34 INF] Received HTTP response headers after 53.9966ms - 200
[22:42:34 INF] End processing HTTP request after 54.9944ms - 200
[22:42:35 INF] Start processing HTTP request GET https://www.wikidata.org/w/api.php?*
[22:42:35 INF] Sending HTTP request GET https://www.wikidata.org/w/api.php?*
[22:42:35 INF] Received HTTP response headers after 93.9954ms - 200
[22:42:35 INF] End processing HTTP request after 95.3731ms - 200
[22:42:35 INF] Start processing HTTP request GET https://www.wikidata.org/w/api.php?*
[22:42:35 INF] Sending HTTP request GET https://www.wikidata.org/w/api.php?*
[22:42:35 INF] Received HTTP response headers after 68.1989ms - 200
[22:42:35 INF] End processing HTTP request after 69.2413ms - 200
[22:42:35 INF] Start processing HTTP request GET https://www.wikidata.org/w/api.php?*
[22:42:35 INF] Sending HTTP request GET https://www.wikidata.org/w/api.php?*
[22:42:35 INF] Received HTTP response headers after 60.2947ms - 200
[22:42:35 INF] End processing HTTP request after 61.3249ms - 200
[22:42:36 INF] Start processing HTTP request GET https://www.wikidata.org/w/api.php?*
[22:42:36 INF] Sending HTTP request GET https://www.wikidata.org/w/api.php?*
[22:42:36 INF] Received HTTP response headers after 43.1202ms - 200
[22:42:36 INF] End processing HTTP request after 44.0138ms - 200
[22:42:36 INF] VibeBatchService: scanning for entities needing vibe tags
[22:42:36 INF] PluginScheduledSegmentService: next run in 03:17:23.6934516
[22:42:36 INF] Start processing HTTP request GET https://www.wikidata.org/w/api.php?*
[22:42:36 INF] Sending HTTP request GET https://www.wikidata.org/w/api.php?*
[22:42:36 INF] Received HTTP response headers after 57.344ms - 200
[22:42:36 INF] End processing HTTP request after 58.2954ms - 200
[22:42:36 WRN] Cannot ensure model TextQuality: state is NotDownloaded
[22:42:36 WRN] Model TextQuality is unavailable
System.InvalidOperationException: Model TextQuality is not available for inference.
   at MediaEngine.AI.Infrastructure.ModelLifecycleManager.AcquireInferenceLeaseAsync(AiModelRole role, CancellationToken cancellationToken) in C:\Users\shaya\OneDrive\Documents\Source\Repos\tuvima-library\src\MediaEngine.AI\Infrastructure\ModelLifecycleManager.cs:line 128
   at MediaEngine.AI.Llama.LlamaInferenceService.InferWithOutcomeAsync(AiModelRole role, String prompt, String gbnfGrammar, InferenceRequestOptions options, CancellationToken ct) in C:\Users\shaya\OneDrive\Documents\Source\Repos\tuvima-library\src\MediaEngine.AI\Llama\LlamaInferenceService.cs:line 119
[22:42:36 WRN] VibeBatchService: failed to tag entity e67f59be-05dc-4f46-802a-3efc9d14fbae
System.InvalidOperationException: Model TextQuality is not available for inference.
   at MediaEngine.AI.Llama.LlamaInferenceService.GetValueOrThrow[T](InferenceOutcome`1 outcome, CancellationToken callerToken) in C:\Users\shaya\OneDrive\Documents\Source\Repos\tuvima-library\src\MediaEngine.AI\Llama\LlamaInferenceService.cs:line 227
   at MediaEngine.AI.Llama.LlamaInferenceService.InferJsonAsync[T](AiModelRole role, String prompt, String gbnfGrammar, CancellationToken ct) in C:\Users\shaya\OneDrive\Documents\Source\Repos\tuvima-library\src\MediaEngine.AI\Llama\LlamaInferenceService.cs:line 93
   at MediaEngine.AI.Features.VibeTagger.TagAsync(String title, String wikipediaSummary, IReadOnlyList`1 genres, String mediaCategory, CancellationToken ct) in C:\Users\shaya\OneDrive\Documents\Source\Repos\tuvima-library\src\MediaEngine.AI\Features\VibeTagger.cs:line 61
   at MediaEngine.Api.Services.VibeBatchService.RunBatchAsync(CancellationToken ct) in C:\Users\shaya\OneDrive\Documents\Source\Repos\tuvima-library\src\MediaEngine.Api\Services\VibeBatchService.cs:line 135
[22:42:36 WRN] Cannot ensure model TextQuality: state is NotDownloaded
[22:42:36 WRN] Model TextQuality is unavailable
System.InvalidOperationException: Model TextQuality is not available for inference.
   at MediaEngine.AI.Infrastructure.ModelLifecycleManager.AcquireInferenceLeaseAsync(AiModelRole role, CancellationToken cancellationToken) in C:\Users\shaya\OneDrive\Documents\Source\Repos\tuvima-library\src\MediaEngine.AI\Infrastructure\ModelLifecycleManager.cs:line 128
   at MediaEngine.AI.Llama.LlamaInferenceService.InferWithOutcomeAsync(AiModelRole role, String prompt, String gbnfGrammar, InferenceRequestOptions options, CancellationToken ct) in C:\Users\shaya\OneDrive\Documents\Source\Repos\tuvima-library\src\MediaEngine.AI\Llama\LlamaInferenceService.cs:line 119
[22:42:36 WRN] VibeBatchService: failed to tag entity 5ae4817b-1e64-4ce5-9d71-fc3220708f7a
System.InvalidOperationException: Model TextQuality is not available for inference.
   at MediaEngine.AI.Llama.LlamaInferenceService.GetValueOrThrow[T](InferenceOutcome`1 outcome, CancellationToken callerToken) in C:\Users\shaya\OneDrive\Documents\Source\Repos\tuvima-library\src\MediaEngine.AI\Llama\LlamaInferenceService.cs:line 227
   at MediaEngine.AI.Llama.LlamaInferenceService.InferJsonAsync[T](AiModelRole role, String prompt, String gbnfGrammar, CancellationToken ct) in C:\Users\shaya\OneDrive\Documents\Source\Repos\tuvima-library\src\MediaEngine.AI\Llama\LlamaInferenceService.cs:line 93
   at MediaEngine.AI.Features.VibeTagger.TagAsync(String title, String wikipediaSummary, IReadOnlyList`1 genres, String mediaCategory, CancellationToken ct) in C:\Users\shaya\OneDrive\Documents\Source\Repos\tuvima-library\src\MediaEngine.AI\Features\VibeTagger.cs:line 61
   at MediaEngine.Api.Services.VibeBatchService.RunBatchAsync(CancellationToken ct) in C:\Users\shaya\OneDrive\Documents\Source\Repos\tuvima-library\src\MediaEngine.Api\Services\VibeBatchService.cs:line 135
[22:42:36 WRN] Cannot ensure model TextQuality: state is NotDownloaded
[22:42:36 WRN] Model TextQuality is unavailable
System.InvalidOperationException: Model TextQuality is not available for inference.
   at MediaEngine.AI.Infrastructure.ModelLifecycleManager.AcquireInferenceLeaseAsync(AiModelRole role, CancellationToken cancellationToken) in C:\Users\shaya\OneDrive\Documents\Source\Repos\tuvima-library\src\MediaEngine.AI\Infrastructure\ModelLifecycleManager.cs:line 128
   at MediaEngine.AI.Llama.LlamaInferenceService.InferWithOutcomeAsync(AiModelRole role, String prompt, String gbnfGrammar, InferenceRequestOptions options, CancellationToken ct) in C:\Users\shaya\OneDrive\Documents\Source\Repos\tuvima-library\src\MediaEngine.AI\Llama\LlamaInferenceService.cs:line 119
[22:42:36 WRN] VibeBatchService: failed to tag entity 69345422-6e7d-497c-97bb-77df52b5adea
System.InvalidOperationException: Model TextQuality is not available for inference.
   at MediaEngine.AI.Llama.LlamaInferenceService.GetValueOrThrow[T](InferenceOutcome`1 outcome, CancellationToken callerToken) in C:\Users\shaya\OneDrive\Documents\Source\Repos\tuvima-library\src\MediaEngine.AI\Llama\LlamaInferenceService.cs:line 227
   at MediaEngine.AI.Llama.LlamaInferenceService.InferJsonAsync[T](AiModelRole role, String prompt, String gbnfGrammar, CancellationToken ct) in C:\Users\shaya\OneDrive\Documents\Source\Repos\tuvima-library\src\MediaEngine.AI\Llama\LlamaInferenceService.cs:line 93
   at MediaEngine.AI.Features.VibeTagger.TagAsync(String title, String wikipediaSummary, IReadOnlyList`1 genres, String mediaCategory, CancellationToken ct) in C:\Users\shaya\OneDrive\Documents\Source\Repos\tuvima-library\src\MediaEngine.AI\Features\VibeTagger.cs:line 61
   at MediaEngine.Api.Services.VibeBatchService.RunBatchAsync(CancellationToken ct) in C:\Users\shaya\OneDrive\Documents\Source\Repos\tuvima-library\src\MediaEngine.Api\Services\VibeBatchService.cs:line 135
[22:42:36 WRN] Cannot ensure model TextQuality: state is NotDownloaded
[22:42:36 WRN] Model TextQuality is unavailable
System.InvalidOperationException: Model TextQuality is not available for inference.
   at MediaEngine.AI.Infrastructure.ModelLifecycleManager.AcquireInferenceLeaseAsync(AiModelRole role, CancellationToken cancellationToken) in C:\Users\shaya\OneDrive\Documents\Source\Repos\tuvima-library\src\MediaEngine.AI\Infrastructure\ModelLifecycleManager.cs:line 128
   at MediaEngine.AI.Llama.LlamaInferenceService.InferWithOutcomeAsync(AiModelRole role, String prompt, String gbnfGrammar, InferenceRequestOptions options, CancellationToken ct) in C:\Users\shaya\OneDrive\Documents\Source\Repos\tuvima-library\src\MediaEngine.AI\Llama\LlamaInferenceService.cs:line 119
[22:42:36 WRN] VibeBatchService: failed to tag entity 758c495a-4d9f-446d-b052-5aef4f7002e9
System.InvalidOperationException: Model TextQuality is not available for inference.
   at MediaEngine.AI.Llama.LlamaInferenceService.GetValueOrThrow[T](InferenceOutcome`1 outcome, CancellationToken callerToken) in C:\Users\shaya\OneDrive\Documents\Source\Repos\tuvima-library\src\MediaEngine.AI\Llama\LlamaInferenceService.cs:line 227
   at MediaEngine.AI.Llama.LlamaInferenceService.InferJsonAsync[T](AiModelRole role, String prompt, String gbnfGrammar, CancellationToken ct) in C:\Users\shaya\OneDrive\Documents\Source\Repos\tuvima-library\src\MediaEngine.AI\Llama\LlamaInferenceService.cs:line 93
   at MediaEngine.AI.Features.VibeTagger.TagAsync(String title, String wikipediaSummary, IReadOnlyList`1 genres, String mediaCategory, CancellationToken ct) in C:\Users\shaya\OneDrive\Documents\Source\Repos\tuvima-library\src\MediaEngine.AI\Features\VibeTagger.cs:line 61
   at MediaEngine.Api.Services.VibeBatchService.RunBatchAsync(CancellationToken ct) in C:\Users\shaya\OneDrive\Documents\Source\Repos\tuvima-library\src\MediaEngine.Api\Services\VibeBatchService.cs:line 135
[22:42:36 WRN] Cannot ensure model TextQuality: state is NotDownloaded
[22:42:36 WRN] Model TextQuality is unavailable
System.InvalidOperationException: Model TextQuality is not available for inference.
   at MediaEngine.AI.Infrastructure.ModelLifecycleManager.AcquireInferenceLeaseAsync(AiModelRole role, CancellationToken cancellationToken) in C:\Users\shaya\OneDrive\Documents\Source\Repos\tuvima-library\src\MediaEngine.AI\Infrastructure\ModelLifecycleManager.cs:line 128
   at MediaEngine.AI.Llama.LlamaInferenceService.InferWithOutcomeAsync(AiModelRole role, String prompt, String gbnfGrammar, InferenceRequestOptions options, CancellationToken ct) in C:\Users\shaya\OneDrive\Documents\Source\Repos\tuvima-library\src\MediaEngine.AI\Llama\LlamaInferenceService.cs:line 119
[22:42:36 WRN] VibeBatchService: failed to tag entity 7ed80469-1813-4b59-b5b5-4946cf0b9544
System.InvalidOperationException: Model TextQuality is not available for inference.
   at MediaEngine.AI.Llama.LlamaInferenceService.GetValueOrThrow[T](InferenceOutcome`1 outcome, CancellationToken callerToken) in C:\Users\shaya\OneDrive\Documents\Source\Repos\tuvima-library\src\MediaEngine.AI\Llama\LlamaInferenceService.cs:line 227
   at MediaEngine.AI.Llama.LlamaInferenceService.InferJsonAsync[T](AiModelRole role, String prompt, String gbnfGrammar, CancellationToken ct) in C:\Users\shaya\OneDrive\Documents\Source\Repos\tuvima-library\src\MediaEngine.AI\Llama\LlamaInferenceService.cs:line 93
   at MediaEngine.AI.Features.VibeTagger.TagAsync(String title, String wikipediaSummary, IReadOnlyList`1 genres, String mediaCategory, CancellationToken ct) in C:\Users\shaya\OneDrive\Documents\Source\Repos\tuvima-library\src\MediaEngine.AI\Features\VibeTagger.cs:line 61
   at MediaEngine.Api.Services.VibeBatchService.RunBatchAsync(CancellationToken ct) in C:\Users\shaya\OneDrive\Documents\Source\Repos\tuvima-library\src\MediaEngine.Api\Services\VibeBatchService.cs:line 135
[22:42:36 WRN] Cannot ensure model TextQuality: state is NotDownloaded
[22:42:36 WRN] Model TextQuality is unavailable
System.InvalidOperationException: Model TextQuality is not available for inference.
   at MediaEngine.AI.Infrastructure.ModelLifecycleManager.AcquireInferenceLeaseAsync(AiModelRole role, CancellationToken cancellationToken) in C:\Users\shaya\OneDrive\Documents\Source\Repos\tuvima-library\src\MediaEngine.AI\Infrastructure\ModelLifecycleManager.cs:line 128
   at MediaEngine.AI.Llama.LlamaInferenceService.InferWithOutcomeAsync(AiModelRole role, String prompt, String gbnfGrammar, InferenceRequestOptions options, CancellationToken ct) in C:\Users\shaya\OneDrive\Documents\Source\Repos\tuvima-library\src\MediaEngine.AI\Llama\LlamaInferenceService.cs:line 119
[22:42:36 WRN] VibeBatchService: failed to tag entity b4acdaef-753a-4827-8307-a8cac8362bc0
System.InvalidOperationException: Model TextQuality is not available for inference.
   at MediaEngine.AI.Llama.LlamaInferenceService.GetValueOrThrow[T](InferenceOutcome`1 outcome, CancellationToken callerToken) in C:\Users\shaya\OneDrive\Documents\Source\Repos\tuvima-library\src\MediaEngine.AI\Llama\LlamaInferenceService.cs:line 227
   at MediaEngine.AI.Llama.LlamaInferenceService.InferJsonAsync[T](AiModelRole role, String prompt, String gbnfGrammar, CancellationToken ct) in C:\Users\shaya\OneDrive\Documents\Source\Repos\tuvima-library\src\MediaEngine.AI\Llama\LlamaInferenceService.cs:line 93
   at MediaEngine.AI.Features.VibeTagger.TagAsync(String title, String wikipediaSummary, IReadOnlyList`1 genres, String mediaCategory, CancellationToken ct) in C:\Users\shaya\OneDrive\Documents\Source\Repos\tuvima-library\src\MediaEngine.AI\Features\VibeTagger.cs:line 61
   at MediaEngine.Api.Services.VibeBatchService.RunBatchAsync(CancellationToken ct) in C:\Users\shaya\OneDrive\Documents\Source\Repos\tuvima-library\src\MediaEngine.Api\Services\VibeBatchService.cs:line 135
[22:42:36 WRN] Cannot ensure model TextQuality: state is NotDownloaded
[22:42:36 WRN] Model TextQuality is unavailable
System.InvalidOperationException: Model TextQuality is not available for inference.
   at MediaEngine.AI.Infrastructure.ModelLifecycleManager.AcquireInferenceLeaseAsync(AiModelRole role, CancellationToken cancellationToken) in C:\Users\shaya\OneDrive\Documents\Source\Repos\tuvima-library\src\MediaEngine.AI\Infrastructure\ModelLifecycleManager.cs:line 128
   at MediaEngine.AI.Llama.LlamaInferenceService.InferWithOutcomeAsync(AiModelRole role, String prompt, String gbnfGrammar, InferenceRequestOptions options, CancellationToken ct) in C:\Users\shaya\OneDrive\Documents\Source\Repos\tuvima-library\src\MediaEngine.AI\Llama\LlamaInferenceService.cs:line 119
[22:42:36 WRN] VibeBatchService: failed to tag entity de8c3a58-2df0-41d7-a05a-8e125acb462e
System.InvalidOperationException: Model TextQuality is not available for inference.
   at MediaEngine.AI.Llama.LlamaInferenceService.GetValueOrThrow[T](InferenceOutcome`1 outcome, CancellationToken callerToken) in C:\Users\shaya\OneDrive\Documents\Source\Repos\tuvima-library\src\MediaEngine.AI\Llama\LlamaInferenceService.cs:line 227
   at MediaEngine.AI.Llama.LlamaInferenceService.InferJsonAsync[T](AiModelRole role, String prompt, String gbnfGrammar, CancellationToken ct) in C:\Users\shaya\OneDrive\Documents\Source\Repos\tuvima-library\src\MediaEngine.AI\Llama\LlamaInferenceService.cs:line 93
   at MediaEngine.AI.Features.VibeTagger.TagAsync(String title, String wikipediaSummary, IReadOnlyList`1 genres, String mediaCategory, CancellationToken ct) in C:\Users\shaya\OneDrive\Documents\Source\Repos\tuvima-library\src\MediaEngine.AI\Features\VibeTagger.cs:line 61
   at MediaEngine.Api.Services.VibeBatchService.RunBatchAsync(CancellationToken ct) in C:\Users\shaya\OneDrive\Documents\Source\Repos\tuvima-library\src\MediaEngine.Api\Services\VibeBatchService.cs:line 135
[22:42:36 WRN] Cannot ensure model TextQuality: state is NotDownloaded
[22:42:36 WRN] Model TextQuality is unavailable
System.InvalidOperationException: Model TextQuality is not available for inference.
   at MediaEngine.AI.Infrastructure.ModelLifecycleManager.AcquireInferenceLeaseAsync(AiModelRole role, CancellationToken cancellationToken) in C:\Users\shaya\OneDrive\Documents\Source\Repos\tuvima-library\src\MediaEngine.AI\Infrastructure\ModelLifecycleManager.cs:line 128
   at MediaEngine.AI.Llama.LlamaInferenceService.InferWithOutcomeAsync(AiModelRole role, String prompt, String gbnfGrammar, InferenceRequestOptions options, CancellationToken ct) in C:\Users\shaya\OneDrive\Documents\Source\Repos\tuvima-library\src\MediaEngine.AI\Llama\LlamaInferenceService.cs:line 119
[22:42:36 WRN] VibeBatchService: failed to tag entity 7010c05c-9ca3-4c44-abac-8dee23c0dec7
System.InvalidOperationException: Model TextQuality is not available for inference.
   at MediaEngine.AI.Llama.LlamaInferenceService.GetValueOrThrow[T](InferenceOutcome`1 outcome, CancellationToken callerToken) in C:\Users\shaya\OneDrive\Documents\Source\Repos\tuvima-library\src\MediaEngine.AI\Llama\LlamaInferenceService.cs:line 227
   at MediaEngine.AI.Llama.LlamaInferenceService.InferJsonAsync[T](AiModelRole role, String prompt, String gbnfGrammar, CancellationToken ct) in C:\Users\shaya\OneDrive\Documents\Source\Repos\tuvima-library\src\MediaEngine.AI\Llama\LlamaInferenceService.cs:line 93
   at MediaEngine.AI.Features.VibeTagger.TagAsync(String title, String wikipediaSummary, IReadOnlyList`1 genres, String mediaCategory, CancellationToken ct) in C:\Users\shaya\OneDrive\Documents\Source\Repos\tuvima-library\src\MediaEngine.AI\Features\VibeTagger.cs:line 61
   at MediaEngine.Api.Services.VibeBatchService.RunBatchAsync(CancellationToken ct) in C:\Users\shaya\OneDrive\Documents\Source\Repos\tuvima-library\src\MediaEngine.Api\Services\VibeBatchService.cs:line 135
[22:42:36 WRN] Cannot ensure model TextQuality: state is NotDownloaded
[22:42:36 WRN] Model TextQuality is unavailable
System.InvalidOperationException: Model TextQuality is not available for inference.
   at MediaEngine.AI.Infrastructure.ModelLifecycleManager.AcquireInferenceLeaseAsync(AiModelRole role, CancellationToken cancellationToken) in C:\Users\shaya\OneDrive\Documents\Source\Repos\tuvima-library\src\MediaEngine.AI\Infrastructure\ModelLifecycleManager.cs:line 128
   at MediaEngine.AI.Llama.LlamaInferenceService.InferWithOutcomeAsync(AiModelRole role, String prompt, String gbnfGrammar, InferenceRequestOptions options, CancellationToken ct) in C:\Users\shaya\OneDrive\Documents\Source\Repos\tuvima-library\src\MediaEngine.AI\Llama\LlamaInferenceService.cs:line 119
[22:42:36 WRN] VibeBatchService: failed to tag entity 37a745bb-d61c-4fae-be48-dc4eecb01e49
System.InvalidOperationException: Model TextQuality is not available for inference.
   at MediaEngine.AI.Llama.LlamaInferenceService.GetValueOrThrow[T](InferenceOutcome`1 outcome, CancellationToken callerToken) in C:\Users\shaya\OneDrive\Documents\Source\Repos\tuvima-library\src\MediaEngine.AI\Llama\LlamaInferenceService.cs:line 227
   at MediaEngine.AI.Llama.LlamaInferenceService.InferJsonAsync[T](AiModelRole role, String prompt, String gbnfGrammar, CancellationToken ct) in C:\Users\shaya\OneDrive\Documents\Source\Repos\tuvima-library\src\MediaEngine.AI\Llama\LlamaInferenceService.cs:line 93
   at MediaEngine.AI.Features.VibeTagger.TagAsync(String title, String wikipediaSummary, IReadOnlyList`1 genres, String mediaCategory, CancellationToken ct) in C:\Users\shaya\OneDrive\Documents\Source\Repos\tuvima-library\src\MediaEngine.AI\Features\VibeTagger.cs:line 61
   at MediaEngine.Api.Services.VibeBatchService.RunBatchAsync(CancellationToken ct) in C:\Users\shaya\OneDrive\Documents\Source\Repos\tuvima-library\src\MediaEngine.Api\Services\VibeBatchService.cs:line 135
[22:42:36 WRN] Cannot ensure model TextQuality: state is NotDownloaded
[22:42:36 WRN] Model TextQuality is unavailable
System.InvalidOperationException: Model TextQuality is not available for inference.
   at MediaEngine.AI.Infrastructure.ModelLifecycleManager.AcquireInferenceLeaseAsync(AiModelRole role, CancellationToken cancellationToken) in C:\Users\shaya\OneDrive\Documents\Source\Repos\tuvima-library\src\MediaEngine.AI\Infrastructure\ModelLifecycleManager.cs:line 128
   at MediaEngine.AI.Llama.LlamaInferenceService.InferWithOutcomeAsync(AiModelRole role, String prompt, String gbnfGrammar, InferenceRequestOptions options, CancellationToken ct) in C:\Users\shaya\OneDrive\Documents\Source\Repos\tuvima-library\src\MediaEngine.AI\Llama\LlamaInferenceService.cs:line 119
[22:42:36 WRN] VibeBatchService: failed to tag entity 0d789b91-afd2-46a1-8067-c0822c3eaa81
System.InvalidOperationException: Model TextQuality is not available for inference.
   at MediaEngine.AI.Llama.LlamaInferenceService.GetValueOrThrow[T](InferenceOutcome`1 outcome, CancellationToken callerToken) in C:\Users\shaya\OneDrive\Documents\Source\Repos\tuvima-library\src\MediaEngine.AI\Llama\LlamaInferenceService.cs:line 227
   at MediaEngine.AI.Llama.LlamaInferenceService.InferJsonAsync[T](AiModelRole role, String prompt, String gbnfGrammar, CancellationToken ct) in C:\Users\shaya\OneDrive\Documents\Source\Repos\tuvima-library\src\MediaEngine.AI\Llama\LlamaInferenceService.cs:line 93
   at MediaEngine.AI.Features.VibeTagger.TagAsync(String title, String wikipediaSummary, IReadOnlyList`1 genres, String mediaCategory, CancellationToken ct) in C:\Users\shaya\OneDrive\Documents\Source\Repos\tuvima-library\src\MediaEngine.AI\Features\VibeTagger.cs:line 61
   at MediaEngine.Api.Services.VibeBatchService.RunBatchAsync(CancellationToken ct) in C:\Users\shaya\OneDrive\Documents\Source\Repos\tuvima-library\src\MediaEngine.Api\Services\VibeBatchService.cs:line 135
[22:42:36 WRN] Cannot ensure model TextQuality: state is NotDownloaded
[22:42:36 WRN] Model TextQuality is unavailable
System.InvalidOperationException: Model TextQuality is not available for inference.
   at MediaEngine.AI.Infrastructure.ModelLifecycleManager.AcquireInferenceLeaseAsync(AiModelRole role, CancellationToken cancellationToken) in C:\Users\shaya\OneDrive\Documents\Source\Repos\tuvima-library\src\MediaEngine.AI\Infrastructure\ModelLifecycleManager.cs:line 128
   at MediaEngine.AI.Llama.LlamaInferenceService.InferWithOutcomeAsync(AiModelRole role, String prompt, String gbnfGrammar, InferenceRequestOptions options, CancellationToken ct) in C:\Users\shaya\OneDrive\Documents\Source\Repos\tuvima-library\src\MediaEngine.AI\Llama\LlamaInferenceService.cs:line 119
[22:42:36 WRN] VibeBatchService: failed to tag entity c91cc4b5-7a75-4275-8b97-8f3868ab370d
System.InvalidOperationException: Model TextQuality is not available for inference.
   at MediaEngine.AI.Llama.LlamaInferenceService.GetValueOrThrow[T](InferenceOutcome`1 outcome, CancellationToken callerToken) in C:\Users\shaya\OneDrive\Documents\Source\Repos\tuvima-library\src\MediaEngine.AI\Llama\LlamaInferenceService.cs:line 227
   at MediaEngine.AI.Llama.LlamaInferenceService.InferJsonAsync[T](AiModelRole role, String prompt, String gbnfGrammar, CancellationToken ct) in C:\Users\shaya\OneDrive\Documents\Source\Repos\tuvima-library\src\MediaEngine.AI\Llama\LlamaInferenceService.cs:line 93
   at MediaEngine.AI.Features.VibeTagger.TagAsync(String title, String wikipediaSummary, IReadOnlyList`1 genres, String mediaCategory, CancellationToken ct) in C:\Users\shaya\OneDrive\Documents\Source\Repos\tuvima-library\src\MediaEngine.AI\Features\VibeTagger.cs:line 61
   at MediaEngine.Api.Services.VibeBatchService.RunBatchAsync(CancellationToken ct) in C:\Users\shaya\OneDrive\Documents\Source\Repos\tuvima-library\src\MediaEngine.Api\Services\VibeBatchService.cs:line 135
[22:42:36 WRN] Cannot ensure model TextQuality: state is NotDownloaded
[22:42:36 WRN] Model TextQuality is unavailable
System.InvalidOperationException: Model TextQuality is not available for inference.
   at MediaEngine.AI.Infrastructure.ModelLifecycleManager.AcquireInferenceLeaseAsync(AiModelRole role, CancellationToken cancellationToken) in C:\Users\shaya\OneDrive\Documents\Source\Repos\tuvima-library\src\MediaEngine.AI\Infrastructure\ModelLifecycleManager.cs:line 128
   at MediaEngine.AI.Llama.LlamaInferenceService.InferWithOutcomeAsync(AiModelRole role, String prompt, String gbnfGrammar, InferenceRequestOptions options, CancellationToken ct) in C:\Users\shaya\OneDrive\Documents\Source\Repos\tuvima-library\src\MediaEngine.AI\Llama\LlamaInferenceService.cs:line 119
[22:42:36 WRN] VibeBatchService: failed to tag entity 33b509e0-49b9-4b34-9b3a-ef5e8b6a39c0
System.InvalidOperationException: Model TextQuality is not available for inference.
   at MediaEngine.AI.Llama.LlamaInferenceService.GetValueOrThrow[T](InferenceOutcome`1 outcome, CancellationToken callerToken) in C:\Users\shaya\OneDrive\Documents\Source\Repos\tuvima-library\src\MediaEngine.AI\Llama\LlamaInferenceService.cs:line 227
   at MediaEngine.AI.Llama.LlamaInferenceService.InferJsonAsync[T](AiModelRole role, String prompt, String gbnfGrammar, CancellationToken ct) in C:\Users\shaya\OneDrive\Documents\Source\Repos\tuvima-library\src\MediaEngine.AI\Llama\LlamaInferenceService.cs:line 93
   at MediaEngine.AI.Features.VibeTagger.TagAsync(String title, String wikipediaSummary, IReadOnlyList`1 genres, String mediaCategory, CancellationToken ct) in C:\Users\shaya\OneDrive\Documents\Source\Repos\tuvima-library\src\MediaEngine.AI\Features\VibeTagger.cs:line 61
   at MediaEngine.Api.Services.VibeBatchService.RunBatchAsync(CancellationToken ct) in C:\Users\shaya\OneDrive\Documents\Source\Repos\tuvima-library\src\MediaEngine.Api\Services\VibeBatchService.cs:line 135
[22:42:36 WRN] Cannot ensure model TextQuality: state is NotDownloaded
[22:42:36 WRN] Model TextQuality is unavailable
System.InvalidOperationException: Model TextQuality is not available for inference.
   at MediaEngine.AI.Infrastructure.ModelLifecycleManager.AcquireInferenceLeaseAsync(AiModelRole role, CancellationToken cancellationToken) in C:\Users\shaya\OneDrive\Documents\Source\Repos\tuvima-library\src\MediaEngine.AI\Infrastructure\ModelLifecycleManager.cs:line 128
   at MediaEngine.AI.Llama.LlamaInferenceService.InferWithOutcomeAsync(AiModelRole role, String prompt, String gbnfGrammar, InferenceRequestOptions options, CancellationToken ct) in C:\Users\shaya\OneDrive\Documents\Source\Repos\tuvima-library\src\MediaEngine.AI\Llama\LlamaInferenceService.cs:line 119
[22:42:36 WRN] VibeBatchService: failed to tag entity 072a7459-1aff-4eaf-ab06-4f782f193b4c
System.InvalidOperationException: Model TextQuality is not available for inference.
   at MediaEngine.AI.Llama.LlamaInferenceService.GetValueOrThrow[T](InferenceOutcome`1 outcome, CancellationToken callerToken) in C:\Users\shaya\OneDrive\Documents\Source\Repos\tuvima-library\src\MediaEngine.AI\Llama\LlamaInferenceService.cs:line 227
   at MediaEngine.AI.Llama.LlamaInferenceService.InferJsonAsync[T](AiModelRole role, String prompt, String gbnfGrammar, CancellationToken ct) in C:\Users\shaya\OneDrive\Documents\Source\Repos\tuvima-library\src\MediaEngine.AI\Llama\LlamaInferenceService.cs:line 93
   at MediaEngine.AI.Features.VibeTagger.TagAsync(String title, String wikipediaSummary, IReadOnlyList`1 genres, String mediaCategory, CancellationToken ct) in C:\Users\shaya\OneDrive\Documents\Source\Repos\tuvima-library\src\MediaEngine.AI\Features\VibeTagger.cs:line 61
   at MediaEngine.Api.Services.VibeBatchService.RunBatchAsync(CancellationToken ct) in C:\Users\shaya\OneDrive\Documents\Source\Repos\tuvima-library\src\MediaEngine.Api\Services\VibeBatchService.cs:line 135
[22:42:36 INF] VibeBatchService: tagged 0 entities
[22:42:36 INF] VibeBatchService: next run in 05:17:23.3350903
[22:42:36 INF] Start processing HTTP request GET https://www.wikidata.org/w/api.php?*
[22:42:36 INF] Sending HTTP request GET https://www.wikidata.org/w/api.php?*
[22:42:36 INF] Received HTTP response headers after 65.8606ms - 200
[22:42:36 INF] End processing HTTP request after 66.9391ms - 200
[22:42:38 INF] Start processing HTTP request GET https://www.wikidata.org/w/api.php?*
[22:42:38 INF] Sending HTTP request GET https://www.wikidata.org/w/api.php?*
[22:42:38 INF] Received HTTP response headers after 61.9676ms - 200
[22:42:38 INF] End processing HTTP request after 63.0238ms - 200
[22:42:38 INF] Start processing HTTP request GET https://www.wikidata.org/w/api.php?*
[22:42:38 INF] Sending HTTP request GET https://www.wikidata.org/w/api.php?*
[22:42:38 INF] Received HTTP response headers after 76.1392ms - 200
[22:42:38 INF] End processing HTTP request after 77.0465ms - 200
[22:42:38 INF] Start processing HTTP request GET https://www.wikidata.org/w/api.php?*
[22:42:38 INF] Sending HTTP request GET https://www.wikidata.org/w/api.php?*
[22:42:38 INF] Received HTTP response headers after 68.8568ms - 200
[22:42:38 INF] End processing HTTP request after 69.9054ms - 200
[22:42:39 INF] Start processing HTTP request GET https://www.wikidata.org/w/api.php?*
[22:42:39 INF] Sending HTTP request GET https://www.wikidata.org/w/api.php?*
[22:42:39 INF] Received HTTP response headers after 102.4695ms - 200
[22:42:39 INF] End processing HTTP request after 103.3882ms - 200
[22:42:39 INF] Start processing HTTP request GET https://www.wikidata.org/w/api.php?*
[22:42:39 INF] Sending HTTP request GET https://www.wikidata.org/w/api.php?*
[22:42:39 INF] Received HTTP response headers after 99.676ms - 200
[22:42:39 INF] End processing HTTP request after 100.8179ms - 200
[22:42:39 INF] Start processing HTTP request GET https://www.wikidata.org/w/api.php?*
[22:42:39 INF] Sending HTTP request GET https://www.wikidata.org/w/api.php?*
[22:42:39 INF] Received HTTP response headers after 50.6762ms - 200
[22:42:39 INF] End processing HTTP request after 54.0356ms - 200
[22:42:40 INF] Start processing HTTP request GET https://www.wikidata.org/w/api.php?*
[22:42:40 INF] Sending HTTP request GET https://www.wikidata.org/w/api.php?*
[22:42:40 INF] Received HTTP response headers after 76.7248ms - 200
[22:42:40 INF] End processing HTTP request after 77.9148ms - 200
[22:42:40 INF] Start processing HTTP request GET https://www.wikidata.org/w/api.php?*
[22:42:40 INF] Sending HTTP request GET https://www.wikidata.org/w/api.php?*
[22:42:40 INF] Received HTTP response headers after 64.6431ms - 200
[22:42:40 INF] End processing HTTP request after 65.7536ms - 200
[22:42:40 INF] Start processing HTTP request GET https://www.wikidata.org/w/api.php?*
[22:42:40 INF] Sending HTTP request GET https://www.wikidata.org/w/api.php?*
[22:42:40 INF] Received HTTP response headers after 81.7377ms - 200
[22:42:40 INF] End processing HTTP request after 82.6592ms - 200
[22:42:41 INF] Start processing HTTP request GET https://www.wikidata.org/w/api.php?*
[22:42:41 INF] Sending HTTP request GET https://www.wikidata.org/w/api.php?*
[22:42:41 INF] Received HTTP response headers after 61.5434ms - 200
[22:42:41 INF] End processing HTTP request after 62.8563ms - 200
[22:42:41 INF] Start processing HTTP request GET https://www.wikidata.org/w/api.php?*
[22:42:41 INF] Sending HTTP request GET https://www.wikidata.org/w/api.php?*
[22:42:41 INF] Received HTTP response headers after 68.7249ms - 200
[22:42:41 INF] End processing HTTP request after 70.2346ms - 200
[22:42:41 INF] Start processing HTTP request GET https://www.wikidata.org/w/api.php?*
[22:42:41 INF] Sending HTTP request GET https://www.wikidata.org/w/api.php?*
[22:42:41 INF] Received HTTP response headers after 99.298ms - 200
[22:42:41 INF] End processing HTTP request after 100.7301ms - 200
[22:42:42 INF] Start processing HTTP request GET https://www.wikidata.org/w/api.php?*
[22:42:42 INF] Sending HTTP request GET https://www.wikidata.org/w/api.php?*
[22:42:42 INF] Received HTTP response headers after 111.941ms - 200
[22:42:42 INF] End processing HTTP request after 112.8347ms - 200
[22:42:42 INF] Start processing HTTP request GET https://www.wikidata.org/w/api.php?*
[22:42:42 INF] Sending HTTP request GET https://www.wikidata.org/w/api.php?*
[22:42:42 INF] Received HTTP response headers after 85.537ms - 200
[22:42:42 INF] End processing HTTP request after 86.6427ms - 200
[22:42:42 INF] Start processing HTTP request GET https://www.wikidata.org/w/api.php?*
[22:42:42 INF] Sending HTTP request GET https://www.wikidata.org/w/api.php?*
[22:42:42 INF] Received HTTP response headers after 99.0216ms - 200
[22:42:42 INF] End processing HTTP request after 100.3621ms - 200
[22:42:43 INF] Start processing HTTP request GET https://www.wikidata.org/w/api.php?*
[22:42:43 INF] Sending HTTP request GET https://www.wikidata.org/w/api.php?*
[22:42:43 INF] Received HTTP response headers after 61.6998ms - 200
[22:42:43 INF] End processing HTTP request after 62.658ms - 200
[22:42:43 INF] Start processing HTTP request GET https://www.wikidata.org/w/api.php?*
[22:42:43 INF] Sending HTTP request GET https://www.wikidata.org/w/api.php?*
[22:42:43 INF] Received HTTP response headers after 62.0458ms - 200
[22:42:43 INF] End processing HTTP request after 62.9917ms - 200
[22:42:43 INF] Start processing HTTP request GET https://www.wikidata.org/w/api.php?*
[22:42:43 INF] Sending HTTP request GET https://www.wikidata.org/w/api.php?*
[22:42:43 INF] Received HTTP response headers after 117.938ms - 200
[22:42:43 INF] End processing HTTP request after 119.0833ms - 200
[22:42:44 INF] Start processing HTTP request GET https://www.wikidata.org/w/api.php?*
[22:42:44 INF] Sending HTTP request GET https://www.wikidata.org/w/api.php?*
[22:42:44 INF] Start processing HTTP request GET https://www.wikidata.org/w/api.php?*
[22:42:44 INF] Sending HTTP request GET https://www.wikidata.org/w/api.php?*
[22:42:44 INF] Received HTTP response headers after 87.2143ms - 200
[22:42:44 INF] End processing HTTP request after 88.282ms - 200
[22:42:44 INF] Start processing HTTP request GET https://www.wikidata.org/w/api.php?*
[22:42:44 INF] Sending HTTP request GET https://www.wikidata.org/w/api.php?*
[22:42:44 INF] Received HTTP response headers after 796.3005ms - 200
[22:42:44 INF] End processing HTTP request after 797.163ms - 200
[22:42:44 INF] Received HTTP response headers after 141.1123ms - 200
[22:42:44 INF] End processing HTTP request after 141.9523ms - 200
[22:42:45 INF] Start processing HTTP request GET https://www.wikidata.org/w/api.php?*
[22:42:45 INF] Sending HTTP request GET https://www.wikidata.org/w/api.php?*
[22:42:45 INF] Received HTTP response headers after 118.6558ms - 200
[22:42:45 INF] End processing HTTP request after 119.7936ms - 200
[22:42:45 INF] Start processing HTTP request GET https://www.wikidata.org/w/api.php?*
[22:42:45 INF] Sending HTTP request GET https://www.wikidata.org/w/api.php?*
[22:42:45 INF] Received HTTP response headers after 94.3051ms - 200
[22:42:45 INF] End processing HTTP request after 95.5568ms - 200
[22:42:45 INF] Start processing HTTP request GET https://www.wikidata.org/w/api.php?*
[22:42:45 INF] Sending HTTP request GET https://www.wikidata.org/w/api.php?*
[22:42:46 INF] Received HTTP response headers after 356.8662ms - 200
[22:42:46 INF] End processing HTTP request after 357.7629ms - 200
[22:42:46 INF] Start processing HTTP request GET https://www.wikidata.org/w/api.php?*
[22:42:46 INF] Sending HTTP request GET https://www.wikidata.org/w/api.php?*
[22:42:46 INF] Received HTTP response headers after 81.2484ms - 200
[22:42:46 INF] End processing HTTP request after 82.0561ms - 200
[22:42:46 INF] Start processing HTTP request GET https://www.wikidata.org/w/api.php?*
[22:42:46 INF] Sending HTTP request GET https://www.wikidata.org/w/api.php?*
[22:42:46 INF] Received HTTP response headers after 110.6189ms - 200
[22:42:46 INF] End processing HTTP request after 111.5666ms - 200
[22:42:46 INF] Start processing HTTP request GET https://www.wikidata.org/w/api.php?*
[22:42:46 INF] Sending HTTP request GET https://www.wikidata.org/w/api.php?*
[22:42:47 INF] Received HTTP response headers after 174.393ms - 200
[22:42:47 INF] End processing HTTP request after 175.5539ms - 200
[22:42:47 INF] Start processing HTTP request GET https://www.wikidata.org/w/api.php?*
[22:42:47 INF] Sending HTTP request GET https://www.wikidata.org/w/api.php?*
[22:42:47 INF] Received HTTP response headers after 98.0944ms - 200
[22:42:47 INF] End processing HTTP request after 102.6211ms - 200
[22:42:47 INF] Start processing HTTP request GET https://www.wikidata.org/w/api.php?*
[22:42:47 INF] Sending HTTP request GET https://www.wikidata.org/w/api.php?*
[22:42:47 INF] Received HTTP response headers after 89.5129ms - 200
[22:42:47 INF] End processing HTTP request after 90.9606ms - 200
[22:42:47 INF] Start processing HTTP request GET https://www.wikidata.org/w/api.php?*
[22:42:47 INF] Sending HTTP request GET https://www.wikidata.org/w/api.php?*
[22:42:48 INF] Received HTTP response headers after 148.0532ms - 200
[22:42:48 INF] End processing HTTP request after 149.2881ms - 200
[22:42:48 INF] Start processing HTTP request GET https://www.wikidata.org/w/api.php?*
[22:42:48 INF] Sending HTTP request GET https://www.wikidata.org/w/api.php?*
[22:42:48 INF] Received HTTP response headers after 85.9779ms - 200
[22:42:48 INF] End processing HTTP request after 86.9218ms - 200
[22:42:48 INF] Start processing HTTP request GET https://www.wikidata.org/w/api.php?*
[22:42:48 INF] Sending HTTP request GET https://www.wikidata.org/w/api.php?*
[22:42:48 INF] Received HTTP response headers after 92.156ms - 200
[22:42:48 INF] End processing HTTP request after 94.9756ms - 200
[22:42:48 INF] Start processing HTTP request GET https://www.wikidata.org/w/api.php?*
[22:42:48 INF] Sending HTTP request GET https://www.wikidata.org/w/api.php?*
[22:42:48 INF] Received HTTP response headers after 80.8026ms - 200
[22:42:48 INF] End processing HTTP request after 81.7053ms - 200
[22:42:49 INF] Start processing HTTP request GET https://www.wikidata.org/w/api.php?*
[22:42:49 INF] Sending HTTP request GET https://www.wikidata.org/w/api.php?*
[22:42:49 INF] Received HTTP response headers after 109.5891ms - 200
[22:42:49 INF] End processing HTTP request after 110.4114ms - 200
[22:42:49 INF] Start processing HTTP request GET https://www.wikidata.org/w/api.php?*
[22:42:49 INF] Sending HTTP request GET https://www.wikidata.org/w/api.php?*
[22:42:49 INF] Received HTTP response headers after 71.0505ms - 200
[22:42:49 INF] End processing HTTP request after 71.994ms - 200
[22:42:49 INF] Start processing HTTP request GET https://www.wikidata.org/w/api.php?*
[22:42:49 INF] Sending HTTP request GET https://www.wikidata.org/w/api.php?*
[22:42:49 INF] Received HTTP response headers after 79.1857ms - 200
[22:42:49 INF] End processing HTTP request after 79.9373ms - 200
[22:42:50 INF] Start processing HTTP request GET https://www.wikidata.org/w/api.php?*
[22:42:50 INF] Sending HTTP request GET https://www.wikidata.org/w/api.php?*
[22:42:50 INF] Received HTTP response headers after 101.4689ms - 200
[22:42:50 INF] End processing HTTP request after 102.4012ms - 200
[22:42:50 INF] Start processing HTTP request GET https://www.wikidata.org/w/api.php?*
[22:42:50 INF] Sending HTTP request GET https://www.wikidata.org/w/api.php?*
[22:42:50 INF] Received HTTP response headers after 184.3427ms - 200
[22:42:50 INF] End processing HTTP request after 185.3127ms - 200
[22:42:50 INF] Start processing HTTP request GET https://www.wikidata.org/w/api.php?*
[22:42:50 INF] Sending HTTP request GET https://www.wikidata.org/w/api.php?*
[22:42:51 INF] Received HTTP response headers after 98.2999ms - 200
[22:42:51 INF] End processing HTTP request after 99.2102ms - 200
[22:42:51 INF] Start processing HTTP request GET https://www.wikidata.org/w/api.php?*
[22:42:51 INF] Sending HTTP request GET https://www.wikidata.org/w/api.php?*
[22:42:51 INF] Received HTTP response headers after 105.559ms - 200
[22:42:51 INF] End processing HTTP request after 106.8776ms - 200
[22:42:51 INF] Start processing HTTP request GET https://www.wikidata.org/w/api.php?*
[22:42:51 INF] Sending HTTP request GET https://www.wikidata.org/w/api.php?*
[22:42:51 INF] Received HTTP response headers after 107.0543ms - 200
[22:42:51 INF] End processing HTTP request after 107.9135ms - 200
[22:42:51 INF] Start processing HTTP request GET https://www.wikidata.org/w/api.php?*
[22:42:51 INF] Sending HTTP request GET https://www.wikidata.org/w/api.php?*
[22:42:52 INF] Received HTTP response headers after 210.4224ms - 200
[22:42:52 INF] End processing HTTP request after 211.6626ms - 200
[22:42:52 INF] Start processing HTTP request GET https://www.wikidata.org/w/api.php?*
[22:42:52 INF] Sending HTTP request GET https://www.wikidata.org/w/api.php?*
[22:42:52 INF] Received HTTP response headers after 70.5264ms - 200
[22:42:52 INF] End processing HTTP request after 71.468ms - 200
[22:42:52 INF] Start processing HTTP request GET https://www.wikidata.org/w/api.php?*
[22:42:52 INF] Sending HTTP request GET https://www.wikidata.org/w/api.php?*
[22:42:52 INF] Received HTTP response headers after 55.9506ms - 200
[22:42:52 INF] End processing HTTP request after 56.8193ms - 200
[22:42:52 INF] Start processing HTTP request GET https://www.wikidata.org/w/api.php?*
[22:42:52 INF] Sending HTTP request GET https://www.wikidata.org/w/api.php?*
[22:42:52 INF] Received HTTP response headers after 72.1254ms - 200
[22:42:52 INF] End processing HTTP request after 72.9525ms - 200
[22:42:53 INF] Start processing HTTP request GET https://www.wikidata.org/w/api.php?*
[22:42:53 INF] Sending HTTP request GET https://www.wikidata.org/w/api.php?*
[22:42:53 INF] Received HTTP response headers after 105.4317ms - 200
[22:42:53 INF] End processing HTTP request after 106.2517ms - 200
[22:42:53 INF] Start processing HTTP request GET https://www.wikidata.org/w/api.php?*
[22:42:53 INF] Sending HTTP request GET https://www.wikidata.org/w/api.php?*
[22:42:53 INF] Received HTTP response headers after 123.5075ms - 200
[22:42:53 INF] End processing HTTP request after 125.0223ms - 200
[22:42:53 INF] Start processing HTTP request GET https://www.wikidata.org/w/api.php?*
[22:42:53 INF] Sending HTTP request GET https://www.wikidata.org/w/api.php?*
[22:42:53 INF] Received HTTP response headers after 84.5807ms - 200
[22:42:53 INF] End processing HTTP request after 85.3567ms - 200
[22:42:54 INF] Start processing HTTP request GET https://www.wikidata.org/w/api.php?*
[22:42:54 INF] Sending HTTP request GET https://www.wikidata.org/w/api.php?*
[22:42:54 INF] Received HTTP response headers after 107.996ms - 200
[22:42:54 INF] End processing HTTP request after 109.0126ms - 200
[22:42:54 INF] Start processing HTTP request GET https://www.wikidata.org/w/api.php?*
[22:42:54 INF] Sending HTTP request GET https://www.wikidata.org/w/api.php?*
[22:42:54 INF] Received HTTP response headers after 98.377ms - 200
[22:42:54 INF] End processing HTTP request after 99.2552ms - 200
[22:42:54 INF] Start processing HTTP request GET https://www.wikidata.org/w/api.php?*
[22:42:54 INF] Sending HTTP request GET https://www.wikidata.org/w/api.php?*
[22:42:54 INF] Received HTTP response headers after 93.5224ms - 200
[22:42:54 INF] End processing HTTP request after 94.3861ms - 200
[22:42:55 INF] Start processing HTTP request GET https://www.wikidata.org/w/api.php?*
[22:42:55 INF] Sending HTTP request GET https://www.wikidata.org/w/api.php?*
[22:42:55 INF] Received HTTP response headers after 182.855ms - 200
[22:42:55 INF] End processing HTTP request after 184.6582ms - 200
[22:42:55 INF] Start processing HTTP request GET https://www.wikidata.org/w/api.php?*
[22:42:55 INF] Sending HTTP request GET https://www.wikidata.org/w/api.php?*
[22:42:55 INF] Received HTTP response headers after 76.8779ms - 200
[22:42:55 INF] End processing HTTP request after 77.7219ms - 200
[22:42:55 INF] Start processing HTTP request GET https://www.wikidata.org/w/api.php?*
[22:42:55 INF] Sending HTTP request GET https://www.wikidata.org/w/api.php?*
[22:42:55 INF] Received HTTP response headers after 61.8968ms - 200
[22:42:55 INF] End processing HTTP request after 62.8563ms - 200
[22:42:56 INF] Start processing HTTP request GET https://www.wikidata.org/w/api.php?*
[22:42:56 INF] Sending HTTP request GET https://www.wikidata.org/w/api.php?*
[22:42:56 INF] Received HTTP response headers after 106.5457ms - 200
[22:42:56 INF] End processing HTTP request after 107.4479ms - 200
[22:42:56 INF] Start processing HTTP request GET https://www.wikidata.org/w/api.php?*
[22:42:56 INF] Sending HTTP request GET https://www.wikidata.org/w/api.php?*
[22:42:56 INF] Received HTTP response headers after 55.1054ms - 200
[22:42:56 INF] End processing HTTP request after 57.0627ms - 200
[22:42:56 INF] Start processing HTTP request GET https://www.wikidata.org/w/api.php?*
[22:42:56 INF] Sending HTTP request GET https://www.wikidata.org/w/api.php?*
[22:42:56 INF] Received HTTP response headers after 58.4773ms - 200
[22:42:56 INF] End processing HTTP request after 59.4098ms - 200
[22:42:57 INF] Start processing HTTP request GET https://www.wikidata.org/w/api.php?*
[22:42:57 INF] Sending HTTP request GET https://www.wikidata.org/w/api.php?*
[22:42:57 INF] Received HTTP response headers after 60.7153ms - 200
[22:42:57 INF] End processing HTTP request after 61.6065ms - 200
[22:42:57 INF] Start processing HTTP request GET https://www.wikidata.org/w/api.php?*
[22:42:57 INF] Sending HTTP request GET https://www.wikidata.org/w/api.php?*
[22:42:57 INF] Received HTTP response headers after 121.0942ms - 200
[22:42:57 INF] End processing HTTP request after 121.9397ms - 200
[22:42:57 INF] Start processing HTTP request GET https://www.wikidata.org/w/api.php?*
[22:42:57 INF] Sending HTTP request GET https://www.wikidata.org/w/api.php?*
[22:42:57 INF] Received HTTP response headers after 68.3535ms - 200
[22:42:57 INF] End processing HTTP request after 69.1841ms - 200
[22:42:58 INF] Start processing HTTP request GET https://www.wikidata.org/w/api.php?*
[22:42:58 INF] Sending HTTP request GET https://www.wikidata.org/w/api.php?*
[22:42:58 INF] Received HTTP response headers after 124.8661ms - 200
[22:42:58 INF] End processing HTTP request after 126.0739ms - 200
[22:42:58 INF] Start processing HTTP request GET https://www.wikidata.org/w/api.php?*
[22:42:58 INF] Sending HTTP request GET https://www.wikidata.org/w/api.php?*
[22:42:58 INF] Received HTTP response headers after 102.0283ms - 200
[22:42:58 INF] End processing HTTP request after 102.7742ms - 200
[22:42:58 INF] Start processing HTTP request GET https://www.wikidata.org/w/api.php?*
[22:42:58 INF] Sending HTTP request GET https://www.wikidata.org/w/api.php?*
[22:42:59 INF] Received HTTP response headers after 107.975ms - 200
[22:42:59 INF] End processing HTTP request after 109.1746ms - 200
[22:42:59 INF] Start processing HTTP request GET https://www.wikidata.org/w/api.php?*
[22:42:59 INF] Sending HTTP request GET https://www.wikidata.org/w/api.php?*
[22:42:59 INF] Received HTTP response headers after 85.8519ms - 200
[22:42:59 INF] End processing HTTP request after 86.7049ms - 200
[22:42:59 INF] Start processing HTTP request GET https://www.wikidata.org/w/api.php?*
[22:42:59 INF] Sending HTTP request GET https://www.wikidata.org/w/api.php?*
[22:42:59 INF] Received HTTP response headers after 114.4142ms - 200
[22:42:59 INF] End processing HTTP request after 115.3201ms - 200
[22:42:59 INF] Start processing HTTP request GET https://www.wikidata.org/w/api.php?*
[22:42:59 INF] Sending HTTP request GET https://www.wikidata.org/w/api.php?*
[22:42:59 INF] Received HTTP response headers after 82.4087ms - 200
[22:42:59 INF] End processing HTTP request after 83.8388ms - 200
[22:43:00 INF] Start processing HTTP request GET https://www.wikidata.org/w/api.php?*
[22:43:00 INF] Sending HTTP request GET https://www.wikidata.org/w/api.php?*
[22:43:00 INF] Received HTTP response headers after 399.8451ms - 200
[22:43:00 INF] End processing HTTP request after 400.7335ms - 200
[22:43:00 INF] Start processing HTTP request GET https://www.wikidata.org/w/api.php?*
[22:43:00 INF] Sending HTTP request GET https://www.wikidata.org/w/api.php?*
[22:43:00 INF] Received HTTP response headers after 112.9019ms - 200
[22:43:00 INF] End processing HTTP request after 113.5214ms - 200
[22:43:00 INF] Start processing HTTP request GET https://www.wikidata.org/w/api.php?*
[22:43:00 INF] Sending HTTP request GET https://www.wikidata.org/w/api.php?*
[22:43:01 INF] Received HTTP response headers after 104.6248ms - 200
[22:43:01 INF] End processing HTTP request after 105.4915ms - 200
[22:43:01 INF] Start processing HTTP request GET https://www.wikidata.org/w/api.php?*
[22:43:01 INF] Sending HTTP request GET https://www.wikidata.org/w/api.php?*
[22:43:01 INF] Received HTTP response headers after 162.9715ms - 200
[22:43:01 INF] End processing HTTP request after 163.9766ms - 200
[22:43:01 INF] Start processing HTTP request GET https://www.wikidata.org/w/api.php?*
[22:43:01 INF] Sending HTTP request GET https://www.wikidata.org/w/api.php?*
[22:43:01 INF] Received HTTP response headers after 49.7416ms - 200
[22:43:01 INF] End processing HTTP request after 50.6281ms - 200
[22:43:01 INF] Start processing HTTP request GET https://www.wikidata.org/w/api.php?*
[22:43:01 INF] Sending HTTP request GET https://www.wikidata.org/w/api.php?*
[22:43:02 INF] Received HTTP response headers after 61.3162ms - 200
[22:43:02 INF] End processing HTTP request after 62.3014ms - 200
[22:43:02 INF] Start processing HTTP request GET https://www.wikidata.org/w/api.php?*
[22:43:02 INF] Sending HTTP request GET https://www.wikidata.org/w/api.php?*
[22:43:02 INF] Received HTTP response headers after 54.7256ms - 200
[22:43:02 INF] End processing HTTP request after 55.5568ms - 200
[22:43:02 INF] Start processing HTTP request GET https://www.wikidata.org/w/api.php?*
[22:43:02 INF] Sending HTTP request GET https://www.wikidata.org/w/api.php?*
[22:43:02 INF] Received HTTP response headers after 62.5055ms - 200
[22:43:02 INF] End processing HTTP request after 63.283ms - 200
[22:43:02 INF] Start processing HTTP request GET https://www.wikidata.org/w/api.php?*
[22:43:02 INF] Sending HTTP request GET https://www.wikidata.org/w/api.php?*
[22:43:03 INF] Received HTTP response headers after 69.7493ms - 200
[22:43:03 INF] End processing HTTP request after 70.9344ms - 200
[22:43:03 INF] Start processing HTTP request GET https://www.wikidata.org/w/api.php?*
[22:43:03 INF] Sending HTTP request GET https://www.wikidata.org/w/api.php?*
[22:43:03 INF] Received HTTP response headers after 81.5844ms - 200
[22:43:03 INF] End processing HTTP request after 82.3664ms - 200
[22:43:03 INF] Start processing HTTP request GET https://www.wikidata.org/w/api.php?*
[22:43:03 INF] Sending HTTP request GET https://www.wikidata.org/w/api.php?*
[22:43:03 INF] Received HTTP response headers after 50.6008ms - 200
[22:43:03 INF] End processing HTTP request after 51.5843ms - 200
[22:43:03 INF] Start processing HTTP request GET https://www.wikidata.org/w/api.php?*
[22:43:03 INF] Sending HTTP request GET https://www.wikidata.org/w/api.php?*
[22:43:04 INF] Received HTTP response headers after 71.4386ms - 200
[22:43:04 INF] End processing HTTP request after 72.3341ms - 200
[22:43:04 INF] Start processing HTTP request GET https://www.wikidata.org/w/api.php?*
[22:43:04 INF] Sending HTTP request GET https://www.wikidata.org/w/api.php?*
[22:43:04 INF] Received HTTP response headers after 72.9673ms - 200
[22:43:04 INF] End processing HTTP request after 73.8941ms - 200
[22:43:04 INF] Start processing HTTP request GET https://www.wikidata.org/w/api.php?*
[22:43:04 INF] Sending HTTP request GET https://www.wikidata.org/w/api.php?*
[22:43:04 INF] Received HTTP response headers after 78.6903ms - 200
[22:43:04 INF] End processing HTTP request after 79.8747ms - 200
[22:43:04 INF] Start processing HTTP request GET https://www.wikidata.org/w/api.php?*
[22:43:04 INF] Sending HTTP request GET https://www.wikidata.org/w/api.php?*
[22:43:05 INF] Received HTTP response headers after 71.5581ms - 200
[22:43:05 INF] End processing HTTP request after 72.3713ms - 200
[22:43:05 INF] Start processing HTTP request GET https://www.wikidata.org/w/api.php?*
[22:43:05 INF] Sending HTTP request GET https://www.wikidata.org/w/api.php?*
[22:43:05 INF] Received HTTP response headers after 110.8154ms - 200
[22:43:05 INF] End processing HTTP request after 111.7156ms - 200
[22:43:05 INF] Start processing HTTP request GET https://www.wikidata.org/w/api.php?*
[22:43:05 INF] Sending HTTP request GET https://www.wikidata.org/w/api.php?*
[22:43:05 INF] Received HTTP response headers after 77.7338ms - 200
[22:43:05 INF] End processing HTTP request after 78.51ms - 200
[22:43:05 INF] Start processing HTTP request GET https://www.wikidata.org/w/api.php?*
[22:43:05 INF] Sending HTTP request GET https://www.wikidata.org/w/api.php?*
[22:43:06 INF] Received HTTP response headers after 81.5059ms - 200
[22:43:06 INF] End processing HTTP request after 82.1529ms - 200
[22:43:06 INF] Start processing HTTP request GET https://www.wikidata.org/w/api.php?*
[22:43:06 INF] Sending HTTP request GET https://www.wikidata.org/w/api.php?*
[22:43:06 INF] Received HTTP response headers after 91.7568ms - 200
[22:43:06 INF] End processing HTTP request after 92.7772ms - 200
[22:43:06 INF] Start processing HTTP request GET https://www.wikidata.org/w/api.php?*
[22:43:06 INF] Sending HTTP request GET https://www.wikidata.org/w/api.php?*
[22:43:06 INF] Received HTTP response headers after 95.4908ms - 200
[22:43:06 INF] End processing HTTP request after 96.3645ms - 200
[22:43:06 INF] Start processing HTTP request GET https://www.wikidata.org/w/api.php?*
[22:43:06 INF] Sending HTTP request GET https://www.wikidata.org/w/api.php?*
[22:43:07 INF] Received HTTP response headers after 43.3486ms - 200
[22:43:07 INF] End processing HTTP request after 44.2421ms - 200
[22:43:07 INF] Start processing HTTP request GET https://www.wikidata.org/w/api.php?*
[22:43:07 INF] Sending HTTP request GET https://www.wikidata.org/w/api.php?*
[22:43:07 INF] Received HTTP response headers after 57.0975ms - 200
[22:43:07 INF] End processing HTTP request after 57.9997ms - 200
[22:43:07 INF] Start processing HTTP request GET https://www.wikidata.org/w/api.php?*
[22:43:07 INF] Sending HTTP request GET https://www.wikidata.org/w/api.php?*
[22:43:07 INF] Received HTTP response headers after 101.591ms - 200
[22:43:07 INF] End processing HTTP request after 102.3499ms - 200
[22:43:07 INF] Start processing HTTP request GET https://www.wikidata.org/w/api.php?*
[22:43:07 INF] Sending HTTP request GET https://www.wikidata.org/w/api.php?*
[22:43:08 INF] Received HTTP response headers after 138.6263ms - 200
[22:43:08 INF] End processing HTTP request after 139.7653ms - 200
[22:43:08 INF] Start processing HTTP request GET https://www.wikidata.org/w/api.php?*
[22:43:08 INF] Sending HTTP request GET https://www.wikidata.org/w/api.php?*
[22:43:08 INF] Received HTTP response headers after 76.968ms - 200
[22:43:08 INF] End processing HTTP request after 77.8602ms - 200
[22:43:08 INF] Start processing HTTP request GET https://www.wikidata.org/w/api.php?*
[22:43:08 INF] Sending HTTP request GET https://www.wikidata.org/w/api.php?*
[22:43:08 INF] Received HTTP response headers after 86.5437ms - 200
[22:43:08 INF] End processing HTTP request after 87.4069ms - 200
[22:43:08 INF] Start processing HTTP request GET https://www.wikidata.org/w/api.php?*
[22:43:08 INF] Sending HTTP request GET https://www.wikidata.org/w/api.php?*
[22:43:09 INF] Received HTTP response headers after 107.4972ms - 200
[22:43:09 INF] End processing HTTP request after 108.3446ms - 200
[22:43:09 INF] Start processing HTTP request GET https://www.wikidata.org/w/api.php?*
[22:43:09 INF] Sending HTTP request GET https://www.wikidata.org/w/api.php?*
[22:43:09 INF] Received HTTP response headers after 51.9427ms - 200
[22:43:09 INF] End processing HTTP request after 52.794ms - 200
[22:43:09 INF] Start processing HTTP request GET https://www.wikidata.org/w/api.php?*
[22:43:09 INF] Sending HTTP request GET https://www.wikidata.org/w/api.php?*
[22:43:09 INF] Received HTTP response headers after 90.8856ms - 200
[22:43:09 INF] End processing HTTP request after 91.8684ms - 200
[22:43:09 INF] Start processing HTTP request GET https://www.wikidata.org/w/api.php?*
[22:43:09 INF] Sending HTTP request GET https://www.wikidata.org/w/api.php?*
[22:43:10 INF] Received HTTP response headers after 105.5388ms - 200
[22:43:10 INF] End processing HTTP request after 106.3562ms - 200
[22:43:10 INF] Start processing HTTP request GET https://www.wikidata.org/w/api.php?*
[22:43:10 INF] Sending HTTP request GET https://www.wikidata.org/w/api.php?*
[22:43:10 INF] Received HTTP response headers after 97.1863ms - 200
[22:43:10 INF] End processing HTTP request after 98.0569ms - 200
[22:43:10 INF] Start processing HTTP request GET https://www.wikidata.org/w/api.php?*
[22:43:10 INF] Sending HTTP request GET https://www.wikidata.org/w/api.php?*
[22:43:10 INF] Received HTTP response headers after 85.538ms - 200
[22:43:10 INF] End processing HTTP request after 86.6026ms - 200
[22:43:10 INF] Start processing HTTP request GET https://www.wikidata.org/w/api.php?*
[22:43:10 INF] Sending HTTP request GET https://www.wikidata.org/w/api.php?*
[22:43:11 INF] Received HTTP response headers after 96.0262ms - 200
[22:43:11 INF] End processing HTTP request after 96.8347ms - 200
[22:43:11 INF] Start processing HTTP request GET https://www.wikidata.org/w/api.php?*
[22:43:11 INF] Sending HTTP request GET https://www.wikidata.org/w/api.php?*
[22:43:11 INF] Received HTTP response headers after 85.0229ms - 200
[22:43:11 INF] End processing HTTP request after 85.8406ms - 200
[22:43:11 INF] Start processing HTTP request GET https://www.wikidata.org/w/api.php?*
[22:43:11 INF] Sending HTTP request GET https://www.wikidata.org/w/api.php?*
[22:43:11 INF] Received HTTP response headers after 112.6415ms - 200
[22:43:11 INF] End processing HTTP request after 113.5349ms - 200
[22:43:11 INF] Start processing HTTP request GET https://www.wikidata.org/w/api.php?*
[22:43:11 INF] Sending HTTP request GET https://www.wikidata.org/w/api.php?*
[22:43:12 INF] Received HTTP response headers after 97.6199ms - 200
[22:43:12 INF] End processing HTTP request after 98.5323ms - 200
[22:43:12 INF] Start processing HTTP request GET https://www.wikidata.org/w/api.php?*
[22:43:12 INF] Sending HTTP request GET https://www.wikidata.org/w/api.php?*
[22:43:12 INF] Received HTTP response headers after 106.4667ms - 200
[22:43:12 INF] End processing HTTP request after 107.2407ms - 200
[22:43:12 INF] Start processing HTTP request GET https://www.wikidata.org/w/api.php?*
[22:43:12 INF] Sending HTTP request GET https://www.wikidata.org/w/api.php?*
[22:43:12 INF] Received HTTP response headers after 60.5046ms - 200
[22:43:12 INF] End processing HTTP request after 61.2533ms - 200
[22:43:12 INF] Start processing HTTP request GET https://www.wikidata.org/w/api.php?*
[22:43:12 INF] Sending HTTP request GET https://www.wikidata.org/w/api.php?*
[22:43:13 INF] Received HTTP response headers after 83.3184ms - 200
[22:43:13 INF] End processing HTTP request after 84.1355ms - 200
[22:43:13 INF] Start processing HTTP request GET https://www.wikidata.org/w/api.php?*
[22:43:13 INF] Sending HTTP request GET https://www.wikidata.org/w/api.php?*
[22:43:13 INF] Received HTTP response headers after 124.9252ms - 200
[22:43:13 INF] End processing HTTP request after 125.7679ms - 200
[22:43:13 INF] Start processing HTTP request GET https://www.wikidata.org/w/api.php?*
[22:43:13 INF] Sending HTTP request GET https://www.wikidata.org/w/api.php?*
[22:43:13 INF] Received HTTP response headers after 76.4273ms - 200
[22:43:13 INF] End processing HTTP request after 77.5853ms - 200
[22:43:13 INF] Start processing HTTP request GET https://www.wikidata.org/w/api.php?*
[22:43:13 INF] Sending HTTP request GET https://www.wikidata.org/w/api.php?*
[22:43:14 INF] Received HTTP response headers after 90.0428ms - 200
[22:43:14 INF] End processing HTTP request after 90.8634ms - 200
[22:43:14 INF] Start processing HTTP request GET https://www.wikidata.org/w/api.php?*
[22:43:14 INF] Sending HTTP request GET https://www.wikidata.org/w/api.php?*
[22:43:14 INF] Received HTTP response headers after 428.5382ms - 200
[22:43:14 INF] End processing HTTP request after 429.498ms - 200
[22:43:14 INF] Start processing HTTP request GET https://www.wikidata.org/w/api.php?*
[22:43:14 INF] Sending HTTP request GET https://www.wikidata.org/w/api.php?*
[22:43:14 INF] Received HTTP response headers after 54.4902ms - 200
[22:43:14 INF] End processing HTTP request after 55.2324ms - 200
[22:43:15 INF] Start processing HTTP request GET https://www.wikidata.org/w/api.php?*
[22:43:15 INF] Sending HTTP request GET https://www.wikidata.org/w/api.php?*
[22:43:15 INF] Received HTTP response headers after 69.7778ms - 200
[22:43:15 INF] End processing HTTP request after 70.5632ms - 200
[22:43:15 INF] Start processing HTTP request GET https://www.wikidata.org/w/api.php?*
[22:43:15 INF] Sending HTTP request GET https://www.wikidata.org/w/api.php?*
[22:43:15 INF] Received HTTP response headers after 65.6343ms - 200
[22:43:15 INF] End processing HTTP request after 67.0795ms - 200
[22:43:15 INF] Start processing HTTP request GET https://www.wikidata.org/w/api.php?*
[22:43:15 INF] Sending HTTP request GET https://www.wikidata.org/w/api.php?*
[22:43:15 INF] Received HTTP response headers after 62.7862ms - 200
[22:43:15 INF] End processing HTTP request after 63.7138ms - 200
[22:43:16 INF] Start processing HTTP request GET https://www.wikidata.org/w/api.php?*
[22:43:16 INF] Sending HTTP request GET https://www.wikidata.org/w/api.php?*
[22:43:16 INF] Received HTTP response headers after 36.7291ms - 200
[22:43:16 INF] End processing HTTP request after 38.0636ms - 200
[22:43:16 INF] Start processing HTTP request GET https://www.wikidata.org/w/api.php?*
[22:43:16 INF] Sending HTTP request GET https://www.wikidata.org/w/api.php?*
[22:43:16 INF] Received HTTP response headers after 41.674ms - 200
[22:43:16 INF] End processing HTTP request after 42.6201ms - 200
[22:43:16 INF] Start processing HTTP request GET https://www.wikidata.org/w/api.php?*
[22:43:16 INF] Sending HTTP request GET https://www.wikidata.org/w/api.php?*
[22:43:16 INF] Received HTTP response headers after 62.8313ms - 200
[22:43:16 INF] End processing HTTP request after 63.709ms - 200
[22:43:17 INF] Start processing HTTP request GET https://www.wikidata.org/w/api.php?*
[22:43:17 INF] Sending HTTP request GET https://www.wikidata.org/w/api.php?*
[22:43:17 INF] Received HTTP response headers after 59.7758ms - 200
[22:43:17 INF] End processing HTTP request after 60.5469ms - 200
[22:43:17 INF] Start processing HTTP request GET https://www.wikidata.org/w/api.php?*
[22:43:17 INF] Sending HTTP request GET https://www.wikidata.org/w/api.php?*
[22:43:17 INF] Received HTTP response headers after 53.0995ms - 200
[22:43:17 INF] End processing HTTP request after 54.1402ms - 200
[22:43:17 INF] Start processing HTTP request GET https://www.wikidata.org/w/api.php?*
[22:43:17 INF] Sending HTTP request GET https://www.wikidata.org/w/api.php?*
[22:43:17 INF] Received HTTP response headers after 81.66ms - 200
[22:43:17 INF] End processing HTTP request after 82.4767ms - 200
[22:43:18 INF] Start processing HTTP request GET https://www.wikidata.org/w/api.php?*
[22:43:18 INF] Sending HTTP request GET https://www.wikidata.org/w/api.php?*
[22:43:18 INF] Received HTTP response headers after 50.8848ms - 200
[22:43:18 INF] End processing HTTP request after 52.4068ms - 200
[22:43:18 INF] Start processing HTTP request GET https://www.wikidata.org/w/api.php?*
[22:43:18 INF] Sending HTTP request GET https://www.wikidata.org/w/api.php?*
[22:43:18 INF] Received HTTP response headers after 61.273ms - 200
[22:43:18 INF] End processing HTTP request after 62.1245ms - 200
[22:43:18 INF] Start processing HTTP request GET https://www.wikidata.org/w/api.php?*
[22:43:18 INF] Sending HTTP request GET https://www.wikidata.org/w/api.php?*
[22:43:18 INF] Received HTTP response headers after 84.6434ms - 200
[22:43:18 INF] End processing HTTP request after 85.4371ms - 200
[22:43:19 INF] Start processing HTTP request GET https://www.wikidata.org/w/api.php?*
[22:43:19 INF] Sending HTTP request GET https://www.wikidata.org/w/api.php?*
[22:43:19 INF] Received HTTP response headers after 75.766ms - 200
[22:43:19 INF] End processing HTTP request after 76.9231ms - 200
[22:43:19 INF] Start processing HTTP request GET https://www.wikidata.org/w/api.php?*
[22:43:19 INF] Sending HTTP request GET https://www.wikidata.org/w/api.php?*
[22:43:19 INF] Received HTTP response headers after 62.1858ms - 200
[22:43:19 INF] End processing HTTP request after 63.0286ms - 200
[22:43:19 INF] Start processing HTTP request GET https://www.wikidata.org/w/api.php?*
[22:43:19 INF] Sending HTTP request GET https://www.wikidata.org/w/api.php?*
[22:43:19 INF] Received HTTP response headers after 95.734ms - 200
[22:43:19 INF] End processing HTTP request after 97.102ms - 200
[22:43:20 INF] Start processing HTTP request GET https://www.wikidata.org/w/api.php?*
[22:43:20 INF] Sending HTTP request GET https://www.wikidata.org/w/api.php?*
[22:43:20 INF] Received HTTP response headers after 61.9155ms - 200
[22:43:20 INF] End processing HTTP request after 62.7746ms - 200
[22:43:20 INF] Start processing HTTP request GET https://www.wikidata.org/w/api.php?*
[22:43:20 INF] Sending HTTP request GET https://www.wikidata.org/w/api.php?*
[22:43:20 INF] Received HTTP response headers after 139.6643ms - 200
[22:43:20 INF] End processing HTTP request after 140.5561ms - 200
[22:43:20 INF] Start processing HTTP request GET https://www.wikidata.org/w/api.php?*
[22:43:20 INF] Sending HTTP request GET https://www.wikidata.org/w/api.php?*
[22:43:20 INF] Received HTTP response headers after 72.2071ms - 200
[22:43:20 INF] End processing HTTP request after 73.0697ms - 200
[22:43:21 INF] Start processing HTTP request GET https://www.wikidata.org/w/api.php?*
[22:43:21 INF] Sending HTTP request GET https://www.wikidata.org/w/api.php?*
[22:43:21 INF] Received HTTP response headers after 93.089ms - 200
[22:43:21 INF] End processing HTTP request after 94.0905ms - 200
[22:43:21 INF] Start processing HTTP request GET https://www.wikidata.org/w/api.php?*
[22:43:21 INF] Sending HTTP request GET https://www.wikidata.org/w/api.php?*
[22:43:21 INF] Received HTTP response headers after 60.6616ms - 200
[22:43:21 INF] End processing HTTP request after 61.8099ms - 200
[22:43:21 INF] wikidata_reconciliation: Stage2 — resolved 002fb63a-89b7-4691-873f-0e4ff8218bf3 → Q62521463 via TextSearch (isEdition=True, claims=6, bridgeIds=4)
[22:43:21 INF] wikidata_reconciliation: Stage2 — resolved 3f5025b2-e3ea-4b2c-9273-7760d11de54b → Q6535598 via TextSearch (isEdition=False, claims=7, bridgeIds=2)
[22:43:21 INF] wikidata_reconciliation: Stage2 — resolved 54638ef5-cbd6-4057-8a55-4a5e780e0815 → Q15942359 via TextSearch (isEdition=True, claims=2, bridgeIds=0)
[22:43:21 INF] wikidata_reconciliation: Stage2 — resolved 2160ff1d-e8a3-43a4-aaf7-af71a9c2116d → Q25338 via TextSearch (isEdition=False, claims=3, bridgeIds=2)
[22:43:21 INF] wikidata_reconciliation: Stage2 — resolved 4dbb81d4-aac5-491d-a59f-d26b025071fc → Q107545582 via TextSearch (isEdition=True, claims=7, bridgeIds=5)
[22:43:21 INF] wikidata_reconciliation: Stage2 - rejected bcca2bc1-d1bd-4e59-9381-9a47aeee0505 -> Q719960: P31 does not match Audiobooks
[22:43:21 INF] wikidata_reconciliation: Stage2 - rejected bcca2bc1-d1bd-4e59-9381-9a47aeee0505 -> Q116783524: P31 does not match Audiobooks
[22:43:21 INF] wikidata_reconciliation: Stage2 - rejected bcca2bc1-d1bd-4e59-9381-9a47aeee0505 -> Q117706379: P31 does not match Audiobooks
[22:43:21 INF] wikidata_reconciliation: Stage2 - rejected bcca2bc1-d1bd-4e59-9381-9a47aeee0505 -> Q118213987: P31 does not match Audiobooks
[22:43:21 INF] wikidata_reconciliation: Stage2 - rejected bcca2bc1-d1bd-4e59-9381-9a47aeee0505 -> Q126106498: P31 does not match Audiobooks
[22:43:21 INF] wikidata_reconciliation: Stage2 — resolved b096a206-25c0-43c1-98dd-d1616a633753 → Q662029 via TextSearch (isEdition=False, claims=7, bridgeIds=2)
[22:43:21 INF] wikidata_reconciliation: Stage2 — 2ea6bda7-e96a-4173-aa19-5edccfd7fe86 not resolved
[22:43:21 INF] wikidata_reconciliation: Stage2 — resolved f04079f2-1a61-47bb-b445-f57f4dc25314 → Q47209 via TextSearch (isEdition=False, claims=8, bridgeIds=2)
[22:43:21 INF] wikidata_reconciliation: Stage2 — resolved f1140072-c3b5-4bfb-ba05-44190e6bb349 → Q1140295 via TextSearch (isEdition=False, claims=3, bridgeIds=1)
[22:43:21 INF] wikidata_reconciliation: Stage2 — da58ed31-a21c-42e6-9ed6-ffa96c152638 not resolved
[22:43:21 INF] wikidata_reconciliation: Stage2 - rejected 07a48869-a689-495a-8496-79bc4030e260 -> Q2353007: P31 does not match Audiobooks
[22:43:21 INF] wikidata_reconciliation: Stage2 - rejected 07a48869-a689-495a-8496-79bc4030e260 -> Q66503792: P31 does not match Audiobooks
[22:43:21 INF] wikidata_reconciliation: Stage2 - rejected 07a48869-a689-495a-8496-79bc4030e260 -> Q6680126: P31 does not match Audiobooks
[22:43:21 INF] wikidata_reconciliation: Stage2 — resolved 795fdf14-21ba-4d82-b469-9b74b46ba9e0 → Q384160 via TextSearch (isEdition=False, claims=2, bridgeIds=1)
[22:43:21 INF] wikidata_reconciliation: Stage2 — resolved d5a4fcd4-b66d-4831-98f1-ce0de358c234 → Q1079 via BridgeId (isEdition=False, claims=5, bridgeIds=1)
[22:43:21 INF] wikidata_reconciliation: Stage2 — resolved be68aa28-b3c3-42c4-a046-444f5847f557 → Q470937 via TextSearch (isEdition=False, claims=4, bridgeIds=2)
[22:43:21 INF] wikidata_reconciliation: Stage2 — resolved aa0d894c-69ce-40b3-ab98-ae4ccef94a43 → Q56281007 via BridgeId (isEdition=False, claims=6, bridgeIds=2)
[22:43:21 INF] wikidata_reconciliation: Stage2 — resolved 30d03eed-aeac-4170-be04-4dddc8741493 → Q1079 via BridgeId (isEdition=False, claims=5, bridgeIds=1)
[22:43:21 INF] wikidata_reconciliation: Stage2 — resolved 8b8c3d38-6c30-4a3a-a84c-4e37a4001e23 → Q101096725 via BridgeId (isEdition=False, claims=7, bridgeIds=2)
[22:43:21 INF] wikidata_reconciliation: Stage2 - rejected b685d262-f5fb-4c31-8a70-00ff2b06995c -> Q1778141: P31 does not match Audiobooks
[22:43:21 INF] wikidata_reconciliation: Stage2 - rejected b685d262-f5fb-4c31-8a70-00ff2b06995c -> Q2494353: P31 does not match Audiobooks
[22:43:21 INF] wikidata_reconciliation: Stage2 - accepted ranked fallback b685d262-f5fb-4c31-8a70-00ff2b06995c -> Q92076495 after rejecting higher candidate(s)
[22:43:21 INF] wikidata_reconciliation: Stage2 — resolved b685d262-f5fb-4c31-8a70-00ff2b06995c → Q92076495 via TextSearch (isEdition=False, claims=3, bridgeIds=2)
[22:43:21 INF] wikidata_reconciliation: Stage2 — resolved e9b70486-baf4-4995-a494-bae7ffb086b2 → Q74287 via TextSearch (isEdition=False, claims=6, bridgeIds=4)
[22:43:21 INF] wikidata_reconciliation: Stage2 — resolved e36346b3-fb64-4f96-b42c-e2d275833535 → Q18389644 via BridgeId (isEdition=False, claims=6, bridgeIds=3)
[22:43:21 INF] wikidata_reconciliation: Stage2 — f573be8f-8d60-4de1-9d3d-76f7b5a17d03 not resolved
[22:43:21 INF] wikidata_reconciliation: Stage2 — resolved bcc33361-1ffd-441e-b2a7-3e27991d7779 → Q56276181 via BridgeId (isEdition=False, claims=4, bridgeIds=1)
[22:43:21 INF] wikidata_reconciliation: Stage2 — resolved b651f0db-07de-463b-bfbe-7f37214925f5 → Q19098052 via TextSearch (isEdition=False, claims=1, bridgeIds=0)
[22:43:21 INF] wikidata_reconciliation: Stage2 — resolved 8009e712-e227-4b50-9b69-aa610e6871ef → Q1079 via BridgeId (isEdition=False, claims=5, bridgeIds=1)
[22:43:21 INF] wikidata_reconciliation: Stage2 — resolved 64fd7dd1-b95d-4fca-943f-7041e4c0cc44 → Q1079 via BridgeId (isEdition=False, claims=5, bridgeIds=1)
[22:43:21 INF] wikidata_reconciliation: Stage2 — resolved b8f71671-0361-4d75-98a6-6ee1e46ba0d7 → Q208002 via TextSearch (isEdition=False, claims=8, bridgeIds=2)
[22:43:21 INF] wikidata_reconciliation: Stage2 — resolved 4d3582dd-e60b-48ee-bc3f-c3b347521728 → Q56276181 via BridgeId (isEdition=False, claims=4, bridgeIds=1)
[22:43:21 INF] wikidata_reconciliation: Stage2 — resolved a1d8eaad-34c4-4f3b-bb80-d354d1c9d7a2 → Q18389644 via BridgeId (isEdition=False, claims=6, bridgeIds=3)
[22:43:21 INF] wikidata_reconciliation: Stage2 — resolved c1a67043-7bf7-47ce-874b-e96db5b308be → Q21500755 via BridgeId (isEdition=False, claims=9, bridgeIds=2)
[22:43:21 INF] wikidata_reconciliation: Stage2 — resolved 8d77c837-369e-42b5-a89e-25e1d8d2551e → Q462454 via TextSearch (isEdition=False, claims=3, bridgeIds=1)
[22:43:21 INF] wikidata_reconciliation: Stage2 — resolved aa6482ab-944e-4405-83be-51272accec8b → Q1079 via BridgeId (isEdition=False, claims=5, bridgeIds=1)
[22:43:21 INF] wikidata_reconciliation: Stage2 — resolved 300be1d5-20d8-4ec5-bae2-cf688c8fa9a4 → Q29588607 via BridgeId (isEdition=False, claims=17, bridgeIds=2)
[22:43:21 INF] wikidata_reconciliation: Stage2 — resolved 6c2771b2-c4a9-4675-b903-43d2f26caaf7 → Q1079 via BridgeId (isEdition=False, claims=5, bridgeIds=1)
[22:43:21 INF] wikidata_reconciliation: Stage2 — resolved 0339ff5d-418c-43da-ac09-449c4f889487 → Q109228991 via BridgeId (isEdition=False, claims=10, bridgeIds=3)
[22:43:21 INF] wikidata_reconciliation: Stage2 — resolved 5bb9c16a-5f12-4d57-b884-42b4230ed7de → Q163872 via BridgeId (isEdition=False, claims=19, bridgeIds=3)
[22:43:21 INF] wikidata_reconciliation: Stage2 — resolved cda9dd3a-df96-467f-88d5-291346442a0a → Q56876444 via BridgeId (isEdition=False, claims=6, bridgeIds=2)
[22:43:21 INF] Start processing HTTP request GET https://www.wikidata.org/w/api.php?*
[22:43:21 INF] Sending HTTP request GET https://www.wikidata.org/w/api.php?*
[22:43:21 INF] Received HTTP response headers after 70.945ms - 200
[22:43:21 INF] End processing HTTP request after 72.0924ms - 200
[22:43:21 INF] wikidata_reconciliation: Stage2 — resolved b9ac344a-d9fd-4253-960d-c780b293751a → Q60834962 via BridgeId (isEdition=False, claims=10, bridgeIds=2)
[22:43:21 INF] wikidata_reconciliation: Stage2 — resolved ad1edece-66ba-4799-86ab-00f8a9a2572a → Q20382729 via BridgeId (isEdition=False, claims=8, bridgeIds=1)
[22:43:21 INF] wikidata_reconciliation: Stage2 — resolved 9f4e97c2-314a-491e-a458-9617b60288dd → Q13417189 via BridgeId (isEdition=False, claims=7, bridgeIds=1)
[22:43:21 INF] wikidata_reconciliation: Stage2 — resolved 8fb686d2-7b89-42a7-ab15-e6f493cf7428 → Q719915 via BridgeId (isEdition=False, claims=16, bridgeIds=3)
[22:43:21 INF] wikidata_reconciliation: Stage2 — resolved f4382272-0270-4dc7-b83d-619034e7522e → Q155653 via BridgeId (isEdition=False, claims=11, bridgeIds=3)
[22:43:22 INF] Start processing HTTP request GET https://www.wikidata.org/w/api.php?*
[22:43:22 INF] Sending HTTP request GET https://www.wikidata.org/w/api.php?*
[22:43:22 INF] Received HTTP response headers after 45.6874ms - 200
[22:43:22 INF] End processing HTTP request after 46.6485ms - 200
[22:43:22 INF] wikidata_reconciliation: Stage2 — resolved bfb095fd-c239-468e-838d-77d407264754 → Q2454384 via TextSearch (isEdition=False, claims=6, bridgeIds=1)
[22:43:22 INF] wikidata_reconciliation: Stage2 — resolved 38c831f5-adc8-49d4-b439-3056c6f2e03e → Q172241 via BridgeId (isEdition=False, claims=9, bridgeIds=2)
[22:43:22 INF] wikidata_reconciliation: Stage2 — resolved ac26c4ec-ba87-4e7f-9524-07d25db6cdee → Q166262 via BridgeId (isEdition=False, claims=20, bridgeIds=4)
[22:43:22 INF] wikidata_reconciliation: Stage2 — resolved 51cbafd5-ca7d-49af-b56c-f9875a28fe62 → Q732960 via BridgeId (isEdition=False, claims=15, bridgeIds=3)
[22:43:22 INF] wikidata_reconciliation: Stage2 - rejected c18d7198-2eb1-41bc-97de-09d404ca9fd1 -> Q139737378: P31 does not match Music
[22:43:22 INF] Start processing HTTP request GET https://www.wikidata.org/w/api.php?*
[22:43:22 INF] Sending HTTP request GET https://www.wikidata.org/w/api.php?*
[22:43:22 INF] Received HTTP response headers after 76.9279ms - 200
[22:43:22 INF] End processing HTTP request after 77.8818ms - 200
[22:43:22 INF] Start processing HTTP request GET https://www.wikidata.org/w/api.php?*
[22:43:22 INF] Sending HTTP request GET https://www.wikidata.org/w/api.php?*
[22:43:22 INF] Received HTTP response headers after 131.9122ms - 200
[22:43:22 INF] End processing HTTP request after 133.446ms - 200
[22:43:23 INF] Start processing HTTP request GET https://www.wikidata.org/w/api.php?*
[22:43:23 INF] Sending HTTP request GET https://www.wikidata.org/w/api.php?*
[22:43:23 INF] Received HTTP response headers after 78.1465ms - 200
[22:43:23 INF] End processing HTTP request after 79.0265ms - 200
[22:43:23 INF] Start processing HTTP request GET https://www.wikidata.org/w/api.php?*
[22:43:23 INF] Sending HTTP request GET https://www.wikidata.org/w/api.php?*
[22:43:23 INF] Received HTTP response headers after 95.8974ms - 200
[22:43:23 INF] End processing HTTP request after 96.9921ms - 200
[22:43:23 INF] Start processing HTTP request GET https://www.wikidata.org/w/api.php?*
[22:43:23 INF] Sending HTTP request GET https://www.wikidata.org/w/api.php?*
[22:43:23 INF] Received HTTP response headers after 75.2815ms - 200
[22:43:23 INF] End processing HTTP request after 76.1542ms - 200
[22:43:24 INF] Start processing HTTP request GET https://www.wikidata.org/w/api.php?*
[22:43:24 INF] Sending HTTP request GET https://www.wikidata.org/w/api.php?*
[22:43:24 INF] Received HTTP response headers after 121.5136ms - 200
[22:43:24 INF] End processing HTTP request after 122.4184ms - 200
[22:43:24 INF] Start processing HTTP request GET https://www.wikidata.org/w/api.php?*
[22:43:24 INF] Sending HTTP request GET https://www.wikidata.org/w/api.php?*
[22:43:24 INF] Received HTTP response headers after 193.8187ms - 200
[22:43:24 INF] End processing HTTP request after 194.9374ms - 200
[22:43:24 INF] Start processing HTTP request GET https://www.wikidata.org/w/api.php?*
[22:43:24 INF] Sending HTTP request GET https://www.wikidata.org/w/api.php?*
[22:43:24 INF] Received HTTP response headers after 82.8566ms - 200
[22:43:24 INF] End processing HTTP request after 83.7594ms - 200
[22:43:25 INF] Start processing HTTP request GET https://www.wikidata.org/w/api.php?*
[22:43:25 INF] Sending HTTP request GET https://www.wikidata.org/w/api.php?*
[22:43:25 INF] Received HTTP response headers after 169.4379ms - 200
[22:43:25 INF] End processing HTTP request after 170.7727ms - 200
[22:43:25 INF] Start processing HTTP request GET https://www.wikidata.org/w/api.php?*
[22:43:25 INF] Sending HTTP request GET https://www.wikidata.org/w/api.php?*
[22:43:25 INF] Received HTTP response headers after 83.541ms - 200
[22:43:25 INF] End processing HTTP request after 84.2906ms - 200
[22:43:25 INF] Start processing HTTP request GET https://www.wikidata.org/w/api.php?*
[22:43:25 INF] Sending HTTP request GET https://www.wikidata.org/w/api.php?*
[22:43:25 INF] Received HTTP response headers after 138.4445ms - 200
[22:43:25 INF] End processing HTTP request after 139.493ms - 200
[22:43:26 INF] Start processing HTTP request GET https://www.wikidata.org/w/api.php?*
[22:43:26 INF] Sending HTTP request GET https://www.wikidata.org/w/api.php?*
[22:43:26 INF] Received HTTP response headers after 67.273ms - 200
[22:43:26 INF] End processing HTTP request after 68.3689ms - 200
[22:43:26 INF] Start processing HTTP request GET https://www.wikidata.org/w/api.php?*
[22:43:26 INF] Sending HTTP request GET https://www.wikidata.org/w/api.php?*
[22:43:26 INF] Received HTTP response headers after 124.2728ms - 200
[22:43:26 INF] End processing HTTP request after 125.0963ms - 200
[22:43:26 INF] Start processing HTTP request GET https://www.wikidata.org/w/api.php?*
[22:43:26 INF] Sending HTTP request GET https://www.wikidata.org/w/api.php?*
[22:43:26 INF] Received HTTP response headers after 102.1821ms - 200
[22:43:26 INF] End processing HTTP request after 103.1676ms - 200
[22:43:27 INF] Start processing HTTP request GET https://www.wikidata.org/w/api.php?*
[22:43:27 INF] Sending HTTP request GET https://www.wikidata.org/w/api.php?*
[22:43:27 INF] Received HTTP response headers after 239.3339ms - 200
[22:43:27 INF] End processing HTTP request after 240.1612ms - 200
[22:43:27 INF] Start processing HTTP request GET https://www.wikidata.org/w/api.php?*
[22:43:27 INF] Sending HTTP request GET https://www.wikidata.org/w/api.php?*
[22:43:27 INF] Received HTTP response headers after 96.0687ms - 200
[22:43:27 INF] End processing HTTP request after 96.9775ms - 200
[22:43:27 INF] Start processing HTTP request GET https://www.wikidata.org/w/api.php?*
[22:43:27 INF] Sending HTTP request GET https://www.wikidata.org/w/api.php?*
[22:43:27 INF] Received HTTP response headers after 72.9552ms - 200
[22:43:27 INF] End processing HTTP request after 75.5227ms - 200
[22:43:28 INF] Start processing HTTP request GET https://www.wikidata.org/w/api.php?*
[22:43:28 INF] Sending HTTP request GET https://www.wikidata.org/w/api.php?*
[22:43:28 INF] Received HTTP response headers after 50.6709ms - 200
[22:43:28 INF] End processing HTTP request after 51.4155ms - 200
[22:43:28 INF] Start processing HTTP request GET https://www.wikidata.org/w/api.php?*
[22:43:28 INF] Sending HTTP request GET https://www.wikidata.org/w/api.php?*
[22:43:28 INF] Received HTTP response headers after 92.6144ms - 200
[22:43:28 INF] End processing HTTP request after 93.5723ms - 200
[22:43:28 INF] Start processing HTTP request GET https://www.wikidata.org/w/api.php?*
[22:43:28 INF] Sending HTTP request GET https://www.wikidata.org/w/api.php?*
[22:43:28 INF] Received HTTP response headers after 99.7162ms - 200
[22:43:28 INF] End processing HTTP request after 100.4316ms - 200
[22:43:29 INF] Start processing HTTP request GET https://www.wikidata.org/w/api.php?*
[22:43:29 INF] Sending HTTP request GET https://www.wikidata.org/w/api.php?*
[22:43:29 INF] Received HTTP response headers after 75.2386ms - 200
[22:43:29 INF] End processing HTTP request after 76.1077ms - 200
[22:43:29 INF] Start processing HTTP request GET https://www.wikidata.org/w/api.php?*
[22:43:29 INF] Sending HTTP request GET https://www.wikidata.org/w/api.php?*
[22:43:29 INF] Received HTTP response headers after 91.5455ms - 200
[22:43:29 INF] End processing HTTP request after 92.9063ms - 200
[22:43:29 INF] Start processing HTTP request GET https://www.wikidata.org/w/api.php?*
[22:43:29 INF] Sending HTTP request GET https://www.wikidata.org/w/api.php?*
[22:43:29 INF] Received HTTP response headers after 96.6167ms - 200
[22:43:29 INF] End processing HTTP request after 98.4147ms - 200
[22:43:30 INF] Start processing HTTP request GET https://www.wikidata.org/w/api.php?*
[22:43:30 INF] Sending HTTP request GET https://www.wikidata.org/w/api.php?*
[22:43:30 INF] Received HTTP response headers after 77.1913ms - 200
[22:43:30 INF] End processing HTTP request after 78.0949ms - 200
[22:43:30 INF] Start processing HTTP request GET https://www.wikidata.org/w/api.php?*
[22:43:30 INF] Sending HTTP request GET https://www.wikidata.org/w/api.php?*
[22:43:30 INF] Received HTTP response headers after 143.9656ms - 200
[22:43:30 INF] End processing HTTP request after 144.9025ms - 200
[22:43:30 INF] Start processing HTTP request GET https://www.wikidata.org/w/api.php?*
[22:43:30 INF] Sending HTTP request GET https://www.wikidata.org/w/api.php?*
[22:43:30 INF] Received HTTP response headers after 88.5374ms - 200
[22:43:30 INF] End processing HTTP request after 89.5118ms - 200
[22:43:31 INF] Start processing HTTP request GET https://www.wikidata.org/w/api.php?*
[22:43:31 INF] Sending HTTP request GET https://www.wikidata.org/w/api.php?*
[22:43:31 INF] Received HTTP response headers after 128.9513ms - 200
[22:43:31 INF] End processing HTTP request after 129.8538ms - 200
[22:43:31 INF] Start processing HTTP request GET https://www.wikidata.org/w/api.php?*
[22:43:31 INF] Sending HTTP request GET https://www.wikidata.org/w/api.php?*
[22:43:31 INF] Received HTTP response headers after 109.22ms - 200
[22:43:31 INF] End processing HTTP request after 110.1679ms - 200
[22:43:31 INF] Start processing HTTP request GET https://www.wikidata.org/w/api.php?*
[22:43:31 INF] Sending HTTP request GET https://www.wikidata.org/w/api.php?*
[22:43:31 INF] Received HTTP response headers after 124.2771ms - 200
[22:43:31 INF] End processing HTTP request after 125.481ms - 200
[22:43:32 INF] Start processing HTTP request GET https://www.wikidata.org/w/api.php?*
[22:43:32 INF] Sending HTTP request GET https://www.wikidata.org/w/api.php?*
[22:43:32 INF] Received HTTP response headers after 179.1226ms - 200
[22:43:32 INF] End processing HTTP request after 180.1254ms - 200
[22:43:32 INF] Start processing HTTP request GET https://www.wikidata.org/w/api.php?*
[22:43:32 INF] Sending HTTP request GET https://www.wikidata.org/w/api.php?*
[22:43:32 INF] Received HTTP response headers after 102.0638ms - 200
[22:43:32 INF] End processing HTTP request after 103.2014ms - 200
[22:43:32 INF] Start processing HTTP request GET https://www.wikidata.org/w/api.php?*
[22:43:32 INF] Sending HTTP request GET https://www.wikidata.org/w/api.php?*
[22:43:32 INF] Received HTTP response headers after 113.682ms - 200
[22:43:32 INF] End processing HTTP request after 114.5773ms - 200
[22:43:33 INF] Start processing HTTP request GET https://www.wikidata.org/w/api.php?*
[22:43:33 INF] Sending HTTP request GET https://www.wikidata.org/w/api.php?*
[22:43:33 INF] Received HTTP response headers after 72.0384ms - 200
[22:43:33 INF] End processing HTTP request after 72.8715ms - 200
[22:43:33 INF] Start processing HTTP request GET https://www.wikidata.org/w/api.php?*
[22:43:33 INF] Sending HTTP request GET https://www.wikidata.org/w/api.php?*
[22:43:33 INF] Received HTTP response headers after 76.8867ms - 200
[22:43:33 INF] End processing HTTP request after 77.8364ms - 200
[22:43:33 INF] Start processing HTTP request GET https://www.wikidata.org/w/api.php?*
[22:43:33 INF] Sending HTTP request GET https://www.wikidata.org/w/api.php?*
[22:43:33 INF] Received HTTP response headers after 108.7573ms - 200
[22:43:33 INF] End processing HTTP request after 109.734ms - 200
[22:43:34 INF] Start processing HTTP request GET https://www.wikidata.org/w/api.php?*
[22:43:34 INF] Sending HTTP request GET https://www.wikidata.org/w/api.php?*
[22:43:34 INF] Received HTTP response headers after 98.3615ms - 200
[22:43:34 INF] End processing HTTP request after 99.2401ms - 200
[22:43:34 INF] Start processing HTTP request GET https://www.wikidata.org/w/api.php?*
[22:43:34 INF] Sending HTTP request GET https://www.wikidata.org/w/api.php?*
[22:43:34 INF] Received HTTP response headers after 196.1798ms - 200
[22:43:34 INF] End processing HTTP request after 197.0948ms - 200
[22:43:34 INF] Start processing HTTP request GET https://www.wikidata.org/w/api.php?*
[22:43:34 INF] Sending HTTP request GET https://www.wikidata.org/w/api.php?*
[22:43:34 INF] Received HTTP response headers after 131.8387ms - 200
[22:43:34 INF] End processing HTTP request after 132.6794ms - 200
[22:43:34 INF] wikidata_reconciliation: Stage2 — resolved bcca2bc1-d1bd-4e59-9381-9a47aeee0505 → Q43361 via TextSearch (isEdition=False, claims=9, bridgeIds=2)
[22:43:34 INF] wikidata_reconciliation: Stage2 — 2ea6bda7-e96a-4173-aa19-5edccfd7fe86 not resolved
[22:43:34 INF] wikidata_reconciliation: Stage2 — da58ed31-a21c-42e6-9ed6-ffa96c152638 not resolved
[22:43:34 INF] wikidata_reconciliation: Stage2 — resolved 07a48869-a689-495a-8496-79bc4030e260 → Q208002 via TextSearch (isEdition=False, claims=8, bridgeIds=2)
[22:43:34 INF] wikidata_reconciliation: Stage2 — f573be8f-8d60-4de1-9d3d-76f7b5a17d03 not resolved
[22:43:34 INF] Wikidata: distributing results — 43 of 50 job(s) have a resolved QID
[22:43:35 INF] Start processing HTTP request GET https://www.wikidata.org/w/api.php?*
[22:43:35 INF] Sending HTTP request GET https://www.wikidata.org/w/api.php?*
[22:43:35 INF] Received HTTP response headers after 56.5494ms - 200
[22:43:35 INF] End processing HTTP request after 57.7825ms - 200
[22:43:35 INF] Start processing HTTP request GET https://www.wikidata.org/w/api.php?*
[22:43:35 INF] Sending HTTP request GET https://www.wikidata.org/w/api.php?*
[22:43:35 INF] Received HTTP response headers after 57.9909ms - 200
[22:43:35 INF] End processing HTTP request after 58.8467ms - 200
[22:43:35 INF] wikidata_reconciliation: Data Extension for Q6535598 — requesting 51 properties: [P31, P50, P57, P58, P86, P110, P161, P175, P577, P1476, P136, P179, P1545, P449, P674, P840, P921, P8345, P1434, P144, P4584, P212, P957, P5749, P4947, P4983, P4835, P7043, P345, P6395, P9586, P9751, P9750, P6381, P6398, P2281, P2850, P10110, P5905, P1190, P434, P435, P436, P5813, P4404, P2969, P648, P6262, P747, Len, Den]
[22:43:35 INF] wikidata_reconciliation: Data Extension returned 10 properties for Q6535598: [P31, P50, P136, P577, P1476, P179, P747, P674, P648, P435]
[22:43:35 INF] wikidata_reconciliation: fetched 40 work claims for Q6535598 (audiobook edition pivot: False)
[22:43:35 INF] Start processing HTTP request GET https://www.wikidata.org/w/api.php?*
[22:43:35 INF] Sending HTTP request GET https://www.wikidata.org/w/api.php?*
[22:43:35 INF] Received HTTP response headers after 41.2061ms - 200
[22:43:35 INF] End processing HTTP request after 42.5394ms - 200
[22:43:35 INF] Start processing HTTP request GET https://en.wikipedia.org/w/api.php?*
[22:43:35 INF] Sending HTTP request GET https://en.wikipedia.org/w/api.php?*
[22:43:35 INF] Received HTTP response headers after 98.5027ms - 200
[22:43:35 INF] End processing HTTP request after 99.1457ms - 200
[22:43:35 INF] wikidata_reconciliation: Wikipedia description for Q6535598 (en): 589 chars
[22:43:36 INF] Start processing HTTP request GET https://en.wikipedia.org/w/api.php?*
[22:43:36 INF] Sending HTTP request GET https://en.wikipedia.org/w/api.php?*
[22:43:36 INF] Received HTTP response headers after 83.8771ms - 200
[22:43:36 INF] End processing HTTP request after 84.6638ms - 200
[22:43:36 INF] SeriesAlignmentService: scanning for unpositioned series works
[22:43:36 INF] [DESCRIPTION-INTEL-BATCH] Next run in 00:01:23.6900274
[22:43:36 INF] Start processing HTTP request GET https://en.wikipedia.org/w/api.php?*
[22:43:36 INF] Sending HTTP request GET https://en.wikipedia.org/w/api.php?*
[22:43:36 WRN] Cannot ensure model TextQuality: state is NotDownloaded
[22:43:36 WRN] Model TextQuality is unavailable
System.InvalidOperationException: Model TextQuality is not available for inference.
   at MediaEngine.AI.Infrastructure.ModelLifecycleManager.AcquireInferenceLeaseAsync(AiModelRole role, CancellationToken cancellationToken) in C:\Users\shaya\OneDrive\Documents\Source\Repos\tuvima-library\src\MediaEngine.AI\Infrastructure\ModelLifecycleManager.cs:line 128
   at MediaEngine.AI.Llama.LlamaInferenceService.InferWithOutcomeAsync(AiModelRole role, String prompt, String gbnfGrammar, InferenceRequestOptions options, CancellationToken ct) in C:\Users\shaya\OneDrive\Documents\Source\Repos\tuvima-library\src\MediaEngine.AI\Llama\LlamaInferenceService.cs:line 119
[22:43:36 WRN] SeriesAlignmentService: failed to infer position for entity 5ae4817b-1e64-4ce5-9d71-fc3220708f7a
System.InvalidOperationException: Model TextQuality is not available for inference.
   at MediaEngine.AI.Llama.LlamaInferenceService.GetValueOrThrow[T](InferenceOutcome`1 outcome, CancellationToken callerToken) in C:\Users\shaya\OneDrive\Documents\Source\Repos\tuvima-library\src\MediaEngine.AI\Llama\LlamaInferenceService.cs:line 227
   at MediaEngine.AI.Llama.LlamaInferenceService.InferJsonAsync[T](AiModelRole role, String prompt, String gbnfGrammar, CancellationToken ct) in C:\Users\shaya\OneDrive\Documents\Source\Repos\tuvima-library\src\MediaEngine.AI\Llama\LlamaInferenceService.cs:line 93
   at MediaEngine.AI.Features.SeriesAligner.InferPositionAsync(String workTitle, String seriesName, IReadOnlyList`1 siblingTitles, CancellationToken ct) in C:\Users\shaya\OneDrive\Documents\Source\Repos\tuvima-library\src\MediaEngine.AI\Features\SeriesAligner.cs:line 27
   at MediaEngine.Api.Services.SeriesAlignmentBackgroundService.RunAlignmentAsync(CancellationToken ct) in C:\Users\shaya\OneDrive\Documents\Source\Repos\tuvima-library\src\MediaEngine.Api\Services\SeriesAlignmentBackgroundService.cs:line 143
[22:43:36 WRN] Cannot ensure model TextQuality: state is NotDownloaded
[22:43:36 WRN] Model TextQuality is unavailable
System.InvalidOperationException: Model TextQuality is not available for inference.
   at MediaEngine.AI.Infrastructure.ModelLifecycleManager.AcquireInferenceLeaseAsync(AiModelRole role, CancellationToken cancellationToken) in C:\Users\shaya\OneDrive\Documents\Source\Repos\tuvima-library\src\MediaEngine.AI\Infrastructure\ModelLifecycleManager.cs:line 128
   at MediaEngine.AI.Llama.LlamaInferenceService.InferWithOutcomeAsync(AiModelRole role, String prompt, String gbnfGrammar, InferenceRequestOptions options, CancellationToken ct) in C:\Users\shaya\OneDrive\Documents\Source\Repos\tuvima-library\src\MediaEngine.AI\Llama\LlamaInferenceService.cs:line 119
[22:43:36 WRN] SeriesAlignmentService: failed to infer position for entity 69345422-6e7d-497c-97bb-77df52b5adea
System.InvalidOperationException: Model TextQuality is not available for inference.
   at MediaEngine.AI.Llama.LlamaInferenceService.GetValueOrThrow[T](InferenceOutcome`1 outcome, CancellationToken callerToken) in C:\Users\shaya\OneDrive\Documents\Source\Repos\tuvima-library\src\MediaEngine.AI\Llama\LlamaInferenceService.cs:line 227
   at MediaEngine.AI.Llama.LlamaInferenceService.InferJsonAsync[T](AiModelRole role, String prompt, String gbnfGrammar, CancellationToken ct) in C:\Users\shaya\OneDrive\Documents\Source\Repos\tuvima-library\src\MediaEngine.AI\Llama\LlamaInferenceService.cs:line 93
   at MediaEngine.AI.Features.SeriesAligner.InferPositionAsync(String workTitle, String seriesName, IReadOnlyList`1 siblingTitles, CancellationToken ct) in C:\Users\shaya\OneDrive\Documents\Source\Repos\tuvima-library\src\MediaEngine.AI\Features\SeriesAligner.cs:line 27
   at MediaEngine.Api.Services.SeriesAlignmentBackgroundService.RunAlignmentAsync(CancellationToken ct) in C:\Users\shaya\OneDrive\Documents\Source\Repos\tuvima-library\src\MediaEngine.Api\Services\SeriesAlignmentBackgroundService.cs:line 143
[22:43:36 WRN] Cannot ensure model TextQuality: state is NotDownloaded
[22:43:36 WRN] Model TextQuality is unavailable
System.InvalidOperationException: Model TextQuality is not available for inference.
   at MediaEngine.AI.Infrastructure.ModelLifecycleManager.AcquireInferenceLeaseAsync(AiModelRole role, CancellationToken cancellationToken) in C:\Users\shaya\OneDrive\Documents\Source\Repos\tuvima-library\src\MediaEngine.AI\Infrastructure\ModelLifecycleManager.cs:line 128
   at MediaEngine.AI.Llama.LlamaInferenceService.InferWithOutcomeAsync(AiModelRole role, String prompt, String gbnfGrammar, InferenceRequestOptions options, CancellationToken ct) in C:\Users\shaya\OneDrive\Documents\Source\Repos\tuvima-library\src\MediaEngine.AI\Llama\LlamaInferenceService.cs:line 119
[22:43:36 WRN] SeriesAlignmentService: failed to infer position for entity 758c495a-4d9f-446d-b052-5aef4f7002e9
System.InvalidOperationException: Model TextQuality is not available for inference.
   at MediaEngine.AI.Llama.LlamaInferenceService.GetValueOrThrow[T](InferenceOutcome`1 outcome, CancellationToken callerToken) in C:\Users\shaya\OneDrive\Documents\Source\Repos\tuvima-library\src\MediaEngine.AI\Llama\LlamaInferenceService.cs:line 227
   at MediaEngine.AI.Llama.LlamaInferenceService.InferJsonAsync[T](AiModelRole role, String prompt, String gbnfGrammar, CancellationToken ct) in C:\Users\shaya\OneDrive\Documents\Source\Repos\tuvima-library\src\MediaEngine.AI\Llama\LlamaInferenceService.cs:line 93
   at MediaEngine.AI.Features.SeriesAligner.InferPositionAsync(String workTitle, String seriesName, IReadOnlyList`1 siblingTitles, CancellationToken ct) in C:\Users\shaya\OneDrive\Documents\Source\Repos\tuvima-library\src\MediaEngine.AI\Features\SeriesAligner.cs:line 27
   at MediaEngine.Api.Services.SeriesAlignmentBackgroundService.RunAlignmentAsync(CancellationToken ct) in C:\Users\shaya\OneDrive\Documents\Source\Repos\tuvima-library\src\MediaEngine.Api\Services\SeriesAlignmentBackgroundService.cs:line 143
[22:43:36 WRN] Cannot ensure model TextQuality: state is NotDownloaded
[22:43:36 WRN] Model TextQuality is unavailable
System.InvalidOperationException: Model TextQuality is not available for inference.
   at MediaEngine.AI.Infrastructure.ModelLifecycleManager.AcquireInferenceLeaseAsync(AiModelRole role, CancellationToken cancellationToken) in C:\Users\shaya\OneDrive\Documents\Source\Repos\tuvima-library\src\MediaEngine.AI\Infrastructure\ModelLifecycleManager.cs:line 128
   at MediaEngine.AI.Llama.LlamaInferenceService.InferWithOutcomeAsync(AiModelRole role, String prompt, String gbnfGrammar, InferenceRequestOptions options, CancellationToken ct) in C:\Users\shaya\OneDrive\Documents\Source\Repos\tuvima-library\src\MediaEngine.AI\Llama\LlamaInferenceService.cs:line 119
[22:43:36 WRN] SeriesAlignmentService: failed to infer position for entity 0d789b91-afd2-46a1-8067-c0822c3eaa81
System.InvalidOperationException: Model TextQuality is not available for inference.
   at MediaEngine.AI.Llama.LlamaInferenceService.GetValueOrThrow[T](InferenceOutcome`1 outcome, CancellationToken callerToken) in C:\Users\shaya\OneDrive\Documents\Source\Repos\tuvima-library\src\MediaEngine.AI\Llama\LlamaInferenceService.cs:line 227
   at MediaEngine.AI.Llama.LlamaInferenceService.InferJsonAsync[T](AiModelRole role, String prompt, String gbnfGrammar, CancellationToken ct) in C:\Users\shaya\OneDrive\Documents\Source\Repos\tuvima-library\src\MediaEngine.AI\Llama\LlamaInferenceService.cs:line 93
   at MediaEngine.AI.Features.SeriesAligner.InferPositionAsync(String workTitle, String seriesName, IReadOnlyList`1 siblingTitles, CancellationToken ct) in C:\Users\shaya\OneDrive\Documents\Source\Repos\tuvima-library\src\MediaEngine.AI\Features\SeriesAligner.cs:line 27
   at MediaEngine.Api.Services.SeriesAlignmentBackgroundService.RunAlignmentAsync(CancellationToken ct) in C:\Users\shaya\OneDrive\Documents\Source\Repos\tuvima-library\src\MediaEngine.Api\Services\SeriesAlignmentBackgroundService.cs:line 143
[22:43:36 WRN] Cannot ensure model TextQuality: state is NotDownloaded
[22:43:36 WRN] Model TextQuality is unavailable
System.InvalidOperationException: Model TextQuality is not available for inference.
   at MediaEngine.AI.Infrastructure.ModelLifecycleManager.AcquireInferenceLeaseAsync(AiModelRole role, CancellationToken cancellationToken) in C:\Users\shaya\OneDrive\Documents\Source\Repos\tuvima-library\src\MediaEngine.AI\Infrastructure\ModelLifecycleManager.cs:line 128
   at MediaEngine.AI.Llama.LlamaInferenceService.InferWithOutcomeAsync(AiModelRole role, String prompt, String gbnfGrammar, InferenceRequestOptions options, CancellationToken ct) in C:\Users\shaya\OneDrive\Documents\Source\Repos\tuvima-library\src\MediaEngine.AI\Llama\LlamaInferenceService.cs:line 119
[22:43:36 WRN] SeriesAlignmentService: failed to infer position for entity 37a745bb-d61c-4fae-be48-dc4eecb01e49
System.InvalidOperationException: Model TextQuality is not available for inference.
   at MediaEngine.AI.Llama.LlamaInferenceService.GetValueOrThrow[T](InferenceOutcome`1 outcome, CancellationToken callerToken) in C:\Users\shaya\OneDrive\Documents\Source\Repos\tuvima-library\src\MediaEngine.AI\Llama\LlamaInferenceService.cs:line 227
   at MediaEngine.AI.Llama.LlamaInferenceService.InferJsonAsync[T](AiModelRole role, String prompt, String gbnfGrammar, CancellationToken ct) in C:\Users\shaya\OneDrive\Documents\Source\Repos\tuvima-library\src\MediaEngine.AI\Llama\LlamaInferenceService.cs:line 93
   at MediaEngine.AI.Features.SeriesAligner.InferPositionAsync(String workTitle, String seriesName, IReadOnlyList`1 siblingTitles, CancellationToken ct) in C:\Users\shaya\OneDrive\Documents\Source\Repos\tuvima-library\src\MediaEngine.AI\Features\SeriesAligner.cs:line 27
   at MediaEngine.Api.Services.SeriesAlignmentBackgroundService.RunAlignmentAsync(CancellationToken ct) in C:\Users\shaya\OneDrive\Documents\Source\Repos\tuvima-library\src\MediaEngine.Api\Services\SeriesAlignmentBackgroundService.cs:line 143
[22:43:36 WRN] Cannot ensure model TextQuality: state is NotDownloaded
[22:43:36 WRN] Model TextQuality is unavailable
System.InvalidOperationException: Model TextQuality is not available for inference.
   at MediaEngine.AI.Infrastructure.ModelLifecycleManager.AcquireInferenceLeaseAsync(AiModelRole role, CancellationToken cancellationToken) in C:\Users\shaya\OneDrive\Documents\Source\Repos\tuvima-library\src\MediaEngine.AI\Infrastructure\ModelLifecycleManager.cs:line 128
   at MediaEngine.AI.Llama.LlamaInferenceService.InferWithOutcomeAsync(AiModelRole role, String prompt, String gbnfGrammar, InferenceRequestOptions options, CancellationToken ct) in C:\Users\shaya\OneDrive\Documents\Source\Repos\tuvima-library\src\MediaEngine.AI\Llama\LlamaInferenceService.cs:line 119
[22:43:36 WRN] SeriesAlignmentService: failed to infer position for entity c91cc4b5-7a75-4275-8b97-8f3868ab370d
System.InvalidOperationException: Model TextQuality is not available for inference.
   at MediaEngine.AI.Llama.LlamaInferenceService.GetValueOrThrow[T](InferenceOutcome`1 outcome, CancellationToken callerToken) in C:\Users\shaya\OneDrive\Documents\Source\Repos\tuvima-library\src\MediaEngine.AI\Llama\LlamaInferenceService.cs:line 227
   at MediaEngine.AI.Llama.LlamaInferenceService.InferJsonAsync[T](AiModelRole role, String prompt, String gbnfGrammar, CancellationToken ct) in C:\Users\shaya\OneDrive\Documents\Source\Repos\tuvima-library\src\MediaEngine.AI\Llama\LlamaInferenceService.cs:line 93
   at MediaEngine.AI.Features.SeriesAligner.InferPositionAsync(String workTitle, String seriesName, IReadOnlyList`1 siblingTitles, CancellationToken ct) in C:\Users\shaya\OneDrive\Documents\Source\Repos\tuvima-library\src\MediaEngine.AI\Features\SeriesAligner.cs:line 27
   at MediaEngine.Api.Services.SeriesAlignmentBackgroundService.RunAlignmentAsync(CancellationToken ct) in C:\Users\shaya\OneDrive\Documents\Source\Repos\tuvima-library\src\MediaEngine.Api\Services\SeriesAlignmentBackgroundService.cs:line 143
[22:43:36 WRN] Cannot ensure model TextQuality: state is NotDownloaded
[22:43:36 WRN] Model TextQuality is unavailable
System.InvalidOperationException: Model TextQuality is not available for inference.
   at MediaEngine.AI.Infrastructure.ModelLifecycleManager.AcquireInferenceLeaseAsync(AiModelRole role, CancellationToken cancellationToken) in C:\Users\shaya\OneDrive\Documents\Source\Repos\tuvima-library\src\MediaEngine.AI\Infrastructure\ModelLifecycleManager.cs:line 128
   at MediaEngine.AI.Llama.LlamaInferenceService.InferWithOutcomeAsync(AiModelRole role, String prompt, String gbnfGrammar, InferenceRequestOptions options, CancellationToken ct) in C:\Users\shaya\OneDrive\Documents\Source\Repos\tuvima-library\src\MediaEngine.AI\Llama\LlamaInferenceService.cs:line 119
[22:43:36 WRN] SeriesAlignmentService: failed to infer position for entity 33b509e0-49b9-4b34-9b3a-ef5e8b6a39c0
System.InvalidOperationException: Model TextQuality is not available for inference.
   at MediaEngine.AI.Llama.LlamaInferenceService.GetValueOrThrow[T](InferenceOutcome`1 outcome, CancellationToken callerToken) in C:\Users\shaya\OneDrive\Documents\Source\Repos\tuvima-library\src\MediaEngine.AI\Llama\LlamaInferenceService.cs:line 227
   at MediaEngine.AI.Llama.LlamaInferenceService.InferJsonAsync[T](AiModelRole role, String prompt, String gbnfGrammar, CancellationToken ct) in C:\Users\shaya\OneDrive\Documents\Source\Repos\tuvima-library\src\MediaEngine.AI\Llama\LlamaInferenceService.cs:line 93
   at MediaEngine.AI.Features.SeriesAligner.InferPositionAsync(String workTitle, String seriesName, IReadOnlyList`1 siblingTitles, CancellationToken ct) in C:\Users\shaya\OneDrive\Documents\Source\Repos\tuvima-library\src\MediaEngine.AI\Features\SeriesAligner.cs:line 27
   at MediaEngine.Api.Services.SeriesAlignmentBackgroundService.RunAlignmentAsync(CancellationToken ct) in C:\Users\shaya\OneDrive\Documents\Source\Repos\tuvima-library\src\MediaEngine.Api\Services\SeriesAlignmentBackgroundService.cs:line 143
[22:43:36 WRN] Cannot ensure model TextQuality: state is NotDownloaded
[22:43:36 WRN] Model TextQuality is unavailable
System.InvalidOperationException: Model TextQuality is not available for inference.
   at MediaEngine.AI.Infrastructure.ModelLifecycleManager.AcquireInferenceLeaseAsync(AiModelRole role, CancellationToken cancellationToken) in C:\Users\shaya\OneDrive\Documents\Source\Repos\tuvima-library\src\MediaEngine.AI\Infrastructure\ModelLifecycleManager.cs:line 128
   at MediaEngine.AI.Llama.LlamaInferenceService.InferWithOutcomeAsync(AiModelRole role, String prompt, String gbnfGrammar, InferenceRequestOptions options, CancellationToken ct) in C:\Users\shaya\OneDrive\Documents\Source\Repos\tuvima-library\src\MediaEngine.AI\Llama\LlamaInferenceService.cs:line 119
[22:43:36 WRN] SeriesAlignmentService: failed to infer position for entity 072a7459-1aff-4eaf-ab06-4f782f193b4c
System.InvalidOperationException: Model TextQuality is not available for inference.
   at MediaEngine.AI.Llama.LlamaInferenceService.GetValueOrThrow[T](InferenceOutcome`1 outcome, CancellationToken callerToken) in C:\Users\shaya\OneDrive\Documents\Source\Repos\tuvima-library\src\MediaEngine.AI\Llama\LlamaInferenceService.cs:line 227
   at MediaEngine.AI.Llama.LlamaInferenceService.InferJsonAsync[T](AiModelRole role, String prompt, String gbnfGrammar, CancellationToken ct) in C:\Users\shaya\OneDrive\Documents\Source\Repos\tuvima-library\src\MediaEngine.AI\Llama\LlamaInferenceService.cs:line 93
   at MediaEngine.AI.Features.SeriesAligner.InferPositionAsync(String workTitle, String seriesName, IReadOnlyList`1 siblingTitles, CancellationToken ct) in C:\Users\shaya\OneDrive\Documents\Source\Repos\tuvima-library\src\MediaEngine.AI\Features\SeriesAligner.cs:line 27
   at MediaEngine.Api.Services.SeriesAlignmentBackgroundService.RunAlignmentAsync(CancellationToken ct) in C:\Users\shaya\OneDrive\Documents\Source\Repos\tuvima-library\src\MediaEngine.Api\Services\SeriesAlignmentBackgroundService.cs:line 143
[22:43:36 WRN] Cannot ensure model TextQuality: state is NotDownloaded
[22:43:36 WRN] Model TextQuality is unavailable
System.InvalidOperationException: Model TextQuality is not available for inference.
   at MediaEngine.AI.Infrastructure.ModelLifecycleManager.AcquireInferenceLeaseAsync(AiModelRole role, CancellationToken cancellationToken) in C:\Users\shaya\OneDrive\Documents\Source\Repos\tuvima-library\src\MediaEngine.AI\Infrastructure\ModelLifecycleManager.cs:line 128
   at MediaEngine.AI.Llama.LlamaInferenceService.InferWithOutcomeAsync(AiModelRole role, String prompt, String gbnfGrammar, InferenceRequestOptions options, CancellationToken ct) in C:\Users\shaya\OneDrive\Documents\Source\Repos\tuvima-library\src\MediaEngine.AI\Llama\LlamaInferenceService.cs:line 119
[22:43:36 WRN] SeriesAlignmentService: failed to infer position for entity 8c925445-4513-4b74-a23b-9177c4e405bc
System.InvalidOperationException: Model TextQuality is not available for inference.
   at MediaEngine.AI.Llama.LlamaInferenceService.GetValueOrThrow[T](InferenceOutcome`1 outcome, CancellationToken callerToken) in C:\Users\shaya\OneDrive\Documents\Source\Repos\tuvima-library\src\MediaEngine.AI\Llama\LlamaInferenceService.cs:line 227
   at MediaEngine.AI.Llama.LlamaInferenceService.InferJsonAsync[T](AiModelRole role, String prompt, String gbnfGrammar, CancellationToken ct) in C:\Users\shaya\OneDrive\Documents\Source\Repos\tuvima-library\src\MediaEngine.AI\Llama\LlamaInferenceService.cs:line 93
   at MediaEngine.AI.Features.SeriesAligner.InferPositionAsync(String workTitle, String seriesName, IReadOnlyList`1 siblingTitles, CancellationToken ct) in C:\Users\shaya\OneDrive\Documents\Source\Repos\tuvima-library\src\MediaEngine.AI\Features\SeriesAligner.cs:line 27
   at MediaEngine.Api.Services.SeriesAlignmentBackgroundService.RunAlignmentAsync(CancellationToken ct) in C:\Users\shaya\OneDrive\Documents\Source\Repos\tuvima-library\src\MediaEngine.Api\Services\SeriesAlignmentBackgroundService.cs:line 143
[22:43:36 WRN] Cannot ensure model TextQuality: state is NotDownloaded
[22:43:36 WRN] Model TextQuality is unavailable
System.InvalidOperationException: Model TextQuality is not available for inference.
   at MediaEngine.AI.Infrastructure.ModelLifecycleManager.AcquireInferenceLeaseAsync(AiModelRole role, CancellationToken cancellationToken) in C:\Users\shaya\OneDrive\Documents\Source\Repos\tuvima-library\src\MediaEngine.AI\Infrastructure\ModelLifecycleManager.cs:line 128
   at MediaEngine.AI.Llama.LlamaInferenceService.InferWithOutcomeAsync(AiModelRole role, String prompt, String gbnfGrammar, InferenceRequestOptions options, CancellationToken ct) in C:\Users\shaya\OneDrive\Documents\Source\Repos\tuvima-library\src\MediaEngine.AI\Llama\LlamaInferenceService.cs:line 119
[22:43:36 WRN] SeriesAlignmentService: failed to infer position for entity 70ad2286-8617-4c87-b186-d813a1ec139a
System.InvalidOperationException: Model TextQuality is not available for inference.
   at MediaEngine.AI.Llama.LlamaInferenceService.GetValueOrThrow[T](InferenceOutcome`1 outcome, CancellationToken callerToken) in C:\Users\shaya\OneDrive\Documents\Source\Repos\tuvima-library\src\MediaEngine.AI\Llama\LlamaInferenceService.cs:line 227
   at MediaEngine.AI.Llama.LlamaInferenceService.InferJsonAsync[T](AiModelRole role, String prompt, String gbnfGrammar, CancellationToken ct) in C:\Users\shaya\OneDrive\Documents\Source\Repos\tuvima-library\src\MediaEngine.AI\Llama\LlamaInferenceService.cs:line 93
   at MediaEngine.AI.Features.SeriesAligner.InferPositionAsync(String workTitle, String seriesName, IReadOnlyList`1 siblingTitles, CancellationToken ct) in C:\Users\shaya\OneDrive\Documents\Source\Repos\tuvima-library\src\MediaEngine.AI\Features\SeriesAligner.cs:line 27
   at MediaEngine.Api.Services.SeriesAlignmentBackgroundService.RunAlignmentAsync(CancellationToken ct) in C:\Users\shaya\OneDrive\Documents\Source\Repos\tuvima-library\src\MediaEngine.Api\Services\SeriesAlignmentBackgroundService.cs:line 143
[22:43:36 INF] SeriesAlignmentService: attempted 10 bounded suggestion(s)
[22:43:36 INF] SeriesAlignmentService: next run in 04:16:23.3914821
[22:43:36 INF] Received HTTP response headers after 108.0685ms - 200
[22:43:36 INF] End processing HTTP request after 108.8625ms - 200
[22:43:36 INF] wikidata_reconciliation: Wikipedia plot section 'Plot summary' for Q6535598: 5928 chars
[22:43:36 INF] wikidata_reconciliation: Data Extension for Q6535598 — requesting 51 properties: [P31, P50, P57, P58, P86, P110, P161, P175, P577, P1476, P136, P179, P1545, P449, P674, P840, P921, P8345, P1434, P144, P4584, P212, P957, P5749, P4947, P4983, P4835, P7043, P345, P6395, P9586, P9751, P9750, P6381, P6398, P2281, P2850, P10110, P5905, P1190, P434, P435, P436, P5813, P4404, P2969, P648, P6262, P747, Len, Den]
[22:43:36 INF] wikidata_reconciliation: Data Extension returned 10 properties for Q6535598: [P31, P50, P136, P577, P1476, P179, P747, P674, P648, P435]
[22:43:36 INF] wikidata_reconciliation: fetched 40 work claims for Q6535598 (audiobook edition pivot: False)
[22:43:36 INF] wikidata_reconciliation: Wikipedia description for Q6535598 (en): 589 chars
[22:43:36 INF] Start processing HTTP request GET https://en.wikipedia.org/w/api.php?*
[22:43:36 INF] Sending HTTP request GET https://en.wikipedia.org/w/api.php?*
[22:43:36 INF] Received HTTP response headers after 92.5138ms - 200
[22:43:36 INF] End processing HTTP request after 93.397ms - 200
[22:43:37 INF] Start processing HTTP request GET https://en.wikipedia.org/w/api.php?*
[22:43:37 INF] Sending HTTP request GET https://en.wikipedia.org/w/api.php?*
[22:43:37 INF] Received HTTP response headers after 93.5338ms - 200
[22:43:37 INF] End processing HTTP request after 94.4441ms - 200
[22:43:37 INF] wikidata_reconciliation: Wikipedia plot section 'Plot summary' for Q6535598: 5928 chars
[22:43:37 INF] Start processing HTTP request GET https://www.wikidata.org/w/api.php?*
[22:43:37 INF] Sending HTTP request GET https://www.wikidata.org/w/api.php?*
[22:43:37 INF] Received HTTP response headers after 59.4339ms - 200
[22:43:37 INF] End processing HTTP request after 60.0698ms - 200
[22:43:37 INF] Start processing HTTP request GET https://www.wikidata.org/w/api.php?*
[22:43:37 INF] Sending HTTP request GET https://www.wikidata.org/w/api.php?*
[22:43:37 INF] Received HTTP response headers after 178.8212ms - 200
[22:43:37 INF] End processing HTTP request after 179.8115ms - 200
[22:43:37 INF] wikidata_reconciliation: Data Extension for Q25338 — requesting 51 properties: [P31, P50, P57, P58, P86, P110, P161, P175, P577, P1476, P136, P179, P1545, P449, P674, P840, P921, P8345, P1434, P144, P4584, P212, P957, P5749, P4947, P4983, P4835, P7043, P345, P6395, P9586, P9751, P9750, P6381, P6398, P2281, P2850, P10110, P5905, P1190, P434, P435, P436, P5813, P4404, P2969, P648, P6262, P747, Len, Den]
[22:43:37 INF] wikidata_reconciliation: Data Extension returned 11 properties for Q25338: [P747, P136, P435, P110, P674, P50, P1476, P31, P577, P648, P921]
[22:43:37 INF] wikidata_reconciliation: fetched 94 work claims for Q25338 (audiobook edition pivot: False)
[22:43:37 INF] Start processing HTTP request GET https://www.wikidata.org/w/api.php?*
[22:43:37 INF] Sending HTTP request GET https://www.wikidata.org/w/api.php?*
[22:43:38 INF] Received HTTP response headers after 69.3611ms - 200
[22:43:38 INF] End processing HTTP request after 70.8155ms - 200
[22:43:38 INF] Start processing HTTP request GET https://en.wikipedia.org/w/api.php?*
[22:43:38 INF] Sending HTTP request GET https://en.wikipedia.org/w/api.php?*
[22:43:38 INF] Received HTTP response headers after 63.7371ms - 200
[22:43:38 INF] End processing HTTP request after 64.4524ms - 200
[22:43:38 INF] wikidata_reconciliation: Wikipedia description for Q25338 (en): 1155 chars
[22:43:38 INF] Start processing HTTP request GET https://en.wikipedia.org/w/api.php?*
[22:43:38 INF] Sending HTTP request GET https://en.wikipedia.org/w/api.php?*
[22:43:38 INF] Received HTTP response headers after 69.4411ms - 200
[22:43:38 INF] End processing HTTP request after 70.2675ms - 200
[22:43:38 INF] Start processing HTTP request GET https://en.wikipedia.org/w/api.php?*
[22:43:38 INF] Sending HTTP request GET https://en.wikipedia.org/w/api.php?*
[22:43:38 INF] Received HTTP response headers after 124.0062ms - 200
[22:43:38 INF] End processing HTTP request after 124.9071ms - 200
[22:43:38 INF] wikidata_reconciliation: Wikipedia plot section 'Plot' for Q25338: 7613 chars
[22:43:38 INF] wikidata_reconciliation: Data Extension for Q25338 — requesting 51 properties: [P31, P50, P57, P58, P86, P110, P161, P175, P577, P1476, P136, P179, P1545, P449, P674, P840, P921, P8345, P1434, P144, P4584, P212, P957, P5749, P4947, P4983, P4835, P7043, P345, P6395, P9586, P9751, P9750, P6381, P6398, P2281, P2850, P10110, P5905, P1190, P434, P435, P436, P5813, P4404, P2969, P648, P6262, P747, Len, Den]
[22:43:38 INF] wikidata_reconciliation: Data Extension returned 11 properties for Q25338: [P747, P136, P435, P110, P674, P50, P1476, P31, P577, P648, P921]
[22:43:38 INF] wikidata_reconciliation: fetched 94 work claims for Q25338 (audiobook edition pivot: False)
[22:43:38 INF] wikidata_reconciliation: Wikipedia description for Q25338 (en): 1155 chars
[22:43:39 INF] Start processing HTTP request GET https://en.wikipedia.org/w/api.php?*
[22:43:39 INF] Sending HTTP request GET https://en.wikipedia.org/w/api.php?*
[22:43:39 INF] Received HTTP response headers after 72.0932ms - 200
[22:43:39 INF] End processing HTTP request after 73.1193ms - 200
[22:43:39 INF] Start processing HTTP request GET https://en.wikipedia.org/w/api.php?*
[22:43:39 INF] Sending HTTP request GET https://en.wikipedia.org/w/api.php?*
[22:43:39 INF] Received HTTP response headers after 110.3426ms - 200
[22:43:39 INF] End processing HTTP request after 111.1184ms - 200
[22:43:39 INF] wikidata_reconciliation: Wikipedia plot section 'Plot' for Q25338: 7613 chars
[22:43:39 INF] Start processing HTTP request GET https://www.wikidata.org/w/api.php?*
[22:43:39 INF] Sending HTTP request GET https://www.wikidata.org/w/api.php?*
[22:43:39 INF] Received HTTP response headers after 53.4345ms - 200
[22:43:39 INF] End processing HTTP request after 54.1017ms - 200
[22:43:39 INF] Start processing HTTP request GET https://www.wikidata.org/w/api.php?*
[22:43:39 INF] Sending HTTP request GET https://www.wikidata.org/w/api.php?*
[22:43:39 INF] Received HTTP response headers after 50.0774ms - 200
[22:43:39 INF] End processing HTTP request after 51.0202ms - 200
[22:43:40 INF] Start processing HTTP request GET https://www.wikidata.org/w/api.php?*
[22:43:40 INF] Sending HTTP request GET https://www.wikidata.org/w/api.php?*
[22:43:40 INF] Received HTTP response headers after 116.5038ms - 200
[22:43:40 INF] End processing HTTP request after 117.2783ms - 200
[22:43:40 INF] wikidata_reconciliation: audiobook 3-step pivot — master work Q106852836 → edition Q136606176; Data Extension will target the edition for audiobook-specific bridge IDs
[22:43:40 INF] wikidata_reconciliation: fetched 58 work claims for Q106852836 (audiobook edition pivot: True)
[22:43:40 INF] Start processing HTTP request GET https://www.wikidata.org/w/api.php?*
[22:43:40 INF] Sending HTTP request GET https://www.wikidata.org/w/api.php?*
[22:43:40 INF] Received HTTP response headers after 56.4893ms - 200
[22:43:40 INF] End processing HTTP request after 58.9708ms - 200
[22:43:40 INF] Start processing HTTP request GET https://en.wikipedia.org/w/api.php?*
[22:43:40 INF] Sending HTTP request GET https://en.wikipedia.org/w/api.php?*
[22:43:40 INF] Received HTTP response headers after 41.144ms - 200
[22:43:40 INF] End processing HTTP request after 41.7847ms - 200
[22:43:40 INF] wikidata_reconciliation: Wikipedia description for Q106852836 (en): 872 chars
[22:43:40 INF] Start processing HTTP request GET https://en.wikipedia.org/w/api.php?*
[22:43:40 INF] Sending HTTP request GET https://en.wikipedia.org/w/api.php?*
[22:43:40 INF] Received HTTP response headers after 78.3779ms - 200
[22:43:40 INF] End processing HTTP request after 79.5621ms - 200
[22:43:41 INF] Start processing HTTP request GET https://en.wikipedia.org/w/api.php?*
[22:43:41 INF] Sending HTTP request GET https://en.wikipedia.org/w/api.php?*
[22:43:41 INF] Received HTTP response headers after 141.0269ms - 200
[22:43:41 INF] End processing HTTP request after 142.5601ms - 200
[22:43:41 INF] wikidata_reconciliation: Wikipedia plot section 'Plot' for Q106852836: 5458 chars
[22:43:41 INF] Start processing HTTP request GET https://www.wikidata.org/w/api.php?*
[22:43:41 INF] Sending HTTP request GET https://www.wikidata.org/w/api.php?*
[22:43:41 INF] Received HTTP response headers after 58.6941ms - 200
[22:43:41 INF] End processing HTTP request after 59.3577ms - 200
[22:43:41 INF] Start processing HTTP request GET https://www.wikidata.org/w/api.php?*
[22:43:41 INF] Sending HTTP request GET https://www.wikidata.org/w/api.php?*
[22:43:41 INF] Received HTTP response headers after 114.243ms - 200
[22:43:41 INF] End processing HTTP request after 115.4135ms - 200
[22:43:41 INF] wikidata_reconciliation: Data Extension for Q43361 — requesting 51 properties: [P31, P50, P57, P58, P86, P110, P161, P175, P577, P1476, P136, P179, P1545, P449, P674, P840, P921, P8345, P1434, P144, P4584, P212, P957, P5749, P4947, P4983, P4835, P7043, P345, P6395, P9586, P9751, P9750, P6381, P6398, P2281, P2850, P10110, P5905, P1190, P434, P435, P436, P5813, P4404, P2969, P648, P6262, P747, Len, Den]
[22:43:41 INF] wikidata_reconciliation: Data Extension returned 16 properties for Q43361: [P1434, P577, P50, P31, P435, P840, P136, P179, P674, P1476, P648, P747, P6262, P8345, P921, P110]
[22:43:41 INF] wikidata_reconciliation: fetched 172 work claims for Q43361 (audiobook edition pivot: False)
[22:43:42 INF] Start processing HTTP request GET https://www.wikidata.org/w/api.php?*
[22:43:42 INF] Sending HTTP request GET https://www.wikidata.org/w/api.php?*
[22:43:42 INF] Received HTTP response headers after 72.0466ms - 200
[22:43:42 INF] End processing HTTP request after 72.9684ms - 200
[22:43:42 INF] Start processing HTTP request GET https://en.wikipedia.org/w/api.php?*
[22:43:42 INF] Sending HTTP request GET https://en.wikipedia.org/w/api.php?*
[22:43:42 INF] Received HTTP response headers after 55.6121ms - 200
[22:43:42 INF] End processing HTTP request after 56.2904ms - 200
[22:43:42 INF] wikidata_reconciliation: Wikipedia description for Q43361 (en): 2033 chars
[22:43:42 INF] Start processing HTTP request GET https://en.wikipedia.org/w/api.php?*
[22:43:42 INF] Sending HTTP request GET https://en.wikipedia.org/w/api.php?*
[22:43:42 INF] Received HTTP response headers after 107.099ms - 200
[22:43:42 INF] End processing HTTP request after 108.0736ms - 200
[22:43:42 INF] Start processing HTTP request GET https://en.wikipedia.org/w/api.php?*
[22:43:42 INF] Sending HTTP request GET https://en.wikipedia.org/w/api.php?*
[22:43:42 INF] Received HTTP response headers after 145.0224ms - 200
[22:43:42 INF] End processing HTTP request after 146.2802ms - 200
[22:43:42 INF] wikidata_reconciliation: Wikipedia plot section 'Plot' for Q43361: 3704 chars
[22:43:42 INF] Start processing HTTP request GET https://www.wikidata.org/w/api.php?*
[22:43:42 INF] Sending HTTP request GET https://www.wikidata.org/w/api.php?*
[22:43:42 INF] Received HTTP response headers after 51.226ms - 200
[22:43:42 INF] End processing HTTP request after 52.089ms - 200
[22:43:42 INF] wikidata_reconciliation: Data Extension for Q662029 — requesting 51 properties: [P31, P50, P57, P58, P86, P110, P161, P175, P577, P1476, P136, P179, P1545, P449, P674, P840, P921, P8345, P1434, P144, P4584, P212, P957, P5749, P4947, P4983, P4835, P7043, P345, P6395, P9586, P9751, P9750, P6381, P6398, P2281, P2850, P10110, P5905, P1190, P434, P435, P436, P5813, P4404, P2969, P648, P6262, P747, Len, Den]
[22:43:42 INF] wikidata_reconciliation: Data Extension returned 10 properties for Q662029: [P50, P110, P179, P136, P31, P577, P1476, P648, P435, P747]
[22:43:42 INF] wikidata_reconciliation: fetched 35 work claims for Q662029 (audiobook edition pivot: False)
[22:43:43 INF] Start processing HTTP request GET https://www.wikidata.org/w/api.php?*
[22:43:43 INF] Sending HTTP request GET https://www.wikidata.org/w/api.php?*
[22:43:43 INF] Received HTTP response headers after 47.6124ms - 200
[22:43:43 INF] End processing HTTP request after 48.5651ms - 200
[22:43:43 INF] Start processing HTTP request GET https://en.wikipedia.org/w/api.php?*
[22:43:43 INF] Sending HTTP request GET https://en.wikipedia.org/w/api.php?*
[22:43:43 INF] Received HTTP response headers after 59.1354ms - 200
[22:43:43 INF] End processing HTTP request after 59.8223ms - 200
[22:43:43 INF] wikidata_reconciliation: Wikipedia description for Q662029 (en): 2052 chars
[22:43:43 INF] Start processing HTTP request GET https://en.wikipedia.org/w/api.php?*
[22:43:43 INF] Sending HTTP request GET https://en.wikipedia.org/w/api.php?*
[22:43:43 INF] Received HTTP response headers after 82.8198ms - 200
[22:43:43 INF] End processing HTTP request after 83.6396ms - 200
[22:43:44 INF] Start processing HTTP request GET https://en.wikipedia.org/w/api.php?*
[22:43:44 INF] Sending HTTP request GET https://en.wikipedia.org/w/api.php?*
[22:43:44 INF] Received HTTP response headers after 82.9197ms - 200
[22:43:44 INF] End processing HTTP request after 83.932ms - 200
[22:43:44 INF] wikidata_reconciliation: Wikipedia plot section 'Plot' for Q662029: 4532 chars
[22:43:44 INF] Start processing HTTP request GET https://www.wikidata.org/w/api.php?*
[22:43:44 INF] Sending HTTP request GET https://www.wikidata.org/w/api.php?*
[22:43:44 INF] Received HTTP response headers after 45.426ms - 200
[22:43:44 INF] End processing HTTP request after 46.1211ms - 200
[22:43:44 INF] wikidata_reconciliation: Data Extension for Q47209 — requesting 51 properties: [P31, P50, P57, P58, P86, P110, P161, P175, P577, P1476, P136, P179, P1545, P449, P674, P840, P921, P8345, P1434, P144, P4584, P212, P957, P5749, P4947, P4983, P4835, P7043, P345, P6395, P9586, P9751, P9750, P6381, P6398, P2281, P2850, P10110, P5905, P1190, P434, P435, P436, P5813, P4404, P2969, P648, P6262, P747, Len, Den]
[22:43:44 INF] wikidata_reconciliation: Data Extension returned 16 properties for Q47209: [P1434, P50, P31, P435, P136, P674, P1476, P840, P747, P8345, P921, P179, P577, P648, P110, P6262]
[22:43:44 INF] wikidata_reconciliation: fetched 70 work claims for Q47209 (audiobook edition pivot: False)
[22:43:44 INF] Start processing HTTP request GET https://www.wikidata.org/w/api.php?*
[22:43:44 INF] Sending HTTP request GET https://www.wikidata.org/w/api.php?*
[22:43:44 INF] Received HTTP response headers after 61.3403ms - 200
[22:43:44 INF] End processing HTTP request after 62.3465ms - 200
[22:43:44 INF] Start processing HTTP request GET https://en.wikipedia.org/w/api.php?*
[22:43:44 INF] Sending HTTP request GET https://en.wikipedia.org/w/api.php?*
[22:43:44 INF] Received HTTP response headers after 62.3541ms - 200
[22:43:44 INF] End processing HTTP request after 63.0349ms - 200
[22:43:44 INF] wikidata_reconciliation: Wikipedia description for Q47209 (en): 1778 chars
[22:43:44 INF] Start processing HTTP request GET https://en.wikipedia.org/w/api.php?*
[22:43:44 INF] Sending HTTP request GET https://en.wikipedia.org/w/api.php?*
[22:43:44 INF] Received HTTP response headers after 71.1548ms - 200
[22:43:44 INF] End processing HTTP request after 71.917ms - 200
[22:43:45 INF] Start processing HTTP request GET https://en.wikipedia.org/w/api.php?*
[22:43:45 INF] Sending HTTP request GET https://en.wikipedia.org/w/api.php?*
[22:43:45 INF] Received HTTP response headers after 79.2382ms - 200
[22:43:45 INF] End processing HTTP request after 80.5826ms - 200
[22:43:45 INF] wikidata_reconciliation: Wikipedia plot section 'Plot' for Q47209: 3454 chars
[22:43:45 INF] Start processing HTTP request GET https://www.wikidata.org/w/api.php?*
[22:43:45 INF] Sending HTTP request GET https://www.wikidata.org/w/api.php?*
[22:43:45 INF] Received HTTP response headers after 74.584ms - 200
[22:43:45 INF] End processing HTTP request after 75.5651ms - 200
[22:43:45 INF] wikidata_reconciliation: Data Extension for Q1140295 — requesting 51 properties: [P31, P50, P57, P58, P86, P110, P161, P175, P577, P1476, P136, P179, P1545, P449, P674, P840, P921, P8345, P1434, P144, P4584, P212, P957, P5749, P4947, P4983, P4835, P7043, P345, P6395, P9586, P9751, P9750, P6381, P6398, P2281, P2850, P10110, P5905, P1190, P434, P435, P436, P5813, P4404, P2969, P648, P6262, P747, Len, Den]
[22:43:45 INF] wikidata_reconciliation: Data Extension returned 7 properties for Q1140295: [P31, P50, P136, P577, P1476, P648, P747]
[22:43:45 INF] wikidata_reconciliation: fetched 24 work claims for Q1140295 (audiobook edition pivot: False)
[22:43:45 INF] Start processing HTTP request GET https://www.wikidata.org/w/api.php?*
[22:43:45 INF] Sending HTTP request GET https://www.wikidata.org/w/api.php?*
[22:43:45 INF] Received HTTP response headers after 71.3361ms - 200
[22:43:45 INF] End processing HTTP request after 72.1891ms - 200
[22:43:45 INF] Start processing HTTP request GET https://en.wikipedia.org/w/api.php?*
[22:43:45 INF] Sending HTTP request GET https://en.wikipedia.org/w/api.php?*
[22:43:45 INF] Received HTTP response headers after 78.1743ms - 200
[22:43:45 INF] End processing HTTP request after 78.7418ms - 200
[22:43:45 INF] wikidata_reconciliation: Wikipedia description for Q1140295 (en): 545 chars
[22:43:46 INF] Start processing HTTP request GET https://en.wikipedia.org/w/api.php?*
[22:43:46 INF] Sending HTTP request GET https://en.wikipedia.org/w/api.php?*
[22:43:46 INF] Received HTTP response headers after 75.3098ms - 200
[22:43:46 INF] End processing HTTP request after 76.1338ms - 200
[22:43:46 INF] Start processing HTTP request GET https://en.wikipedia.org/w/api.php?*
[22:43:46 INF] Sending HTTP request GET https://en.wikipedia.org/w/api.php?*
[22:43:46 INF] Received HTTP response headers after 228.092ms - 200
[22:43:46 INF] End processing HTTP request after 229.3749ms - 200
[22:43:46 INF] wikidata_reconciliation: Wikipedia plot section 'Plot' for Q1140295: 3629 chars
[22:43:46 INF] Start processing HTTP request GET https://www.wikidata.org/w/api.php?*
[22:43:46 INF] Sending HTTP request GET https://www.wikidata.org/w/api.php?*
[22:43:46 INF] Received HTTP response headers after 51.4729ms - 200
[22:43:46 INF] End processing HTTP request after 52.3637ms - 200
[22:43:46 INF] Start processing HTTP request GET https://www.wikidata.org/w/api.php?*
[22:43:46 INF] Sending HTTP request GET https://www.wikidata.org/w/api.php?*
[22:43:46 INF] Received HTTP response headers after 62.6922ms - 200
[22:43:46 INF] End processing HTTP request after 63.6212ms - 200
[22:43:46 INF] wikidata_reconciliation: Data Extension for Q208002 — requesting 51 properties: [P31, P50, P57, P58, P86, P110, P161, P175, P577, P1476, P136, P179, P1545, P449, P674, P840, P921, P8345, P1434, P144, P4584, P212, P957, P5749, P4947, P4983, P4835, P7043, P345, P6395, P9586, P9751, P9750, P6381, P6398, P2281, P2850, P10110, P5905, P1190, P434, P435, P436, P5813, P4404, P2969, P648, P6262, P747, Len, Den]
[22:43:46 INF] wikidata_reconciliation: Data Extension returned 14 properties for Q208002: [P1434, P31, P50, P674, P136, P1476, P577, P648, P435, P179, P921, P840, P6262, P747]
[22:43:46 INF] wikidata_reconciliation: fetched 66 work claims for Q208002 (audiobook edition pivot: False)
[22:43:47 INF] Start processing HTTP request GET https://www.wikidata.org/w/api.php?*
[22:43:47 INF] Sending HTTP request GET https://www.wikidata.org/w/api.php?*
[22:43:47 INF] Received HTTP response headers after 53.1533ms - 200
[22:43:47 INF] End processing HTTP request after 54.0144ms - 200
[22:43:47 INF] Start processing HTTP request GET https://en.wikipedia.org/w/api.php?*
[22:43:47 INF] Sending HTTP request GET https://en.wikipedia.org/w/api.php?*
[22:43:47 INF] Received HTTP response headers after 60.0453ms - 200
[22:43:47 INF] End processing HTTP request after 60.7081ms - 200
[22:43:47 INF] wikidata_reconciliation: Wikipedia description for Q208002 (en): 1792 chars
[22:43:47 INF] Start processing HTTP request GET https://en.wikipedia.org/w/api.php?*
[22:43:47 INF] Sending HTTP request GET https://en.wikipedia.org/w/api.php?*
[22:43:47 INF] Received HTTP response headers after 70.48ms - 200
[22:43:47 INF] End processing HTTP request after 71.7611ms - 200
[22:43:47 INF] Start processing HTTP request GET https://www.wikidata.org/w/api.php?*
[22:43:47 INF] Sending HTTP request GET https://www.wikidata.org/w/api.php?*
[22:43:47 INF] Received HTTP response headers after 65.3417ms - 200
[22:43:47 INF] End processing HTTP request after 65.8946ms - 200
[22:43:47 INF] wikidata_reconciliation: Data Extension for Q384160 — requesting 51 properties: [P31, P50, P57, P58, P86, P110, P161, P175, P577, P1476, P136, P179, P1545, P449, P674, P840, P921, P8345, P1434, P144, P4584, P212, P957, P5749, P4947, P4983, P4835, P7043, P345, P6395, P9586, P9751, P9750, P6381, P6398, P2281, P2850, P10110, P5905, P1190, P434, P435, P436, P5813, P4404, P2969, P648, P6262, P747, Len, Den]
[22:43:47 INF] wikidata_reconciliation: Data Extension returned 9 properties for Q384160: [P31, P50, P136, P577, P1476, P648, P840, P921, P747]
[22:43:47 INF] wikidata_reconciliation: fetched 29 work claims for Q384160 (audiobook edition pivot: False)
[22:43:48 INF] Start processing HTTP request GET https://www.wikidata.org/w/api.php?*
[22:43:48 INF] Sending HTTP request GET https://www.wikidata.org/w/api.php?*
[22:43:48 INF] Received HTTP response headers after 51.6494ms - 200
[22:43:48 INF] End processing HTTP request after 52.5721ms - 200
[22:43:48 INF] Start processing HTTP request GET https://en.wikipedia.org/w/api.php?*
[22:43:48 INF] Sending HTTP request GET https://en.wikipedia.org/w/api.php?*
[22:43:48 INF] Received HTTP response headers after 45.017ms - 200
[22:43:48 INF] End processing HTTP request after 45.557ms - 200
[22:43:48 INF] wikidata_reconciliation: Wikipedia description for Q384160 (en): 977 chars
[22:43:48 INF] Start processing HTTP request GET https://en.wikipedia.org/w/api.php?*
[22:43:48 INF] Sending HTTP request GET https://en.wikipedia.org/w/api.php?*
[22:43:48 INF] Received HTTP response headers after 77.4748ms - 200
[22:43:48 INF] End processing HTTP request after 78.6759ms - 200
[22:43:48 INF] Start processing HTTP request GET https://en.wikipedia.org/w/api.php?*
[22:43:48 INF] Sending HTTP request GET https://en.wikipedia.org/w/api.php?*
[22:43:48 INF] Received HTTP response headers after 99.434ms - 200
[22:43:48 INF] End processing HTTP request after 100.6369ms - 200
[22:43:48 INF] wikidata_reconciliation: Wikipedia plot section 'Plot' for Q384160: 3920 chars
[22:43:48 INF] Start processing HTTP request GET https://www.wikidata.org/w/api.php?*
[22:43:48 INF] Sending HTTP request GET https://www.wikidata.org/w/api.php?*
[22:43:49 INF] Received HTTP response headers after 139.3165ms - 200
[22:43:49 INF] End processing HTTP request after 139.9009ms - 200
[22:43:49 INF] wikidata_reconciliation: Data Extension for Q1079 — requesting 51 properties: [P31, P50, P57, P58, P86, P110, P161, P175, P577, P1476, P136, P179, P1545, P449, P674, P840, P921, P8345, P1434, P144, P4584, P212, P957, P5749, P4947, P4983, P4835, P7043, P345, P6395, P9586, P9751, P9750, P6381, P6398, P2281, P2850, P10110, P5905, P1190, P434, P435, P436, P5813, P4404, P2969, P648, P6262, P747, Len, Den]
[22:43:49 INF] wikidata_reconciliation: Data Extension returned 18 properties for Q1079: [P57, P674, P161, P31, P345, P449, P136, P840, P921, P1476, P86, P58, P4835, P4983, P9751, P8345, P1434, P6262]
[22:43:49 INF] wikidata_reconciliation: fetched 166 work claims for Q1079 (audiobook edition pivot: False)
[22:43:49 INF] Start processing HTTP request GET https://www.wikidata.org/w/api.php?*
[22:43:49 INF] Sending HTTP request GET https://www.wikidata.org/w/api.php?*
[22:43:49 INF] Received HTTP response headers after 60.7131ms - 200
[22:43:49 INF] End processing HTTP request after 61.5865ms - 200
[22:43:49 INF] Start processing HTTP request GET https://en.wikipedia.org/w/api.php?*
[22:43:49 INF] Sending HTTP request GET https://en.wikipedia.org/w/api.php?*
[22:43:49 INF] Received HTTP response headers after 80.3625ms - 200
[22:43:49 INF] End processing HTTP request after 80.8907ms - 200
[22:43:49 INF] wikidata_reconciliation: Wikipedia description for Q1079 (en): 2246 chars
[22:43:49 INF] Start processing HTTP request GET https://en.wikipedia.org/w/api.php?*
[22:43:49 INF] Sending HTTP request GET https://en.wikipedia.org/w/api.php?*
[22:43:49 INF] Received HTTP response headers after 81.9212ms - 200
[22:43:49 INF] End processing HTTP request after 82.8032ms - 200
[22:43:49 INF] Start processing HTTP request GET https://en.wikipedia.org/w/api.php?*
[22:43:49 INF] Sending HTTP request GET https://en.wikipedia.org/w/api.php?*
[22:43:50 INF] Received HTTP response headers after 235.5273ms - 200
[22:43:50 INF] End processing HTTP request after 236.3364ms - 200
[22:43:50 INF] wikidata_reconciliation: Wikipedia plot section 'Premise' for Q1079: 1055 chars
[22:43:50 INF] Start processing HTTP request GET https://www.wikidata.org/w/api.php?*
[22:43:50 INF] Sending HTTP request GET https://www.wikidata.org/w/api.php?*
[22:43:50 INF] Received HTTP response headers after 96.7514ms - 200
[22:43:50 INF] End processing HTTP request after 97.3701ms - 200
[22:43:50 INF] Start processing HTTP request GET https://www.wikidata.org/w/api.php?*
[22:43:50 INF] Sending HTTP request GET https://www.wikidata.org/w/api.php?*
[22:43:50 INF] Received HTTP response headers after 59.1571ms - 200
[22:43:50 INF] End processing HTTP request after 59.9243ms - 200
[22:43:50 INF] Start processing HTTP request GET https://www.wikidata.org/w/api.php?*
[22:43:50 INF] Sending HTTP request GET https://www.wikidata.org/w/api.php?*
[22:43:50 INF] Received HTTP response headers after 104.1092ms - 200
[22:43:50 INF] End processing HTTP request after 105.1657ms - 200
[22:43:51 INF] Start processing HTTP request GET https://www.wikidata.org/w/api.php?*
[22:43:51 INF] Sending HTTP request GET https://www.wikidata.org/w/api.php?*
[22:43:51 INF] Received HTTP response headers after 65.3958ms - 200
[22:43:51 INF] End processing HTTP request after 66.1842ms - 200
[22:43:51 INF] Start processing HTTP request GET https://www.wikidata.org/w/api.php?*
[22:43:51 INF] Sending HTTP request GET https://www.wikidata.org/w/api.php?*
[22:43:51 INF] Received HTTP response headers after 140.1365ms - 200
[22:43:51 INF] End processing HTTP request after 141.0351ms - 200
[22:43:51 INF] Start processing HTTP request GET https://www.wikidata.org/w/api.php?*
[22:43:51 INF] Sending HTTP request GET https://www.wikidata.org/w/api.php?*
[22:43:51 INF] Received HTTP response headers after 67.1883ms - 200
[22:43:51 INF] End processing HTTP request after 68.219ms - 200
[22:43:52 INF] Start processing HTTP request GET https://www.wikidata.org/w/api.php?*
[22:43:52 INF] Sending HTTP request GET https://www.wikidata.org/w/api.php?*
[22:43:52 INF] Received HTTP response headers after 110.707ms - 200
[22:43:52 INF] End processing HTTP request after 112.555ms - 200
[22:43:52 INF] Start processing HTTP request GET https://www.wikidata.org/w/api.php?*
[22:43:52 INF] Sending HTTP request GET https://www.wikidata.org/w/api.php?*
[22:43:52 INF] Received HTTP response headers after 63.7699ms - 200
[22:43:52 INF] End processing HTTP request after 65.0636ms - 200
[22:43:52 INF] Start processing HTTP request GET https://www.wikidata.org/w/api.php?*
[22:43:52 INF] Sending HTTP request GET https://www.wikidata.org/w/api.php?*
[22:43:52 INF] Received HTTP response headers after 135.1103ms - 200
[22:43:52 INF] End processing HTTP request after 135.8998ms - 200
[22:43:53 INF] Start processing HTTP request GET https://www.wikidata.org/w/api.php?*
[22:43:53 INF] Sending HTTP request GET https://www.wikidata.org/w/api.php?*
[22:43:53 INF] Received HTTP response headers after 58.9822ms - 200
[22:43:53 INF] End processing HTTP request after 59.7309ms - 200
[22:43:53 INF] Start processing HTTP request GET https://www.wikidata.org/w/api.php?*
[22:43:53 INF] Sending HTTP request GET https://www.wikidata.org/w/api.php?*
[22:43:53 INF] Received HTTP response headers after 206.5032ms - 200
[22:43:53 INF] End processing HTTP request after 207.4153ms - 200
[22:43:53 INF] Start processing HTTP request GET https://www.wikidata.org/w/api.php?*
[22:43:53 INF] Sending HTTP request GET https://www.wikidata.org/w/api.php?*
[22:43:54 INF] Received HTTP response headers after 266.337ms - 200
[22:43:54 INF] End processing HTTP request after 268.3505ms - 200
[22:43:54 INF] Start processing HTTP request GET https://www.wikidata.org/w/api.php?*
[22:43:54 INF] Sending HTTP request GET https://www.wikidata.org/w/api.php?*
[22:43:54 INF] Received HTTP response headers after 92.6055ms - 200
[22:43:54 INF] End processing HTTP request after 93.4438ms - 200
[22:43:54 INF] Start processing HTTP request GET https://en.wikipedia.org/w/api.php?*
[22:43:54 INF] Sending HTTP request GET https://en.wikipedia.org/w/api.php?*
[22:43:54 INF] Received HTTP response headers after 107.2197ms - 200
[22:43:54 INF] End processing HTTP request after 108.0008ms - 200
[22:43:54 INF] Start processing HTTP request GET https://en.wikipedia.org/w/api.php?*
[22:43:54 INF] Sending HTTP request GET https://en.wikipedia.org/w/api.php?*
[22:43:54 INF] Received HTTP response headers after 67.0784ms - 200
[22:43:54 INF] End processing HTTP request after 67.948ms - 200
[22:43:54 INF] wikidata_reconciliation: child entity discovery — TV Q1079: 5 seasons, 62 episodes (62 unassigned)
[22:43:54 INF] Start processing HTTP request GET https://www.wikidata.org/w/api.php?*
[22:43:54 INF] Sending HTTP request GET https://www.wikidata.org/w/api.php?*
[22:43:54 INF] Received HTTP response headers after 43.1914ms - 200
[22:43:54 INF] End processing HTTP request after 44.0044ms - 200
[22:43:54 INF] wikidata_reconciliation: Data Extension for Q470937 — requesting 51 properties: [P31, P50, P57, P58, P86, P110, P161, P175, P577, P1476, P136, P179, P1545, P449, P674, P840, P921, P8345, P1434, P144, P4584, P212, P957, P5749, P4947, P4983, P4835, P7043, P345, P6395, P9586, P9751, P9750, P6381, P6398, P2281, P2850, P10110, P5905, P1190, P434, P435, P436, P5813, P4404, P2969, P648, P6262, P747, Len, Den]
[22:43:54 INF] wikidata_reconciliation: Data Extension returned 11 properties for Q470937: [P31, P50, P136, P1476, P577, P921, P674, P747, P840, P435, P648]
[22:43:54 INF] wikidata_reconciliation: fetched 39 work claims for Q470937 (audiobook edition pivot: False)
[22:43:55 INF] Start processing HTTP request GET https://www.wikidata.org/w/api.php?*
[22:43:55 INF] Sending HTTP request GET https://www.wikidata.org/w/api.php?*
[22:43:55 INF] Received HTTP response headers after 70.912ms - 200
[22:43:55 INF] End processing HTTP request after 71.7071ms - 200
[22:43:55 INF] Start processing HTTP request GET https://en.wikipedia.org/w/api.php?*
[22:43:55 INF] Sending HTTP request GET https://en.wikipedia.org/w/api.php?*
[22:43:55 INF] Received HTTP response headers after 51.5233ms - 200
[22:43:55 INF] End processing HTTP request after 52.2294ms - 200
[22:43:55 INF] wikidata_reconciliation: Wikipedia description for Q470937 (en): 1106 chars
[22:43:55 INF] Start processing HTTP request GET https://en.wikipedia.org/w/api.php?*
[22:43:55 INF] Sending HTTP request GET https://en.wikipedia.org/w/api.php?*
[22:43:55 INF] Received HTTP response headers after 70.9696ms - 200
[22:43:55 INF] End processing HTTP request after 71.9913ms - 200
[22:43:55 INF] Start processing HTTP request GET https://en.wikipedia.org/w/api.php?*
[22:43:55 INF] Sending HTTP request GET https://en.wikipedia.org/w/api.php?*
[22:43:56 INF] Received HTTP response headers after 227.356ms - 200
[22:43:56 INF] End processing HTTP request after 228.3741ms - 200
[22:43:56 INF] wikidata_reconciliation: Wikipedia plot section 'Plot' for Q470937: 4372 chars
[22:43:56 INF] Start processing HTTP request GET https://www.wikidata.org/w/api.php?*
[22:43:56 INF] Sending HTTP request GET https://www.wikidata.org/w/api.php?*
[22:43:56 INF] Received HTTP response headers after 61.2726ms - 200
[22:43:56 INF] End processing HTTP request after 61.8185ms - 200
[22:43:56 INF] wikidata_reconciliation: Data Extension for Q56281007 — requesting 51 properties: [P31, P50, P57, P58, P86, P110, P161, P175, P577, P1476, P136, P179, P1545, P449, P674, P840, P921, P8345, P1434, P144, P4584, P212, P957, P5749, P4947, P4983, P4835, P7043, P345, P6395, P9586, P9751, P9750, P6381, P6398, P2281, P2850, P10110, P5905, P1190, P434, P435, P436, P5813, P4404, P2969, P648, P6262, P747, Len, Den]
[22:43:56 INF] wikidata_reconciliation: Data Extension returned 16 properties for Q56281007: [P345, P144, P449, P31, P161, P1476, P136, P6262, P4983, P9751, P57, P58, P86, P5905, P4835, P840]
[22:43:56 INF] wikidata_reconciliation: fetched 65 work claims for Q56281007 (audiobook edition pivot: False)
[22:43:56 INF] Start processing HTTP request GET https://www.wikidata.org/w/api.php?*
[22:43:56 INF] Sending HTTP request GET https://www.wikidata.org/w/api.php?*
[22:43:56 INF] Received HTTP response headers after 53.2702ms - 200
[22:43:56 INF] End processing HTTP request after 54.083ms - 200
[22:43:56 INF] Start processing HTTP request GET https://en.wikipedia.org/w/api.php?*
[22:43:56 INF] Sending HTTP request GET https://en.wikipedia.org/w/api.php?*
[22:43:56 INF] Received HTTP response headers after 62.9917ms - 200
[22:43:56 INF] End processing HTTP request after 63.6134ms - 200
[22:43:56 INF] wikidata_reconciliation: Wikipedia description for Q56281007 (en): 460 chars
[22:43:56 INF] Start processing HTTP request GET https://en.wikipedia.org/w/api.php?*
[22:43:56 INF] Sending HTTP request GET https://en.wikipedia.org/w/api.php?*
[22:43:56 INF] Received HTTP response headers after 87.0218ms - 200
[22:43:56 INF] End processing HTTP request after 88.2899ms - 200
[22:43:57 INF] Start processing HTTP request GET https://en.wikipedia.org/w/api.php?*
[22:43:57 INF] Sending HTTP request GET https://en.wikipedia.org/w/api.php?*
[22:43:57 INF] Received HTTP response headers after 76.4766ms - 200
[22:43:57 INF] End processing HTTP request after 77.4485ms - 200
[22:43:57 INF] wikidata_reconciliation: Wikipedia plot section 'Plot' for Q56281007: 2004 chars
[22:43:57 INF] Start processing HTTP request GET https://www.wikidata.org/w/api.php?*
[22:43:57 INF] Sending HTTP request GET https://www.wikidata.org/w/api.php?*
[22:43:57 INF] Received HTTP response headers after 43.0124ms - 200
[22:43:57 INF] End processing HTTP request after 43.7293ms - 200
[22:43:57 INF] Start processing HTTP request GET https://www.wikidata.org/w/api.php?*
[22:43:57 INF] Sending HTTP request GET https://www.wikidata.org/w/api.php?*
[22:43:57 INF] Received HTTP response headers after 148.7121ms - 200
[22:43:57 INF] End processing HTTP request after 151.1444ms - 200
[22:43:57 INF] Start processing HTTP request GET https://www.wikidata.org/w/api.php?*
[22:43:57 INF] Sending HTTP request GET https://www.wikidata.org/w/api.php?*
[22:43:57 INF] Received HTTP response headers after 46.634ms - 200
[22:43:57 INF] End processing HTTP request after 47.4456ms - 200
[22:43:58 INF] Start processing HTTP request GET https://www.wikidata.org/w/api.php?*
[22:43:58 INF] Sending HTTP request GET https://www.wikidata.org/w/api.php?*
[22:43:58 INF] Received HTTP response headers after 96.7247ms - 200
[22:43:58 INF] End processing HTTP request after 97.6876ms - 200
[22:43:58 INF] Start processing HTTP request GET https://www.wikidata.org/w/api.php?*
[22:43:58 INF] Sending HTTP request GET https://www.wikidata.org/w/api.php?*
[22:43:58 INF] Received HTTP response headers after 51.4828ms - 200
[22:43:58 INF] End processing HTTP request after 52.1549ms - 200
[22:43:58 INF] Start processing HTTP request GET https://www.wikidata.org/w/api.php?*
[22:43:58 INF] Sending HTTP request GET https://www.wikidata.org/w/api.php?*
[22:43:58 INF] Received HTTP response headers after 77.1476ms - 200
[22:43:58 INF] End processing HTTP request after 78.2391ms - 200
[22:43:59 INF] Start processing HTTP request GET https://www.wikidata.org/w/api.php?*
[22:43:59 INF] Sending HTTP request GET https://www.wikidata.org/w/api.php?*
[22:43:59 INF] Received HTTP response headers after 140.0319ms - 200
[22:43:59 INF] End processing HTTP request after 140.8828ms - 200
[22:43:59 INF] wikidata_reconciliation: child entity discovery — TV Q56281007: 3 seasons, 30 episodes (30 unassigned)
[22:43:59 INF] Start processing HTTP request GET https://www.wikidata.org/w/api.php?*
[22:43:59 INF] Sending HTTP request GET https://www.wikidata.org/w/api.php?*
[22:43:59 INF] Received HTTP response headers after 70.8101ms - 200
[22:43:59 INF] End processing HTTP request after 71.7283ms - 200
[22:43:59 INF] wikidata_reconciliation: Data Extension for Q101096725 — requesting 51 properties: [P31, P50, P57, P58, P86, P110, P161, P175, P577, P1476, P136, P179, P1545, P449, P674, P840, P921, P8345, P1434, P144, P4584, P212, P957, P5749, P4947, P4983, P4835, P7043, P345, P6395, P9586, P9751, P9750, P6381, P6398, P2281, P2850, P10110, P5905, P1190, P434, P435, P436, P5813, P4404, P2969, P648, P6262, P747, Len, Den]
[22:43:59 INF] wikidata_reconciliation: Data Extension returned 14 properties for Q101096725: [P31, P345, P4983, P136, P449, P1476, P57, P161, P9751, P435, P4947, P4835, P86, P674]
[22:43:59 INF] wikidata_reconciliation: fetched 59 work claims for Q101096725 (audiobook edition pivot: False)
[22:43:59 INF] Start processing HTTP request GET https://www.wikidata.org/w/api.php?*
[22:43:59 INF] Sending HTTP request GET https://www.wikidata.org/w/api.php?*
[22:43:59 INF] Received HTTP response headers after 77.8522ms - 200
[22:43:59 INF] End processing HTTP request after 78.9263ms - 200
[22:43:59 INF] Start processing HTTP request GET https://en.wikipedia.org/w/api.php?*
[22:43:59 INF] Sending HTTP request GET https://en.wikipedia.org/w/api.php?*
[22:43:59 INF] Received HTTP response headers after 66.0507ms - 200
[22:43:59 INF] End processing HTTP request after 66.9227ms - 200
[22:43:59 INF] wikidata_reconciliation: Wikipedia description for Q101096725 (en): 2000 chars
[22:44:00 INF] Start processing HTTP request GET https://en.wikipedia.org/w/api.php?*
[22:44:00 INF] Sending HTTP request GET https://en.wikipedia.org/w/api.php?*
[22:44:00 INF] Received HTTP response headers after 76.1739ms - 200
[22:44:00 INF] End processing HTTP request after 77.0048ms - 200
[22:44:00 INF] Start processing HTTP request GET https://www.wikidata.org/w/api.php?*
[22:44:00 INF] Sending HTTP request GET https://www.wikidata.org/w/api.php?*
[22:44:00 INF] Received HTTP response headers after 70.7943ms - 200
[22:44:00 INF] End processing HTTP request after 71.4316ms - 200
[22:44:00 INF] Start processing HTTP request GET https://www.wikidata.org/w/api.php?*
[22:44:00 INF] Sending HTTP request GET https://www.wikidata.org/w/api.php?*
[22:44:00 INF] Received HTTP response headers after 88.5929ms - 200
[22:44:00 INF] End processing HTTP request after 89.7191ms - 200
[22:44:01 INF] Start processing HTTP request GET https://www.wikidata.org/w/api.php?*
[22:44:01 INF] Sending HTTP request GET https://www.wikidata.org/w/api.php?*
[22:44:01 INF] Received HTTP response headers after 63.6699ms - 200
[22:44:01 INF] End processing HTTP request after 64.5159ms - 200
[22:44:01 INF] Start processing HTTP request GET https://www.wikidata.org/w/api.php?*
[22:44:01 INF] Sending HTTP request GET https://www.wikidata.org/w/api.php?*
[22:44:01 INF] Received HTTP response headers after 242.228ms - 200
[22:44:01 INF] End processing HTTP request after 243.254ms - 200
[22:44:01 INF] Start processing HTTP request GET https://www.wikidata.org/w/api.php?*
[22:44:01 INF] Sending HTTP request GET https://www.wikidata.org/w/api.php?*
[22:44:01 INF] Received HTTP response headers after 113.5229ms - 200
[22:44:01 INF] End processing HTTP request after 114.417ms - 200
[22:44:01 INF] Start processing HTTP request GET https://en.wikipedia.org/w/api.php?*
[22:44:01 INF] Sending HTTP request GET https://en.wikipedia.org/w/api.php?*
[22:44:01 INF] Received HTTP response headers after 92.8152ms - 200
[22:44:01 INF] End processing HTTP request after 94.4045ms - 200
[22:44:01 INF] wikidata_reconciliation: child entity discovery — TV Q101096725: 2 seasons, 31 episodes (31 unassigned)
[22:44:02 INF] Start processing HTTP request GET https://www.wikidata.org/w/api.php?*
[22:44:02 INF] Sending HTTP request GET https://www.wikidata.org/w/api.php?*
[22:44:02 INF] Received HTTP response headers after 56.8345ms - 200
[22:44:02 INF] End processing HTTP request after 57.8178ms - 200
[22:44:02 INF] Start processing HTTP request GET https://www.wikidata.org/w/api.php?*
[22:44:02 INF] Sending HTTP request GET https://www.wikidata.org/w/api.php?*
[22:44:02 INF] Received HTTP response headers after 40.5097ms - 200
[22:44:02 INF] End processing HTTP request after 41.5587ms - 200
[22:44:02 INF] wikidata_reconciliation: Data Extension for Q92076495 — requesting 51 properties: [P31, P50, P57, P58, P86, P110, P161, P175, P577, P1476, P136, P179, P1545, P449, P674, P840, P921, P8345, P1434, P144, P4584, P212, P957, P5749, P4947, P4983, P4835, P7043, P345, P6395, P9586, P9751, P9750, P6381, P6398, P2281, P2850, P10110, P5905, P1190, P434, P435, P436, P5813, P4404, P2969, P648, P6262, P747, Len, Den]
[22:44:02 INF] wikidata_reconciliation: Data Extension returned 6 properties for Q92076495: [P31, P577, P1476, P50, P212, P648]
[22:44:02 INF] wikidata_reconciliation: fetched 7 work claims for Q92076495 (audiobook edition pivot: False)
[22:44:02 INF] Start processing HTTP request GET https://www.wikidata.org/w/api.php?*
[22:44:02 INF] Sending HTTP request GET https://www.wikidata.org/w/api.php?*
[22:44:02 INF] Received HTTP response headers after 49.2537ms - 200
[22:44:02 INF] End processing HTTP request after 50.0579ms - 200
[22:44:03 INF] Start processing HTTP request GET https://www.wikidata.org/w/api.php?*
[22:44:03 INF] Sending HTTP request GET https://www.wikidata.org/w/api.php?*
[22:44:03 INF] Received HTTP response headers after 68.6097ms - 200
[22:44:03 INF] End processing HTTP request after 69.672ms - 200
[22:44:03 INF] wikidata_reconciliation: Data Extension for Q74287 — requesting 51 properties: [P31, P50, P57, P58, P86, P110, P161, P175, P577, P1476, P136, P179, P1545, P449, P674, P840, P921, P8345, P1434, P144, P4584, P212, P957, P5749, P4947, P4983, P4835, P7043, P345, P6395, P9586, P9751, P9750, P6381, P6398, P2281, P2850, P10110, P5905, P1190, P434, P435, P436, P5813, P4404, P2969, P648, P6262, P747, Len, Den]
[22:44:03 INF] wikidata_reconciliation: Data Extension returned 16 properties for Q74287: [P1434, P50, P31, P577, P136, P436, P435, P674, P1476, P648, P840, P921, P747, P6262, P5749, P110]
[22:44:03 INF] wikidata_reconciliation: fetched 96 work claims for Q74287 (audiobook edition pivot: False)
[22:44:03 INF] Start processing HTTP request GET https://www.wikidata.org/w/api.php?*
[22:44:03 INF] Sending HTTP request GET https://www.wikidata.org/w/api.php?*
[22:44:03 INF] Received HTTP response headers after 42.0135ms - 200
[22:44:03 INF] End processing HTTP request after 43.7538ms - 200
[22:44:03 INF] Start processing HTTP request GET https://en.wikipedia.org/w/api.php?*
[22:44:03 INF] Sending HTTP request GET https://en.wikipedia.org/w/api.php?*
[22:44:03 INF] Received HTTP response headers after 50.6601ms - 200
[22:44:03 INF] End processing HTTP request after 51.3046ms - 200
[22:44:03 INF] wikidata_reconciliation: Wikipedia description for Q74287 (en): 2393 chars
[22:44:03 INF] Start processing HTTP request GET https://en.wikipedia.org/w/api.php?*
[22:44:03 INF] Sending HTTP request GET https://en.wikipedia.org/w/api.php?*
[22:44:03 INF] Received HTTP response headers after 60.3515ms - 200
[22:44:03 INF] End processing HTTP request after 61.1974ms - 200
[22:44:04 INF] Start processing HTTP request GET https://en.wikipedia.org/w/api.php?*
[22:44:04 INF] Sending HTTP request GET https://en.wikipedia.org/w/api.php?*
[22:44:04 INF] Received HTTP response headers after 111.4646ms - 200
[22:44:04 INF] End processing HTTP request after 112.2971ms - 200
[22:44:04 INF] wikidata_reconciliation: Wikipedia plot section 'Plot' for Q74287: 3920 chars
[22:44:04 INF] Start processing HTTP request GET https://www.wikidata.org/w/api.php?*
[22:44:04 INF] Sending HTTP request GET https://www.wikidata.org/w/api.php?*
[22:44:04 INF] Received HTTP response headers after 59.1104ms - 200
[22:44:04 INF] End processing HTTP request after 59.7504ms - 200
[22:44:04 INF] wikidata_reconciliation: Data Extension for Q18389644 — requesting 51 properties: [P31, P50, P57, P58, P86, P110, P161, P175, P577, P1476, P136, P179, P1545, P449, P674, P840, P921, P8345, P1434, P144, P4584, P212, P957, P5749, P4947, P4983, P4835, P7043, P345, P6395, P9586, P9751, P9750, P6381, P6398, P2281, P2850, P10110, P5905, P1190, P434, P435, P436, P5813, P4404, P2969, P648, P6262, P747, Len, Den]
[22:44:04 INF] wikidata_reconciliation: Data Extension returned 18 properties for Q18389644: [P31, P345, P449, P161, P136, P86, P144, P840, P4835, P4983, P57, P58, P1476, P5905, P674, P5749, P8345, P6262]
[22:44:04 INF] wikidata_reconciliation: fetched 121 work claims for Q18389644 (audiobook edition pivot: False)
[22:44:04 INF] Start processing HTTP request GET https://www.wikidata.org/w/api.php?*
[22:44:04 INF] Sending HTTP request GET https://www.wikidata.org/w/api.php?*
[22:44:04 INF] Received HTTP response headers after 64.7585ms - 200
[22:44:04 INF] End processing HTTP request after 65.611ms - 200
[22:44:04 INF] Start processing HTTP request GET https://en.wikipedia.org/w/api.php?*
[22:44:04 INF] Sending HTTP request GET https://en.wikipedia.org/w/api.php?*
[22:44:04 INF] Received HTTP response headers after 72.2458ms - 200
[22:44:04 INF] End processing HTTP request after 72.9813ms - 200
[22:44:04 INF] wikidata_reconciliation: Wikipedia description for Q18389644 (en): 1279 chars
[22:44:04 INF] Start processing HTTP request GET https://en.wikipedia.org/w/api.php?*
[22:44:04 INF] Sending HTTP request GET https://en.wikipedia.org/w/api.php?*
[22:44:05 INF] Received HTTP response headers after 100.768ms - 200
[22:44:05 INF] End processing HTTP request after 101.6107ms - 200
[22:44:05 INF] Start processing HTTP request GET https://www.wikidata.org/w/api.php?*
[22:44:05 INF] Sending HTTP request GET https://www.wikidata.org/w/api.php?*
[22:44:05 INF] Received HTTP response headers after 98.6232ms - 200
[22:44:05 INF] End processing HTTP request after 99.6155ms - 200
[22:44:05 INF] Start processing HTTP request GET https://www.wikidata.org/w/api.php?*
[22:44:05 INF] Sending HTTP request GET https://www.wikidata.org/w/api.php?*
[22:44:05 INF] Received HTTP response headers after 77.0953ms - 200
[22:44:05 INF] End processing HTTP request after 77.9307ms - 200
[22:44:05 INF] Start processing HTTP request GET https://www.wikidata.org/w/api.php?*
[22:44:05 INF] Sending HTTP request GET https://www.wikidata.org/w/api.php?*
[22:44:05 INF] Received HTTP response headers after 108.4894ms - 200
[22:44:05 INF] End processing HTTP request after 109.3316ms - 200
[22:44:06 INF] Start processing HTTP request GET https://www.wikidata.org/w/api.php?*
[22:44:06 INF] Sending HTTP request GET https://www.wikidata.org/w/api.php?*
[22:44:06 INF] Received HTTP response headers after 65.1803ms - 200
[22:44:06 INF] End processing HTTP request after 65.9682ms - 200
[22:44:06 INF] Start processing HTTP request GET https://www.wikidata.org/w/api.php?*
[22:44:06 INF] Sending HTTP request GET https://www.wikidata.org/w/api.php?*
[22:44:06 INF] Received HTTP response headers after 86.5659ms - 200
[22:44:06 INF] End processing HTTP request after 89.0808ms - 200
[22:44:06 INF] Start processing HTTP request GET https://www.wikidata.org/w/api.php?*
[22:44:06 INF] Sending HTTP request GET https://www.wikidata.org/w/api.php?*
[22:44:06 INF] Received HTTP response headers after 51.1419ms - 200
[22:44:06 INF] End processing HTTP request after 51.94ms - 200
[22:44:07 INF] Start processing HTTP request GET https://www.wikidata.org/w/api.php?*
[22:44:07 INF] Sending HTTP request GET https://www.wikidata.org/w/api.php?*
[22:44:07 INF] Received HTTP response headers after 108.1773ms - 200
[22:44:07 INF] End processing HTTP request after 109.1272ms - 200
[22:44:07 INF] Start processing HTTP request GET https://www.wikidata.org/w/api.php?*
[22:44:07 INF] Sending HTTP request GET https://www.wikidata.org/w/api.php?*
[22:44:07 INF] Received HTTP response headers after 68.3957ms - 200
[22:44:07 INF] End processing HTTP request after 69.1793ms - 200
[22:44:07 INF] Start processing HTTP request GET https://www.wikidata.org/w/api.php?*
[22:44:07 INF] Sending HTTP request GET https://www.wikidata.org/w/api.php?*
[22:44:07 INF] Received HTTP response headers after 124.7219ms - 200
[22:44:07 INF] End processing HTTP request after 125.8493ms - 200
[22:44:08 INF] Start processing HTTP request GET https://www.wikidata.org/w/api.php?*
[22:44:08 INF] Sending HTTP request GET https://www.wikidata.org/w/api.php?*
[22:44:08 INF] Received HTTP response headers after 47.4327ms - 200
[22:44:08 INF] End processing HTTP request after 48.4149ms - 200
[22:44:08 INF] Start processing HTTP request GET https://www.wikidata.org/w/api.php?*
[22:44:08 INF] Sending HTTP request GET https://www.wikidata.org/w/api.php?*
[22:44:08 INF] Received HTTP response headers after 112.8221ms - 200
[22:44:08 INF] End processing HTTP request after 113.5548ms - 200
[22:44:08 INF] Start processing HTTP request GET https://www.wikidata.org/w/api.php?*
[22:44:08 INF] Sending HTTP request GET https://www.wikidata.org/w/api.php?*
[22:44:08 INF] Received HTTP response headers after 62.4008ms - 200
[22:44:08 INF] End processing HTTP request after 63.3149ms - 200
[22:44:09 INF] Start processing HTTP request GET https://www.wikidata.org/w/api.php?*
[22:44:09 INF] Sending HTTP request GET https://www.wikidata.org/w/api.php?*
[22:44:09 INF] Received HTTP response headers after 79.1365ms - 200
[22:44:09 INF] End processing HTTP request after 80.1067ms - 200
[22:44:09 INF] Start processing HTTP request GET https://www.wikidata.org/w/api.php?*
[22:44:09 INF] Sending HTTP request GET https://www.wikidata.org/w/api.php?*
[22:44:09 INF] Received HTTP response headers after 276.0113ms - 200
[22:44:09 INF] End processing HTTP request after 276.8567ms - 200
[22:44:09 INF] Start processing HTTP request GET https://www.wikidata.org/w/api.php?*
[22:44:09 INF] Sending HTTP request GET https://www.wikidata.org/w/api.php?*
[22:44:09 INF] Received HTTP response headers after 93.1085ms - 200
[22:44:09 INF] End processing HTTP request after 93.9665ms - 200
[22:44:09 INF] Start processing HTTP request GET https://en.wikipedia.org/w/api.php?*
[22:44:09 INF] Sending HTTP request GET https://en.wikipedia.org/w/api.php?*
[22:44:09 INF] Received HTTP response headers after 66.4758ms - 200
[22:44:09 INF] End processing HTTP request after 67.1399ms - 200
[22:44:09 INF] wikidata_reconciliation: child entity discovery — TV Q18389644: 6 seasons, 62 episodes (62 unassigned)
[22:44:10 INF] Start processing HTTP request GET https://www.wikidata.org/w/api.php?*
[22:44:10 INF] Sending HTTP request GET https://www.wikidata.org/w/api.php?*
[22:44:10 INF] Received HTTP response headers after 57.8651ms - 200
[22:44:10 INF] End processing HTTP request after 61.9145ms - 200
[22:44:10 INF] wikidata_reconciliation: Data Extension for Q56276181 — requesting 51 properties: [P31, P50, P57, P58, P86, P110, P161, P175, P577, P1476, P136, P179, P1545, P449, P674, P840, P921, P8345, P1434, P144, P4584, P212, P957, P5749, P4947, P4983, P4835, P7043, P345, P6395, P9586, P9751, P9750, P6381, P6398, P2281, P2850, P10110, P5905, P1190, P434, P435, P436, P5813, P4404, P2969, P648, P6262, P747, Len, Den]
[22:44:10 INF] wikidata_reconciliation: Data Extension returned 12 properties for Q56276181: [P31, P345, P144, P4983, P136, P1476, P161, P449, P86, P840, P4835, P1434]
[22:44:10 INF] wikidata_reconciliation: fetched 68 work claims for Q56276181 (audiobook edition pivot: False)
[22:44:10 INF] Start processing HTTP request GET https://www.wikidata.org/w/api.php?*
[22:44:10 INF] Sending HTTP request GET https://www.wikidata.org/w/api.php?*
[22:44:10 INF] Received HTTP response headers after 61.293ms - 200
[22:44:10 INF] End processing HTTP request after 62.088ms - 200
[22:44:10 INF] Start processing HTTP request GET https://en.wikipedia.org/w/api.php?*
[22:44:10 INF] Sending HTTP request GET https://en.wikipedia.org/w/api.php?*
[22:44:10 INF] Received HTTP response headers after 68.6588ms - 200
[22:44:10 INF] End processing HTTP request after 69.2948ms - 200
[22:44:10 INF] wikidata_reconciliation: Wikipedia description for Q56276181 (en): 1494 chars
[22:44:10 INF] Start processing HTTP request GET https://en.wikipedia.org/w/api.php?*
[22:44:10 INF] Sending HTTP request GET https://en.wikipedia.org/w/api.php?*
[22:44:10 INF] Received HTTP response headers after 77.597ms - 200
[22:44:10 INF] End processing HTTP request after 78.6819ms - 200
[22:44:11 INF] Start processing HTTP request GET https://en.wikipedia.org/w/api.php?*
[22:44:11 INF] Sending HTTP request GET https://en.wikipedia.org/w/api.php?*
[22:44:11 INF] Received HTTP response headers after 241.4576ms - 200
[22:44:11 INF] End processing HTTP request after 242.5672ms - 200
[22:44:11 INF] wikidata_reconciliation: Wikipedia plot section 'Premise' for Q56276181: 2147 chars
[22:44:11 INF] Start processing HTTP request GET https://www.wikidata.org/w/api.php?*
[22:44:11 INF] Sending HTTP request GET https://www.wikidata.org/w/api.php?*
[22:44:11 INF] Received HTTP response headers after 134.9146ms - 200
[22:44:11 INF] End processing HTTP request after 135.9254ms - 200
[22:44:11 INF] Start processing HTTP request GET https://www.wikidata.org/w/api.php?*
[22:44:11 INF] Sending HTTP request GET https://www.wikidata.org/w/api.php?*
[22:44:11 INF] Received HTTP response headers after 86.6847ms - 200
[22:44:11 INF] End processing HTTP request after 87.7561ms - 200
[22:44:11 INF] Start processing HTTP request GET https://en.wikipedia.org/w/api.php?*
[22:44:11 INF] Sending HTTP request GET https://en.wikipedia.org/w/api.php?*
[22:44:11 INF] Received HTTP response headers after 67.6159ms - 200
[22:44:11 INF] End processing HTTP request after 68.4526ms - 200
[22:44:11 INF] wikidata_reconciliation: child entity discovery — TV Q56276181: 1 seasons, 10 episodes (10 unassigned)
[22:44:11 INF] Start processing HTTP request GET https://www.wikidata.org/w/api.php?*
[22:44:11 INF] Sending HTTP request GET https://www.wikidata.org/w/api.php?*
[22:44:12 INF] Received HTTP response headers after 59.4843ms - 200
[22:44:12 INF] End processing HTTP request after 60.2978ms - 200
[22:44:12 INF] wikidata_reconciliation: Data Extension for Q19098052 — requesting 51 properties: [P31, P50, P57, P58, P86, P110, P161, P175, P577, P1476, P136, P179, P1545, P449, P674, P840, P921, P8345, P1434, P144, P4584, P212, P957, P5749, P4947, P4983, P4835, P7043, P345, P6395, P9586, P9751, P9750, P6381, P6398, P2281, P2850, P10110, P5905, P1190, P434, P435, P436, P5813, P4404, P2969, P648, P6262, P747, Len, Den]
[22:44:12 INF] wikidata_reconciliation: Data Extension returned 1 properties for Q19098052: [P31]
[22:44:12 INF] wikidata_reconciliation: fetched 2 work claims for Q19098052 (audiobook edition pivot: False)
[22:44:12 INF] Start processing HTTP request GET https://www.wikidata.org/w/api.php?*
[22:44:12 INF] Sending HTTP request GET https://www.wikidata.org/w/api.php?*
[22:44:12 INF] Received HTTP response headers after 49.3636ms - 200
[22:44:12 INF] End processing HTTP request after 50.347ms - 200
[22:44:12 INF] wikidata_reconciliation: Data Extension for Q208002 — requesting 51 properties: [P31, P50, P57, P58, P86, P110, P161, P175, P577, P1476, P136, P179, P1545, P449, P674, P840, P921, P8345, P1434, P144, P4584, P212, P957, P5749, P4947, P4983, P4835, P7043, P345, P6395, P9586, P9751, P9750, P6381, P6398, P2281, P2850, P10110, P5905, P1190, P434, P435, P436, P5813, P4404, P2969, P648, P6262, P747, Len, Den]
[22:44:12 INF] wikidata_reconciliation: Data Extension returned 14 properties for Q208002: [P1434, P31, P50, P674, P136, P1476, P577, P648, P435, P179, P921, P840, P6262, P747]
[22:44:12 INF] wikidata_reconciliation: fetched 66 work claims for Q208002 (audiobook edition pivot: False)
[22:44:12 INF] wikidata_reconciliation: Wikipedia description for Q208002 (en): 1792 chars
[22:44:12 INF] Start processing HTTP request GET https://en.wikipedia.org/w/api.php?*
[22:44:12 INF] Sending HTTP request GET https://en.wikipedia.org/w/api.php?*
[22:44:12 INF] Received HTTP response headers after 70.8253ms - 200
[22:44:12 INF] End processing HTTP request after 71.7525ms - 200
[22:44:12 INF] Start processing HTTP request GET https://www.wikidata.org/w/api.php?*
[22:44:12 INF] Sending HTTP request GET https://www.wikidata.org/w/api.php?*
[22:44:12 INF] Received HTTP response headers after 65.7818ms - 200
[22:44:12 INF] End processing HTTP request after 66.5082ms - 200
[22:44:12 INF] wikidata_reconciliation: Data Extension for Q21500755 — requesting 51 properties: [P31, P50, P57, P58, P86, P110, P161, P175, P577, P1476, P136, P179, P1545, P449, P674, P840, P921, P8345, P1434, P144, P4584, P212, P957, P5749, P4947, P4983, P4835, P7043, P345, P6395, P9586, P9751, P9750, P6381, P6398, P2281, P2850, P10110, P5905, P1190, P434, P435, P436, P5813, P4404, P2969, P648, P6262, P747, Len, Den]
[22:44:12 INF] wikidata_reconciliation: Data Extension returned 16 properties for Q21500755: [P31, P345, P57, P161, P58, P86, P1476, P136, P840, P4947, P8345, P5905, P6262, P6398, P9586, P577]
[22:44:12 INF] wikidata_reconciliation: fetched 90 work claims for Q21500755 (audiobook edition pivot: False)
[22:44:12 INF] Start processing HTTP request GET https://www.wikidata.org/w/api.php?*
[22:44:12 INF] Sending HTTP request GET https://www.wikidata.org/w/api.php?*
[22:44:13 INF] Received HTTP response headers after 76.3707ms - 200
[22:44:13 INF] End processing HTTP request after 77.2159ms - 200
[22:44:13 INF] Start processing HTTP request GET https://en.wikipedia.org/w/api.php?*
[22:44:13 INF] Sending HTTP request GET https://en.wikipedia.org/w/api.php?*
[22:44:13 INF] Received HTTP response headers after 63.9428ms - 200
[22:44:13 INF] End processing HTTP request after 64.5111ms - 200
[22:44:13 INF] wikidata_reconciliation: Wikipedia description for Q21500755 (en): 2279 chars
[22:44:13 INF] Start processing HTTP request GET https://en.wikipedia.org/w/api.php?*
[22:44:13 INF] Sending HTTP request GET https://en.wikipedia.org/w/api.php?*
[22:44:13 INF] Received HTTP response headers after 90.005ms - 200
[22:44:13 INF] End processing HTTP request after 90.8542ms - 200
[22:44:13 INF] Start processing HTTP request GET https://en.wikipedia.org/w/api.php?*
[22:44:13 INF] Sending HTTP request GET https://en.wikipedia.org/w/api.php?*
[22:44:13 INF] Received HTTP response headers after 201.4341ms - 200
[22:44:13 INF] End processing HTTP request after 202.4629ms - 200
[22:44:13 INF] wikidata_reconciliation: Wikipedia plot section 'Plot' for Q21500755: 4359 chars
[22:44:13 INF] Start processing HTTP request GET https://www.wikidata.org/w/api.php?*
[22:44:13 INF] Sending HTTP request GET https://www.wikidata.org/w/api.php?*
[22:44:13 INF] Received HTTP response headers after 56.4631ms - 200
[22:44:13 INF] End processing HTTP request after 57.0934ms - 200
[22:44:13 INF] wikidata_reconciliation: Data Extension for Q462454 — requesting 51 properties: [P31, P50, P57, P58, P86, P110, P161, P175, P577, P1476, P136, P179, P1545, P449, P674, P840, P921, P8345, P1434, P144, P4584, P212, P957, P5749, P4947, P4983, P4835, P7043, P345, P6395, P9586, P9751, P9750, P6381, P6398, P2281, P2850, P10110, P5905, P1190, P434, P435, P436, P5813, P4404, P2969, P648, P6262, P747, Len, Den]
[22:44:13 INF] wikidata_reconciliation: Data Extension returned 8 properties for Q462454: [P31, P50, P136, P577, P1476, P648, P840, P747]
[22:44:13 INF] wikidata_reconciliation: fetched 23 work claims for Q462454 (audiobook edition pivot: False)
[22:44:14 INF] Start processing HTTP request GET https://www.wikidata.org/w/api.php?*
[22:44:14 INF] Sending HTTP request GET https://www.wikidata.org/w/api.php?*
[22:44:14 INF] Received HTTP response headers after 47.9924ms - 200
[22:44:14 INF] End processing HTTP request after 50.0388ms - 200
[22:44:14 INF] Start processing HTTP request GET https://en.wikipedia.org/w/api.php?*
[22:44:14 INF] Sending HTTP request GET https://en.wikipedia.org/w/api.php?*
[22:44:14 INF] Received HTTP response headers after 63.2702ms - 200
[22:44:14 INF] End processing HTTP request after 64.0752ms - 200
[22:44:14 INF] wikidata_reconciliation: Wikipedia description for Q462454 (en): 479 chars
[22:44:14 INF] Start processing HTTP request GET https://en.wikipedia.org/w/api.php?*
[22:44:14 INF] Sending HTTP request GET https://en.wikipedia.org/w/api.php?*
[22:44:14 INF] Received HTTP response headers after 71.8526ms - 200
[22:44:14 INF] End processing HTTP request after 72.7068ms - 200
[22:44:15 INF] Start processing HTTP request GET https://en.wikipedia.org/w/api.php?*
[22:44:15 INF] Sending HTTP request GET https://en.wikipedia.org/w/api.php?*
[22:44:15 INF] Received HTTP response headers after 116.2647ms - 200
[22:44:15 INF] End processing HTTP request after 116.9743ms - 200
[22:44:15 INF] wikidata_reconciliation: Wikipedia plot section 'Plot' for Q462454: 8813 chars
[22:44:15 INF] Start processing HTTP request GET https://www.wikidata.org/w/api.php?*
[22:44:15 INF] Sending HTTP request GET https://www.wikidata.org/w/api.php?*
[22:44:15 INF] Received HTTP response headers after 82.7397ms - 200
[22:44:15 INF] End processing HTTP request after 83.5562ms - 200
[22:44:15 INF] wikidata_reconciliation: Data Extension for Q29588607 — requesting 51 properties: [P31, P50, P57, P58, P86, P110, P161, P175, P577, P1476, P136, P179, P1545, P449, P674, P840, P921, P8345, P1434, P144, P4584, P212, P957, P5749, P4947, P4983, P4835, P7043, P345, P6395, P9586, P9751, P9750, P6381, P6398, P2281, P2850, P10110, P5905, P1190, P434, P435, P436, P5813, P4404, P2969, P648, P6262, P747, Len, Den]
[22:44:15 INF] wikidata_reconciliation: Data Extension returned 17 properties for Q29588607: [P31, P345, P1476, P577, P4947, P57, P136, P58, P86, P6262, P840, P5905, P179, P6398, P9586, P674, P921]
[22:44:15 INF] wikidata_reconciliation: fetched 60 work claims for Q29588607 (audiobook edition pivot: False)
[22:44:15 INF] Start processing HTTP request GET https://www.wikidata.org/w/api.php?*
[22:44:15 INF] Sending HTTP request GET https://www.wikidata.org/w/api.php?*
[22:44:15 INF] Received HTTP response headers after 70.5764ms - 200
[22:44:15 INF] End processing HTTP request after 71.6465ms - 200
[22:44:15 INF] Start processing HTTP request GET https://en.wikipedia.org/w/api.php?*
[22:44:15 INF] Sending HTTP request GET https://en.wikipedia.org/w/api.php?*
[22:44:15 INF] Received HTTP response headers after 61.9766ms - 200
[22:44:15 INF] End processing HTTP request after 62.6953ms - 200
[22:44:15 INF] wikidata_reconciliation: Wikipedia description for Q29588607 (en): 2148 chars
[22:44:15 INF] Start processing HTTP request GET https://en.wikipedia.org/w/api.php?*
[22:44:15 INF] Sending HTTP request GET https://en.wikipedia.org/w/api.php?*
[22:44:15 INF] Received HTTP response headers after 73.073ms - 200
[22:44:15 INF] End processing HTTP request after 74.1868ms - 200
[22:44:16 INF] Start processing HTTP request GET https://en.wikipedia.org/w/api.php?*
[22:44:16 INF] Sending HTTP request GET https://en.wikipedia.org/w/api.php?*
[22:44:16 INF] Received HTTP response headers after 351.5336ms - 200
[22:44:16 INF] End processing HTTP request after 352.8057ms - 200
[22:44:16 INF] wikidata_reconciliation: Wikipedia plot section 'Plot' for Q29588607: 4132 chars
[22:44:16 INF] Start processing HTTP request GET https://www.wikidata.org/w/api.php?*
[22:44:16 INF] Sending HTTP request GET https://www.wikidata.org/w/api.php?*
[22:44:16 INF] Received HTTP response headers after 74.2533ms - 200
[22:44:16 INF] End processing HTTP request after 75.1207ms - 200
[22:44:16 INF] wikidata_reconciliation: Data Extension for Q109228991 — requesting 51 properties: [P31, P50, P57, P58, P86, P110, P161, P175, P577, P1476, P136, P179, P1545, P449, P674, P840, P921, P8345, P1434, P144, P4584, P212, P957, P5749, P4947, P4983, P4835, P7043, P345, P6395, P9586, P9751, P9750, P6381, P6398, P2281, P2850, P10110, P5905, P1190, P434, P435, P436, P5813, P4404, P2969, P648, P6262, P747, Len, Den]
[22:44:16 INF] wikidata_reconciliation: Data Extension returned 20 properties for Q109228991: [P31, P345, P577, P144, P57, P4947, P6262, P179, P136, P58, P1476, P86, P1434, P8345, P840, P921, P9586, P5905, P435, P161]
[22:44:16 INF] wikidata_reconciliation: fetched 88 work claims for Q109228991 (audiobook edition pivot: False)
[22:44:16 INF] Start processing HTTP request GET https://www.wikidata.org/w/api.php?*
[22:44:16 INF] Sending HTTP request GET https://www.wikidata.org/w/api.php?*
[22:44:16 INF] Received HTTP response headers after 86.8118ms - 200
[22:44:16 INF] End processing HTTP request after 87.806ms - 200
[22:44:16 INF] Start processing HTTP request GET https://en.wikipedia.org/w/api.php?*
[22:44:16 INF] Sending HTTP request GET https://en.wikipedia.org/w/api.php?*
[22:44:17 INF] Received HTTP response headers after 56.1387ms - 200
[22:44:17 INF] End processing HTTP request after 56.9127ms - 200
[22:44:17 INF] wikidata_reconciliation: Wikipedia description for Q109228991 (en): 2153 chars
[22:44:17 INF] Start processing HTTP request GET https://en.wikipedia.org/w/api.php?*
[22:44:17 INF] Sending HTTP request GET https://en.wikipedia.org/w/api.php?*
[22:44:17 INF] Received HTTP response headers after 89.2551ms - 200
[22:44:17 INF] End processing HTTP request after 98.9449ms - 200
[22:44:17 INF] Start processing HTTP request GET https://en.wikipedia.org/w/api.php?*
[22:44:17 INF] Sending HTTP request GET https://en.wikipedia.org/w/api.php?*
[22:44:17 INF] Received HTTP response headers after 300.5133ms - 200
[22:44:17 INF] End processing HTTP request after 302.4889ms - 200
[22:44:17 INF] wikidata_reconciliation: Wikipedia plot section 'Plot' for Q109228991: 4400 chars
[22:44:17 INF] Start processing HTTP request GET https://www.wikidata.org/w/api.php?*
[22:44:17 INF] Sending HTTP request GET https://www.wikidata.org/w/api.php?*
[22:44:18 INF] Received HTTP response headers after 75.3441ms - 200
[22:44:18 INF] End processing HTTP request after 77.859ms - 200
[22:44:18 INF] wikidata_reconciliation: Data Extension for Q163872 — requesting 51 properties: [P31, P50, P57, P58, P86, P110, P161, P175, P577, P1476, P136, P179, P1545, P449, P674, P840, P921, P8345, P1434, P144, P4584, P212, P957, P5749, P4947, P4983, P4835, P7043, P345, P6395, P9586, P9751, P9750, P6381, P6398, P2281, P2850, P10110, P5905, P1190, P434, P435, P436, P5813, P4404, P2969, P648, P6262, P747, Len, Den]
[22:44:18 INF] wikidata_reconciliation: Data Extension returned 20 properties for Q163872: [P31, P57, P345, P161, P58, P840, P136, P86, P577, P921, P1476, P179, P4947, P5905, P1434, P6398, P9586, P674, P5749, P144]
[22:44:18 INF] wikidata_reconciliation: fetched 132 work claims for Q163872 (audiobook edition pivot: False)
[22:44:18 INF] Start processing HTTP request GET https://www.wikidata.org/w/api.php?*
[22:44:18 INF] Sending HTTP request GET https://www.wikidata.org/w/api.php?*
[22:44:18 INF] Received HTTP response headers after 75.5206ms - 200
[22:44:18 INF] End processing HTTP request after 76.474ms - 200
[22:44:18 INF] Start processing HTTP request GET https://en.wikipedia.org/w/api.php?*
[22:44:18 INF] Sending HTTP request GET https://en.wikipedia.org/w/api.php?*
[22:44:18 INF] Received HTTP response headers after 82.311ms - 200
[22:44:18 INF] End processing HTTP request after 85.6886ms - 200
[22:44:18 INF] wikidata_reconciliation: Wikipedia description for Q163872 (en): 3248 chars
[22:44:18 INF] Start processing HTTP request GET https://en.wikipedia.org/w/api.php?*
[22:44:18 INF] Sending HTTP request GET https://en.wikipedia.org/w/api.php?*
[22:44:18 INF] Received HTTP response headers after 73.629ms - 200
[22:44:18 INF] End processing HTTP request after 75.7974ms - 200
[22:44:19 INF] Start processing HTTP request GET https://en.wikipedia.org/w/api.php?*
[22:44:19 INF] Sending HTTP request GET https://en.wikipedia.org/w/api.php?*
[22:44:19 INF] Received HTTP response headers after 116.5665ms - 200
[22:44:19 INF] End processing HTTP request after 118.4851ms - 200
[22:44:19 INF] wikidata_reconciliation: Wikipedia plot section 'Plot' for Q163872: 3919 chars
[22:44:19 INF] Start processing HTTP request GET https://www.wikidata.org/w/api.php?*
[22:44:19 INF] Sending HTTP request GET https://www.wikidata.org/w/api.php?*
[22:44:19 INF] Received HTTP response headers after 56.9008ms - 200
[22:44:19 INF] End processing HTTP request after 59.258ms - 200
[22:44:19 INF] wikidata_reconciliation: Data Extension for Q56876444 — requesting 51 properties: [P31, P50, P57, P58, P86, P110, P161, P175, P577, P1476, P136, P179, P1545, P449, P674, P840, P921, P8345, P1434, P144, P4584, P212, P957, P5749, P4947, P4983, P4835, P7043, P345, P6395, P9586, P9751, P9750, P6381, P6398, P2281, P2850, P10110, P5905, P1190, P434, P435, P436, P5813, P4404, P2969, P648, P6262, P747, Len, Den]
[22:44:19 INF] wikidata_reconciliation: Data Extension returned 17 properties for Q56876444: [P31, P345, P161, P58, P136, P86, P1434, P449, P1476, P57, P4983, P4835, P8345, P144, P5905, P9751, P6262]
[22:44:19 INF] wikidata_reconciliation: fetched 91 work claims for Q56876444 (audiobook edition pivot: False)
[22:44:19 INF] Start processing HTTP request GET https://www.wikidata.org/w/api.php?*
[22:44:19 INF] Sending HTTP request GET https://www.wikidata.org/w/api.php?*
[22:44:19 INF] Received HTTP response headers after 69.1782ms - 200
[22:44:19 INF] End processing HTTP request after 72.3699ms - 200
[22:44:19 INF] Start processing HTTP request GET https://en.wikipedia.org/w/api.php?*
[22:44:19 INF] Sending HTTP request GET https://en.wikipedia.org/w/api.php?*
[22:44:19 INF] Received HTTP response headers after 70.5952ms - 200
[22:44:19 INF] End processing HTTP request after 71.3261ms - 200
[22:44:19 INF] wikidata_reconciliation: Wikipedia description for Q56876444 (en): 2187 chars
[22:44:19 INF] Start processing HTTP request GET https://en.wikipedia.org/w/api.php?*
[22:44:19 INF] Sending HTTP request GET https://en.wikipedia.org/w/api.php?*
[22:44:20 INF] Received HTTP response headers after 96.0089ms - 200
[22:44:20 INF] End processing HTTP request after 96.8202ms - 200
[22:44:20 INF] Start processing HTTP request GET https://en.wikipedia.org/w/api.php?*
[22:44:20 INF] Sending HTTP request GET https://en.wikipedia.org/w/api.php?*
[22:44:20 INF] Received HTTP response headers after 274.4892ms - 200
[22:44:20 INF] End processing HTTP request after 275.624ms - 200
[22:44:20 INF] wikidata_reconciliation: Wikipedia plot section 'Premise' for Q56876444: 1215 chars
[22:44:20 INF] Start processing HTTP request GET https://www.wikidata.org/w/api.php?*
[22:44:20 INF] Sending HTTP request GET https://www.wikidata.org/w/api.php?*
[22:44:20 INF] Received HTTP response headers after 78.7969ms - 200
[22:44:20 INF] End processing HTTP request after 79.5145ms - 200
[22:44:20 INF] Start processing HTTP request GET https://www.wikidata.org/w/api.php?*
[22:44:20 INF] Sending HTTP request GET https://www.wikidata.org/w/api.php?*
[22:44:20 INF] Received HTTP response headers after 49.2307ms - 200
[22:44:20 INF] End processing HTTP request after 50.1833ms - 200
[22:44:21 INF] Start processing HTTP request GET https://www.wikidata.org/w/api.php?*
[22:44:21 INF] Sending HTTP request GET https://www.wikidata.org/w/api.php?*
[22:44:21 INF] Received HTTP response headers after 93.2618ms - 200
[22:44:21 INF] End processing HTTP request after 94.7425ms - 200
[22:44:21 INF] Start processing HTTP request GET https://www.wikidata.org/w/api.php?*
[22:44:21 INF] Sending HTTP request GET https://www.wikidata.org/w/api.php?*
[22:44:21 INF] Received HTTP response headers after 62.0033ms - 200
[22:44:21 INF] End processing HTTP request after 62.8944ms - 200
[22:44:21 INF] Start processing HTTP request GET https://www.wikidata.org/w/api.php?*
[22:44:21 INF] Sending HTTP request GET https://www.wikidata.org/w/api.php?*
[22:44:22 INF] Received HTTP response headers after 324.882ms - 200
[22:44:22 INF] End processing HTTP request after 326.6956ms - 200
[22:44:22 INF] Start processing HTTP request GET https://www.wikidata.org/w/api.php?*
[22:44:22 INF] Sending HTTP request GET https://www.wikidata.org/w/api.php?*
[22:44:22 INF] Received HTTP response headers after 69.8999ms - 200
[22:44:22 INF] End processing HTTP request after 70.7486ms - 200
[22:44:22 INF] Start processing HTTP request GET https://www.wikidata.org/w/api.php?*
[22:44:22 INF] Sending HTTP request GET https://www.wikidata.org/w/api.php?*
[22:44:22 INF] Received HTTP response headers after 88.4624ms - 200
[22:44:22 INF] End processing HTTP request after 89.4964ms - 200
[22:44:22 INF] Start processing HTTP request GET https://www.wikidata.org/w/api.php?*
[22:44:22 INF] Sending HTTP request GET https://www.wikidata.org/w/api.php?*
[22:44:23 INF] Received HTTP response headers after 124.8834ms - 200
[22:44:23 INF] End processing HTTP request after 129.0381ms - 200
[22:44:23 INF] Start processing HTTP request GET https://en.wikipedia.org/w/api.php?*
[22:44:23 INF] Sending HTTP request GET https://en.wikipedia.org/w/api.php?*
[22:44:23 INF] Received HTTP response headers after 103.0863ms - 200
[22:44:23 INF] End processing HTTP request after 105.1294ms - 200
[22:44:23 INF] wikidata_reconciliation: child entity discovery — TV Q56876444: 3 seasons, 24 episodes (24 unassigned)
[22:44:23 INF] Start processing HTTP request GET https://www.wikidata.org/w/api.php?*
[22:44:23 INF] Sending HTTP request GET https://www.wikidata.org/w/api.php?*
[22:44:23 INF] Received HTTP response headers after 68.2138ms - 200
[22:44:23 INF] End processing HTTP request after 69.4635ms - 200
[22:44:23 INF] wikidata_reconciliation: Data Extension for Q60834962 — requesting 51 properties: [P31, P50, P57, P58, P86, P110, P161, P175, P577, P1476, P136, P179, P1545, P449, P674, P840, P921, P8345, P1434, P144, P4584, P212, P957, P5749, P4947, P4983, P4835, P7043, P345, P6395, P9586, P9751, P9750, P6381, P6398, P2281, P2850, P10110, P5905, P1190, P434, P435, P436, P5813, P4404, P2969, P648, P6262, P747, Len, Den]
[22:44:23 INF] Start processing HTTP request GET https://www.wikidata.org/w/api.php?*
[22:44:23 INF] Sending HTTP request GET https://www.wikidata.org/w/api.php?*
[22:44:25 INF] Received HTTP response headers after 1947.791ms - 200
[22:44:25 INF] End processing HTTP request after 1948.9175ms - 200
[22:44:25 INF] Start processing HTTP request GET https://www.wikidata.org/w/api.php?*
[22:44:25 INF] Sending HTTP request GET https://www.wikidata.org/w/api.php?*
[22:44:27 INF] Received HTTP response headers after 2115.6755ms - 200
[22:44:27 INF] End processing HTTP request after 2116.396ms - 200
[22:44:27 INF] Start processing HTTP request GET https://www.wikidata.org/w/api.php?*
[22:44:27 INF] Sending HTTP request GET https://www.wikidata.org/w/api.php?*
[22:44:29 INF] Received HTTP response headers after 1533.5283ms - 200
[22:44:29 INF] End processing HTTP request after 1534.3343ms - 200
[22:44:29 INF] wikidata_reconciliation: Data Extension returned 22 properties for Q60834962: [P31, P1476, P136, P57, P58, P345, P144, P161, P86, P840, P6262, P4947, P8345, P577, P921, P179, P5905, P9586, P6398, P1434, P674, P50]
[22:44:29 INF] wikidata_reconciliation: fetched 118 work claims for Q60834962 (audiobook edition pivot: False)
[22:44:29 INF] Start processing HTTP request GET https://www.wikidata.org/w/api.php?*
[22:44:29 INF] Sending HTTP request GET https://www.wikidata.org/w/api.php?*
[22:44:29 INF] Received HTTP response headers after 83.9739ms - 200
[22:44:29 INF] End processing HTTP request after 85.1253ms - 200
[22:44:29 INF] Start processing HTTP request GET https://en.wikipedia.org/w/api.php?*
[22:44:29 INF] Sending HTTP request GET https://en.wikipedia.org/w/api.php?*
[22:44:29 INF] Received HTTP response headers after 67.7501ms - 200
[22:44:29 INF] End processing HTTP request after 69.3293ms - 200
[22:44:29 INF] wikidata_reconciliation: Wikipedia description for Q60834962 (en): 2117 chars
[22:44:29 INF] Start processing HTTP request GET https://en.wikipedia.org/w/api.php?*
[22:44:29 INF] Sending HTTP request GET https://en.wikipedia.org/w/api.php?*
[22:44:29 INF] Received HTTP response headers after 90.9062ms - 200
[22:44:29 INF] End processing HTTP request after 92.2406ms - 200
[22:44:29 INF] Start processing HTTP request GET https://en.wikipedia.org/w/api.php?*
[22:44:29 INF] Sending HTTP request GET https://en.wikipedia.org/w/api.php?*
[22:44:30 INF] Received HTTP response headers after 137.8092ms - 200
[22:44:30 INF] End processing HTTP request after 138.8618ms - 200
[22:44:30 INF] wikidata_reconciliation: Wikipedia plot section 'Plot' for Q60834962: 4372 chars
[22:44:30 INF] Start processing HTTP request GET https://www.wikidata.org/w/api.php?*
[22:44:30 INF] Sending HTTP request GET https://www.wikidata.org/w/api.php?*
[22:44:30 INF] Received HTTP response headers after 67.1807ms - 200
[22:44:30 INF] End processing HTTP request after 68.0291ms - 200
[22:44:30 INF] wikidata_reconciliation: Data Extension for Q20382729 — requesting 51 properties: [P31, P50, P57, P58, P86, P110, P161, P175, P577, P1476, P136, P179, P1545, P449, P674, P840, P921, P8345, P1434, P144, P4584, P212, P957, P5749, P4947, P4983, P4835, P7043, P345, P6395, P9586, P9751, P9750, P6381, P6398, P2281, P2850, P10110, P5905, P1190, P434, P435, P436, P5813, P4404, P2969, P648, P6262, P747, Len, Den]
[22:44:30 INF] wikidata_reconciliation: Data Extension returned 16 properties for Q20382729: [P31, P57, P345, P161, P577, P1476, P86, P136, P58, P144, P4947, P840, P921, P6262, P6398, P9586]
[22:44:30 INF] wikidata_reconciliation: fetched 62 work claims for Q20382729 (audiobook edition pivot: False)
[22:44:30 INF] Start processing HTTP request GET https://www.wikidata.org/w/api.php?*
[22:44:30 INF] Sending HTTP request GET https://www.wikidata.org/w/api.php?*
[22:44:30 INF] Received HTTP response headers after 72.2481ms - 200
[22:44:30 INF] End processing HTTP request after 74.1716ms - 200
[22:44:30 INF] Start processing HTTP request GET https://en.wikipedia.org/w/api.php?*
[22:44:30 INF] Sending HTTP request GET https://en.wikipedia.org/w/api.php?*
[22:44:30 INF] Received HTTP response headers after 66.5269ms - 200
[22:44:30 INF] End processing HTTP request after 67.2051ms - 200
[22:44:30 INF] wikidata_reconciliation: Wikipedia description for Q20382729 (en): 1710 chars
[22:44:30 INF] Start processing HTTP request GET https://en.wikipedia.org/w/api.php?*
[22:44:30 INF] Sending HTTP request GET https://en.wikipedia.org/w/api.php?*
[22:44:31 INF] Received HTTP response headers after 300.4035ms - 200
[22:44:31 INF] End processing HTTP request after 301.3964ms - 200
[22:44:31 INF] Start processing HTTP request GET https://en.wikipedia.org/w/api.php?*
[22:44:31 INF] Sending HTTP request GET https://en.wikipedia.org/w/api.php?*
[22:44:31 INF] Received HTTP response headers after 269.9702ms - 200
[22:44:31 INF] End processing HTTP request after 270.9334ms - 200
[22:44:31 INF] wikidata_reconciliation: Wikipedia plot section 'Plot' for Q20382729: 4842 chars
[22:44:31 INF] Start processing HTTP request GET https://www.wikidata.org/w/api.php?*
[22:44:31 INF] Sending HTTP request GET https://www.wikidata.org/w/api.php?*
[22:44:31 INF] Received HTTP response headers after 79.877ms - 200
[22:44:31 INF] End processing HTTP request after 80.4741ms - 200
[22:44:31 INF] wikidata_reconciliation: Data Extension for Q13417189 — requesting 51 properties: [P31, P50, P57, P58, P86, P110, P161, P175, P577, P1476, P136, P179, P1545, P449, P674, P840, P921, P8345, P1434, P144, P4584, P212, P957, P5749, P4947, P4983, P4835, P7043, P345, P6395, P9586, P9751, P9750, P6381, P6398, P2281, P2850, P10110, P5905, P1190, P434, P435, P436, P5813, P4404, P2969, P648, P6262, P747, Len, Den]
[22:44:31 INF] wikidata_reconciliation: Data Extension returned 17 properties for Q13417189: [P31, P57, P58, P161, P345, P136, P921, P86, P577, P1476, P4947, P840, P6262, P6398, P9586, P1434, P674]
[22:44:31 INF] wikidata_reconciliation: fetched 125 work claims for Q13417189 (audiobook edition pivot: False)
[22:44:31 INF] Start processing HTTP request GET https://www.wikidata.org/w/api.php?*
[22:44:31 INF] Sending HTTP request GET https://www.wikidata.org/w/api.php?*
[22:44:32 INF] Received HTTP response headers after 90.0407ms - 200
[22:44:32 INF] End processing HTTP request after 91.6119ms - 200
[22:44:32 INF] Start processing HTTP request GET https://en.wikipedia.org/w/api.php?*
[22:44:32 INF] Sending HTTP request GET https://en.wikipedia.org/w/api.php?*
[22:44:32 INF] Received HTTP response headers after 65.183ms - 200
[22:44:32 INF] End processing HTTP request after 65.9951ms - 200
[22:44:32 INF] wikidata_reconciliation: Wikipedia description for Q13417189 (en): 1924 chars
[22:44:32 INF] Start processing HTTP request GET https://en.wikipedia.org/w/api.php?*
[22:44:32 INF] Sending HTTP request GET https://en.wikipedia.org/w/api.php?*
[22:44:32 INF] Received HTTP response headers after 94.0057ms - 200
[22:44:32 INF] End processing HTTP request after 97.2958ms - 200
[22:44:32 INF] Start processing HTTP request GET https://en.wikipedia.org/w/api.php?*
[22:44:32 INF] Sending HTTP request GET https://en.wikipedia.org/w/api.php?*
[22:44:32 INF] Received HTTP response headers after 169.9597ms - 200
[22:44:32 INF] End processing HTTP request after 171.0154ms - 200
[22:44:32 INF] wikidata_reconciliation: Wikipedia plot section 'Plot' for Q13417189: 3441 chars
[22:44:32 INF] Start processing HTTP request GET https://www.wikidata.org/w/api.php?*
[22:44:32 INF] Sending HTTP request GET https://www.wikidata.org/w/api.php?*
[22:44:32 INF] Received HTTP response headers after 46.6454ms - 200
[22:44:32 INF] End processing HTTP request after 47.3927ms - 200
[22:44:32 INF] wikidata_reconciliation: Data Extension for Q719915 — requesting 51 properties: [P31, P50, P57, P58, P86, P110, P161, P175, P577, P1476, P136, P179, P1545, P449, P674, P840, P921, P8345, P1434, P144, P4584, P212, P957, P5749, P4947, P4983, P4835, P7043, P345, P6395, P9586, P9751, P9750, P6381, P6398, P2281, P2850, P10110, P5905, P1190, P434, P435, P436, P5813, P4404, P2969, P648, P6262, P747, Len, Den]
[22:44:33 INF] Start processing HTTP request GET https://www.wikidata.org/w/api.php?*
[22:44:33 INF] Sending HTTP request GET https://www.wikidata.org/w/api.php?*
[22:44:34 INF] Received HTTP response headers after 1423.6316ms - 200
[22:44:34 INF] End processing HTTP request after 1425.2622ms - 200
[22:44:34 INF] Start processing HTTP request GET https://www.wikidata.org/w/api.php?*
[22:44:34 INF] Sending HTTP request GET https://www.wikidata.org/w/api.php?*
[22:44:35 INF] Received HTTP response headers after 385.6294ms - 200
[22:44:35 INF] End processing HTTP request after 386.3205ms - 200
[22:44:35 INF] wikidata_reconciliation: Data Extension returned 18 properties for Q719915: [P31, P345, P57, P144, P136, P179, P577, P161, P86, P58, P1476, P4947, P840, P5905, P6262, P6398, P9586, P5749]
[22:44:35 INF] wikidata_reconciliation: fetched 93 work claims for Q719915 (audiobook edition pivot: False)
[22:44:35 INF] Start processing HTTP request GET https://www.wikidata.org/w/api.php?*
[22:44:35 INF] Sending HTTP request GET https://www.wikidata.org/w/api.php?*
[22:44:35 INF] Received HTTP response headers after 68.0003ms - 200
[22:44:35 INF] End processing HTTP request after 68.7831ms - 200
[22:44:35 INF] Start processing HTTP request GET https://en.wikipedia.org/w/api.php?*
[22:44:35 INF] Sending HTTP request GET https://en.wikipedia.org/w/api.php?*
[22:44:35 INF] Received HTTP response headers after 58.7506ms - 200
[22:44:35 INF] End processing HTTP request after 60.2394ms - 200
[22:44:35 INF] wikidata_reconciliation: Wikipedia description for Q719915 (en): 1783 chars
[22:44:35 INF] Start processing HTTP request GET https://en.wikipedia.org/w/api.php?*
[22:44:35 INF] Sending HTTP request GET https://en.wikipedia.org/w/api.php?*
[22:44:35 INF] Received HTTP response headers after 85.5889ms - 200
[22:44:35 INF] End processing HTTP request after 86.8696ms - 200
[22:44:35 INF] Start processing HTTP request GET https://en.wikipedia.org/w/api.php?*
[22:44:35 INF] Sending HTTP request GET https://en.wikipedia.org/w/api.php?*
[22:44:35 INF] Received HTTP response headers after 162.5941ms - 200
[22:44:35 INF] End processing HTTP request after 163.828ms - 200
[22:44:35 INF] wikidata_reconciliation: Wikipedia plot section 'Plot' for Q719915: 3655 chars
[22:44:35 INF] Start processing HTTP request GET https://www.wikidata.org/w/api.php?*
[22:44:35 INF] Sending HTTP request GET https://www.wikidata.org/w/api.php?*
[22:44:36 INF] Received HTTP response headers after 96.8981ms - 200
[22:44:36 INF] End processing HTTP request after 98.2077ms - 200
[22:44:36 INF] wikidata_reconciliation: Data Extension for Q155653 — requesting 51 properties: [P31, P50, P57, P58, P86, P110, P161, P175, P577, P1476, P136, P179, P1545, P449, P674, P840, P921, P8345, P1434, P144, P4584, P212, P957, P5749, P4947, P4983, P4835, P7043, P345, P6395, P9586, P9751, P9750, P6381, P6398, P2281, P2850, P10110, P5905, P1190, P434, P435, P436, P5813, P4404, P2969, P648, P6262, P747, Len, Den]
[22:44:36 INF] wikidata_reconciliation: Data Extension returned 18 properties for Q155653: [P57, P58, P345, P136, P31, P840, P577, P1476, P86, P4947, P179, P5905, P6262, P9586, P6398, P921, P674, P435]
[22:44:36 INF] wikidata_reconciliation: fetched 64 work claims for Q155653 (audiobook edition pivot: False)
[22:44:36 INF] Start processing HTTP request GET https://www.wikidata.org/w/api.php?*
[22:44:36 INF] Sending HTTP request GET https://www.wikidata.org/w/api.php?*
[22:44:36 INF] Received HTTP response headers after 58.4344ms - 200
[22:44:36 INF] End processing HTTP request after 59.529ms - 200
[22:44:36 INF] Start processing HTTP request GET https://en.wikipedia.org/w/api.php?*
[22:44:36 INF] Sending HTTP request GET https://en.wikipedia.org/w/api.php?*
[22:44:36 INF] Received HTTP response headers after 55.161ms - 200
[22:44:36 INF] End processing HTTP request after 56.8122ms - 200
[22:44:36 INF] wikidata_reconciliation: Wikipedia description for Q155653 (en): 2167 chars
[22:44:36 INF] Start processing HTTP request GET https://en.wikipedia.org/w/api.php?*
[22:44:36 INF] Sending HTTP request GET https://en.wikipedia.org/w/api.php?*
[22:44:36 INF] Received HTTP response headers after 98.4688ms - 200
[22:44:36 INF] End processing HTTP request after 99.7023ms - 200
[22:44:36 INF] Start processing HTTP request GET https://en.wikipedia.org/w/api.php?*
[22:44:36 INF] Sending HTTP request GET https://en.wikipedia.org/w/api.php?*
[22:44:37 INF] Received HTTP response headers after 271.8147ms - 200
[22:44:37 INF] End processing HTTP request after 273.2407ms - 200
[22:44:37 INF] wikidata_reconciliation: Wikipedia plot section 'Plot' for Q155653: 4091 chars
[22:44:37 INF] Start processing HTTP request GET https://www.wikidata.org/w/api.php?*
[22:44:37 INF] Sending HTTP request GET https://www.wikidata.org/w/api.php?*
[22:44:37 INF] Received HTTP response headers after 62.801ms - 200
[22:44:37 INF] End processing HTTP request after 63.6644ms - 200
[22:44:37 INF] wikidata_reconciliation: Data Extension for Q172241 — requesting 51 properties: [P31, P50, P57, P58, P86, P110, P161, P175, P577, P1476, P136, P179, P1545, P449, P674, P840, P921, P8345, P1434, P144, P4584, P212, P957, P5749, P4947, P4983, P4835, P7043, P345, P6395, P9586, P9751, P9750, P6381, P6398, P2281, P2850, P10110, P5905, P1190, P434, P435, P436, P5813, P4404, P2969, P648, P6262, P747, Len, Den]
[22:44:37 INF] wikidata_reconciliation: Data Extension returned 17 properties for Q172241: [P144, P31, P136, P57, P161, P345, P58, P577, P840, P1476, P86, P4947, P921, P6398, P9586, P674, P5749]
[22:44:37 INF] wikidata_reconciliation: fetched 94 work claims for Q172241 (audiobook edition pivot: False)
[22:44:37 INF] Start processing HTTP request GET https://www.wikidata.org/w/api.php?*
[22:44:37 INF] Sending HTTP request GET https://www.wikidata.org/w/api.php?*
[22:44:37 INF] Received HTTP response headers after 87.779ms - 200
[22:44:37 INF] End processing HTTP request after 88.8227ms - 200
[22:44:37 INF] Start processing HTTP request GET https://en.wikipedia.org/w/api.php?*
[22:44:37 INF] Sending HTTP request GET https://en.wikipedia.org/w/api.php?*
[22:44:37 INF] Received HTTP response headers after 64.9731ms - 200
[22:44:37 INF] End processing HTTP request after 66.9806ms - 200
[22:44:37 INF] wikidata_reconciliation: Wikipedia description for Q172241 (en): 3154 chars
[22:44:38 INF] Start processing HTTP request GET https://en.wikipedia.org/w/api.php?*
[22:44:38 INF] Sending HTTP request GET https://en.wikipedia.org/w/api.php?*
[22:44:38 INF] Received HTTP response headers after 95.3034ms - 200
[22:44:38 INF] End processing HTTP request after 96.2256ms - 200
[22:44:38 INF] Start processing HTTP request GET https://en.wikipedia.org/w/api.php?*
[22:44:38 INF] Sending HTTP request GET https://en.wikipedia.org/w/api.php?*
[22:44:38 INF] Received HTTP response headers after 172.8209ms - 200
[22:44:38 INF] End processing HTTP request after 173.8095ms - 200
[22:44:38 INF] wikidata_reconciliation: Wikipedia plot section 'Plot' for Q172241: 4236 chars
[22:44:38 INF] Start processing HTTP request GET https://www.wikidata.org/w/api.php?*
[22:44:38 INF] Sending HTTP request GET https://www.wikidata.org/w/api.php?*
[22:44:38 INF] Received HTTP response headers after 87.0177ms - 200
[22:44:38 INF] End processing HTTP request after 89.6067ms - 200
[22:44:38 INF] wikidata_reconciliation: Data Extension for Q166262 — requesting 51 properties: [P31, P50, P57, P58, P86, P110, P161, P175, P577, P1476, P136, P179, P1545, P449, P674, P840, P921, P8345, P1434, P144, P4584, P212, P957, P5749, P4947, P4983, P4835, P7043, P345, P6395, P9586, P9751, P9750, P6381, P6398, P2281, P2850, P10110, P5905, P1190, P434, P435, P436, P5813, P4404, P2969, P648, P6262, P747, Len, Den]
[22:44:38 INF] Start processing HTTP request GET https://www.wikidata.org/w/api.php?*
[22:44:38 INF] Sending HTTP request GET https://www.wikidata.org/w/api.php?*
[22:44:39 INF] Received HTTP response headers after 1001.1799ms - 200
[22:44:39 INF] End processing HTTP request after 1002.1567ms - 200
[22:44:39 INF] Start processing HTTP request GET https://www.wikidata.org/w/api.php?*
[22:44:39 INF] Sending HTTP request GET https://www.wikidata.org/w/api.php?*
[22:44:40 INF] Received HTTP response headers after 220.7117ms - 200
[22:44:40 INF] End processing HTTP request after 221.5923ms - 200
[22:44:40 INF] wikidata_reconciliation: Data Extension returned 21 properties for Q166262: [P345, P57, P58, P161, P136, P577, P921, P86, P1476, P179, P4947, P840, P5905, P1434, P6398, P9586, P31, P435, P674, P5749, P144]
[22:44:40 INF] wikidata_reconciliation: fetched 124 work claims for Q166262 (audiobook edition pivot: False)
[22:44:40 INF] Start processing HTTP request GET https://www.wikidata.org/w/api.php?*
[22:44:40 INF] Sending HTTP request GET https://www.wikidata.org/w/api.php?*
[22:44:40 INF] Received HTTP response headers after 110.2575ms - 200
[22:44:40 INF] End processing HTTP request after 113.0372ms - 200
[22:44:40 INF] Start processing HTTP request GET https://en.wikipedia.org/w/api.php?*
[22:44:40 INF] Sending HTTP request GET https://en.wikipedia.org/w/api.php?*
[22:44:40 INF] Received HTTP response headers after 46.7702ms - 200
[22:44:40 INF] End processing HTTP request after 47.563ms - 200
[22:44:40 INF] wikidata_reconciliation: Wikipedia description for Q166262 (en): 2840 chars
[22:44:40 INF] Start processing HTTP request GET https://en.wikipedia.org/w/api.php?*
[22:44:40 INF] Sending HTTP request GET https://en.wikipedia.org/w/api.php?*
[22:44:40 INF] Received HTTP response headers after 108.7917ms - 200
[22:44:40 INF] End processing HTTP request after 109.7334ms - 200
[22:44:41 INF] Start processing HTTP request GET https://en.wikipedia.org/w/api.php?*
[22:44:41 INF] Sending HTTP request GET https://en.wikipedia.org/w/api.php?*
[22:44:41 INF] Received HTTP response headers after 195.888ms - 200
[22:44:41 INF] End processing HTTP request after 196.9955ms - 200
[22:44:41 INF] wikidata_reconciliation: Wikipedia plot section 'Plot' for Q166262: 4233 chars
[22:44:41 INF] Start processing HTTP request GET https://www.wikidata.org/w/api.php?*
[22:44:41 INF] Sending HTTP request GET https://www.wikidata.org/w/api.php?*
[22:44:41 INF] Received HTTP response headers after 56.203ms - 200
[22:44:41 INF] End processing HTTP request after 57.514ms - 200
[22:44:41 INF] wikidata_reconciliation: Data Extension for Q732960 — requesting 51 properties: [P31, P50, P57, P58, P86, P110, P161, P175, P577, P1476, P136, P179, P1545, P449, P674, P840, P921, P8345, P1434, P144, P4584, P212, P957, P5749, P4947, P4983, P4835, P7043, P345, P6395, P9586, P9751, P9750, P6381, P6398, P2281, P2850, P10110, P5905, P1190, P434, P435, P436, P5813, P4404, P2969, P648, P6262, P747, Len, Den]
[22:44:41 INF] Start processing HTTP request GET https://www.wikidata.org/w/api.php?*
[22:44:41 INF] Sending HTTP request GET https://www.wikidata.org/w/api.php?*
[22:44:42 INF] Received HTTP response headers after 1266.8087ms - 200
[22:44:42 INF] End processing HTTP request after 1267.9172ms - 200
[22:44:42 INF] wikidata_reconciliation: Data Extension returned 17 properties for Q732960: [P31, P345, P57, P58, P161, P840, P577, P136, P1476, P86, P4947, P5905, P175, P6398, P9586, P144, P5749]
[22:44:42 INF] wikidata_reconciliation: fetched 67 work claims for Q732960 (audiobook edition pivot: False)
[22:44:42 INF] Start processing HTTP request GET https://www.wikidata.org/w/api.php?*
[22:44:42 INF] Sending HTTP request GET https://www.wikidata.org/w/api.php?*
[22:44:42 INF] Received HTTP response headers after 50.4426ms - 200
[22:44:42 INF] End processing HTTP request after 51.4006ms - 200
[22:44:42 INF] Start processing HTTP request GET https://en.wikipedia.org/w/api.php?*
[22:44:42 INF] Sending HTTP request GET https://en.wikipedia.org/w/api.php?*
[22:44:42 INF] Received HTTP response headers after 49.6224ms - 200
[22:44:42 INF] End processing HTTP request after 50.7395ms - 200
[22:44:42 INF] wikidata_reconciliation: Wikipedia description for Q732960 (en): 2046 chars
[22:44:43 INF] Start processing HTTP request GET https://en.wikipedia.org/w/api.php?*
[22:44:43 INF] Sending HTTP request GET https://en.wikipedia.org/w/api.php?*
[22:44:43 INF] Received HTTP response headers after 88.3216ms - 200
[22:44:43 INF] End processing HTTP request after 91.044ms - 200
[22:44:43 INF] Start processing HTTP request GET https://en.wikipedia.org/w/api.php?*
[22:44:43 INF] Sending HTTP request GET https://en.wikipedia.org/w/api.php?*
[22:44:43 INF] Received HTTP response headers after 122.6461ms - 200
[22:44:43 INF] End processing HTTP request after 123.9953ms - 200
[22:44:43 INF] wikidata_reconciliation: Wikipedia plot section 'Plot' for Q732960: 3335 chars
[22:44:43 INF] Wikidata: QID dedup saved 7 FetchAsync call(s) across 3 unique QID group(s)
[22:44:43 INF] Wikidata: 'Leviathan Wakes' identified as Q6535598 via retail_text [entity 1d84eca1-44c1-43d0-8882-d3266580c1e3]
[22:44:43 INF] CollectionAssignment: work f99c8dbb-59d5-46a3-ad64-e0c59fab6d8a is assigned to broader collection 'The Expanse' (null) but immediate shelf is Q19610143; reassigning
[22:44:43 INF] CollectionAssignment: assigned work f99c8dbb-59d5-46a3-ad64-e0c59fab6d8a to collection 'The Expanse' (Q19610143)
[22:44:43 INF] Post-pipeline confidence for entity 1d84eca1-44c1-43d0-8882-d3266580c1e3: 1.00
[22:44:43 INF] Entity 1d84eca1-44c1-43d0-8882-d3266580c1e3 meets organization threshold (0.95 >= 0.70), promoting
[22:44:44 INF] Cover art: skipped 'Leviathan Wakes' — already cached on disk (C:\temp\tuvima-library\.data\assets\artwork\work\f99c8dbb-59d5-46a3-ad64-e0c59fab6d8a\cover\95636c2382664a5494e785ec0a711046.jpg)
[22:44:44 INF] Wikidata: 'Leviathan Wakes' identified as Q6535598 via retail_text [entity 12e11fda-b037-4fb2-9e59-c5efa0ee33b5]
[22:44:44 INF] Post-pipeline confidence for entity 12e11fda-b037-4fb2-9e59-c5efa0ee33b5: 1.00
[22:44:44 INF] Entity 12e11fda-b037-4fb2-9e59-c5efa0ee33b5 meets organization threshold (1.00 >= 0.70), promoting
[22:44:44 INF] Cover art: skipped 'Leviathan Wakes' — already cached on disk (C:\temp\tuvima-library\.data\assets\artwork\work\11d3b08e-4ea2-4926-825d-8527fa53fc72\cover\2f7350a085834324909767c74a7e19b2.jpg)
[22:44:44 INF] Aligned canonical book author identities onto 1 audiobook work scope(s).
[22:44:44 INF] Wikidata: aligned author identities for 1 audiobook work(s) after QID finalization.
[22:44:44 INF] Wikidata: 'Le Petit Prince' identified as Q25338 via retail_text [entity cbc3b4f0-94c2-4d43-a6fc-619bc3a57612]
[22:44:44 INF] Post-pipeline confidence for entity cbc3b4f0-94c2-4d43-a6fc-619bc3a57612: 1.00
[22:44:44 INF] Entity cbc3b4f0-94c2-4d43-a6fc-619bc3a57612 meets organization threshold (0.96 >= 0.70), promoting
[22:44:44 INF] Cover art: skipped 'Le Petit Prince' — already cached on disk (C:\temp\tuvima-library\.data\assets\artwork\work\9585ca85-6acc-4875-95de-b460bf4d45ef\cover\bfae03caf1a943cc9d3c03bca0c9f459.jpg)
[22:44:44 INF] Wikidata: 'Le Petit Prince' identified as Q25338 via retail_text [entity d0420f08-c9c1-4df9-a5f0-b0c85db506b2]
[22:44:45 INF] Post-pipeline confidence for entity d0420f08-c9c1-4df9-a5f0-b0c85db506b2: 1.00
[22:44:45 INF] Entity d0420f08-c9c1-4df9-a5f0-b0c85db506b2 meets organization threshold (1.00 >= 0.70), promoting
[22:44:45 INF] Moved C:\temp\tuvima-library\Books/Unknown/Le Petit Prince (2012)/Le Petit Prince (2012).epub → C:\temp\tuvima-library\Books/Unknown/The Little Prince (2012)/The Little Prince (2012).epub
[22:44:45 INF] Re-organized asset d0420f08-c9c1-4df9-a5f0-b0c85db506b2 after hydration (QID in path): C:\temp\tuvima-library\Books/Unknown/Le Petit Prince (2012)/Le Petit Prince (2012).epub → C:\temp\tuvima-library\Books/Unknown/The Little Prince (2012)/The Little Prince (2012).epub
[22:44:45 INF] Cover art: skipped 'The Little Prince' — already cached on disk (C:\temp\tuvima-library\.data\assets\artwork\work\a45f2097-f334-4375-a0cc-96136a92bc91\cover\ac868f539b4145bdb0c2d9f62dc97c1d.jpg)
[22:44:45 INF] Wikidata: 'Project Hail Mary' identified as Q106852836 via retail_text [entity 6d4dc79d-dcba-46ac-832a-2b7211ac3a3a]
[22:44:45 INF] Post-pipeline confidence for entity 6d4dc79d-dcba-46ac-832a-2b7211ac3a3a: 1.00
[22:44:45 INF] Entity 6d4dc79d-dcba-46ac-832a-2b7211ac3a3a meets organization threshold (0.97 >= 0.70), promoting
[22:44:45 INF] Cover art: skipped 'Project Hail Mary' — already cached on disk (C:\temp\tuvima-library\.data\assets\artwork\work\2144f708-756d-4323-b6fc-50d554114d9a\cover\f77cce1bbfdb4477a7f18b23ccb98eab.jpg)
[22:44:45 INF] Wikidata: 'Harry Potter and the Philosopher's Stone' identified as Q43361 via retail_text [entity a4e6052e-a77e-4a5c-990f-a60cc6e675a5]
[22:44:45 INF] Start processing HTTP request GET https://www.wikidata.org/w/api.php?*
[22:44:45 INF] Sending HTTP request GET https://www.wikidata.org/w/api.php?*
[22:44:45 INF] Received HTTP response headers after 104.1976ms - 200
[22:44:45 INF] End processing HTTP request after 106.2325ms - 200
[22:44:46 INF] Start processing HTTP request GET https://www.wikidata.org/w/api.php?*
[22:44:46 INF] Sending HTTP request GET https://www.wikidata.org/w/api.php?*
[22:44:46 INF] Received HTTP response headers after 76.6776ms - 200
[22:44:46 INF] End processing HTTP request after 78.0936ms - 200
[22:44:46 INF] Start processing HTTP request GET https://www.wikidata.org/w/api.php?*
[22:44:46 INF] Sending HTTP request GET https://www.wikidata.org/w/api.php?*
[22:44:46 INF] Received HTTP response headers after 63.4468ms - 200
[22:44:46 INF] End processing HTTP request after 64.7856ms - 200
[22:44:46 INF] Start processing HTTP request GET https://www.wikidata.org/w/api.php?*
[22:44:46 INF] Sending HTTP request GET https://www.wikidata.org/w/api.php?*
[22:44:47 INF] Received HTTP response headers after 216.2854ms - 200
[22:44:47 INF] End processing HTTP request after 218.8461ms - 200
[22:44:47 INF] Start processing HTTP request GET https://www.wikidata.org/w/api.php?*
[22:44:47 INF] Sending HTTP request GET https://www.wikidata.org/w/api.php?*
[22:44:47 INF] Received HTTP response headers after 65.0397ms - 200
[22:44:47 INF] End processing HTTP request after 65.9724ms - 200
[22:44:47 INF] Hydrated Wikidata series manifest Q8337 (Harry Potter) with 9 named items
[22:44:47 INF] CollectionAssignment: work 8a75ded4-f7f6-4e2a-b3b1-b778ce5e7883 is assigned to broader collection 'Harry Potter' (null) but immediate shelf is Q8337; reassigning
[22:44:47 INF] CollectionAssignment: added 3 relationship(s) to collection 5d5aa533-fefc-42cb-9eb4-2d5735a9359a
[22:44:47 INF] CollectionAssignment: assigned work 8a75ded4-f7f6-4e2a-b3b1-b778ce5e7883 to collection 'Harry Potter' (Q8337)
[22:44:47 INF] Post-pipeline confidence for entity a4e6052e-a77e-4a5c-990f-a60cc6e675a5: 1.00
[22:44:47 INF] Entity a4e6052e-a77e-4a5c-990f-a60cc6e675a5 meets organization threshold (0.97 >= 0.70), promoting
[22:44:47 INF] Cover art: skipped 'Harry Potter and the Philosopher's Stone' — already cached on disk (C:\temp\tuvima-library\.data\assets\artwork\work\8a75ded4-f7f6-4e2a-b3b1-b778ce5e7883\cover\a790dfa41d4a4ccba35b057d2379376b.jpg)
[22:44:47 INF] Wikidata: 'Neuromancer' identified as Q662029 via retail_text [entity 1bbb4f1a-cf0e-4330-a33e-74877efc56af]
[22:44:47 INF] CollectionAssignment: added 1 relationship(s) to collection 27ef7d5f-1316-476d-8168-11a221d7bd1c
[22:44:47 INF] Post-pipeline confidence for entity 1bbb4f1a-cf0e-4330-a33e-74877efc56af: 1.00
[22:44:47 INF] Entity 1bbb4f1a-cf0e-4330-a33e-74877efc56af meets organization threshold (1.00 >= 0.70), promoting
[22:44:48 INF] Cover art: skipped 'Neuromancer' — already cached on disk (C:\temp\tuvima-library\.data\assets\artwork\work\f5403a6e-d38d-4277-8fbb-11e2e26a1c47\cover\e66f58698dd34b08850ebbee114b78d6.jpg)
[22:44:48 INF] Person extraction for entity f9fca560-addf-46c5-a4df-efdfb318ccb3: 0 person ref(s)
[22:44:48 INF] Start processing HTTP request GET https://www.wikidata.org/w/api.php?*
[22:44:48 INF] Sending HTTP request GET https://www.wikidata.org/w/api.php?*
[22:44:48 INF] Received HTTP response headers after 84.6987ms - 200
[22:44:48 INF] End processing HTTP request after 85.6005ms - 200
[22:44:48 INF] Start processing HTTP request GET https://www.wikidata.org/w/api.php?*
[22:44:48 INF] Sending HTTP request GET https://www.wikidata.org/w/api.php?*
[22:44:48 INF] Received HTTP response headers after 189.4213ms - 200
[22:44:48 INF] End processing HTTP request after 190.7103ms - 200
[22:44:48 INF] Start processing HTTP request GET https://www.wikidata.org/w/api.php?*
[22:44:48 INF] Sending HTTP request GET https://www.wikidata.org/w/api.php?*
[22:44:48 INF] Received HTTP response headers after 147.388ms - 200
[22:44:48 INF] End processing HTTP request after 148.5219ms - 200
[22:44:49 INF] Start processing HTTP request GET https://www.wikidata.org/w/api.php?*
[22:44:49 INF] Sending HTTP request GET https://www.wikidata.org/w/api.php?*
[22:44:49 INF] Received HTTP response headers after 444.1448ms - 200
[22:44:49 INF] End processing HTTP request after 445.5917ms - 200
[22:44:49 INF] Start processing HTTP request GET https://www.wikidata.org/w/api.php?*
[22:44:49 INF] Sending HTTP request GET https://www.wikidata.org/w/api.php?*
[22:44:49 INF] Received HTTP response headers after 178.2548ms - 200
[22:44:49 INF] End processing HTTP request after 179.3885ms - 200
[22:44:50 INF] Start processing HTTP request GET https://www.wikidata.org/w/api.php?*
[22:44:50 INF] Sending HTTP request GET https://www.wikidata.org/w/api.php?*
[22:44:50 INF] Received HTTP response headers after 231.2012ms - 200
[22:44:50 INF] End processing HTTP request after 233.1488ms - 200
[22:44:50 INF] Start processing HTTP request GET https://www.wikidata.org/w/api.php?*
[22:44:50 INF] Sending HTTP request GET https://www.wikidata.org/w/api.php?*
[22:44:50 INF] Received HTTP response headers after 196.9465ms - 200
[22:44:50 INF] End processing HTTP request after 200.3219ms - 200
[22:44:50 INF] Person reconciliation auto-accepted: 'Stephen King' (Author) -> Q39829 'Stephen King' (score=0.81)
[22:44:50 INF] Person enrichment writeback: Stephen King -> Stephen King (Q39829) (role: Author)
[22:44:50 INF] Persisted reconciled person 'Stephen King' (Q39829) linked to asset f9fca560-addf-46c5-a4df-efdfb318ccb3 as Author
[22:44:50 INF] Start processing HTTP request GET https://www.wikidata.org/w/api.php?*
[22:44:50 INF] Sending HTTP request GET https://www.wikidata.org/w/api.php?*
[22:44:50 INF] Received HTTP response headers after 228.8495ms - 200
[22:44:50 INF] End processing HTTP request after 229.7328ms - 200
[22:44:51 INF] Start processing HTTP request GET https://www.wikidata.org/w/api.php?*
[22:44:51 INF] Sending HTTP request GET https://www.wikidata.org/w/api.php?*
[22:44:51 INF] Received HTTP response headers after 93.9398ms - 200
[22:44:51 INF] End processing HTTP request after 95.9131ms - 200
[22:44:51 INF] Start processing HTTP request GET https://en.wikipedia.org/w/api.php?*
[22:44:51 INF] Sending HTTP request GET https://en.wikipedia.org/w/api.php?*
[22:44:51 INF] Received HTTP response headers after 59.0851ms - 200
[22:44:51 INF] End processing HTTP request after 63.1981ms - 200
[22:44:51 INF] wikidata_reconciliation: Wikipedia description for Q39829 (en): 1696 chars
[22:44:51 INF] Start processing HTTP request GET https://en.wikipedia.org/w/api.php?*
[22:44:51 INF] Sending HTTP request GET https://en.wikipedia.org/w/api.php?*
[22:44:51 INF] Received HTTP response headers after 112.6497ms - 200
[22:44:51 INF] End processing HTTP request after 115.2303ms - 200
[22:44:51 INF] wikidata_reconciliation: fetched 39 person claims for QID Q39829
[22:44:51 INF] Start processing HTTP request GET https://commons.wikimedia.org/wiki/Special:FilePath/Stephen%20King%20at%20the%202024%20Toronto%20International%20Film%20Festival%202%20%28cropped%29.jpg
[22:44:51 INF] Sending HTTP request GET https://commons.wikimedia.org/wiki/Special:FilePath/Stephen%20King%20at%20the%202024%20Toronto%20International%20Film%20Festival%202%20%28cropped%29.jpg
[22:44:51 INF] Received HTTP response headers after 196.991ms - 200
[22:44:51 INF] Execution attempt. Source: 'headshot_download-standard//Standard-Retry', Operation Key: 'null', Result: '200', Handled: 'False', Attempt: '0', Execution Time: 201.1167ms
[22:44:51 INF] End processing HTTP request after 201.8545ms - 200
[22:44:51 INF] Person Stephen King: headshot downloaded to C:\temp\tuvima-library\.data\assets\people\c347b18c-b12f-413e-aefd-35c345ff9d2c\headshot.jpg
[22:44:51 INF] [PERF] Person enrichment c347b18c-b12f-413e-aefd-35c345ff9d2c ("Stephen King"): 276ms (QID=Q39829, pseudonym=False)
[22:44:51 INF] Harvested 39 claims from wikidata_reconciliation for entity c347b18c-b12f-413e-aefd-35c345ff9d2c
[22:44:51 INF] Start processing HTTP request GET https://www.wikidata.org/w/api.php?*
[22:44:51 INF] Sending HTTP request GET https://www.wikidata.org/w/api.php?*
[22:44:51 INF] Received HTTP response headers after 89.0694ms - 200
[22:44:51 INF] End processing HTTP request after 90.361ms - 200
[22:44:52 INF] Start processing HTTP request GET https://www.wikidata.org/w/api.php?*
[22:44:52 INF] Sending HTTP request GET https://www.wikidata.org/w/api.php?*
[22:44:52 INF] Received HTTP response headers after 110.0285ms - 200
[22:44:52 INF] End processing HTTP request after 112.2844ms - 200
[22:44:52 INF] Start processing HTTP request GET https://www.wikidata.org/w/api.php?*
[22:44:52 INF] Sending HTTP request GET https://www.wikidata.org/w/api.php?*
[22:44:52 INF] Received HTTP response headers after 109.8596ms - 200
[22:44:52 INF] End processing HTTP request after 113.2452ms - 200
[22:44:52 INF] Start processing HTTP request GET https://www.wikidata.org/w/api.php?*
[22:44:52 INF] Sending HTTP request GET https://www.wikidata.org/w/api.php?*
[22:44:53 INF] Received HTTP response headers after 278.7835ms - 200
[22:44:53 INF] End processing HTTP request after 279.6959ms - 200
[22:44:53 INF] Start processing HTTP request GET https://www.wikidata.org/w/api.php?*
[22:44:53 INF] Sending HTTP request GET https://www.wikidata.org/w/api.php?*
[22:44:53 INF] Received HTTP response headers after 47.7273ms - 200
[22:44:53 INF] End processing HTTP request after 48.5715ms - 200
[22:44:53 INF] Start processing HTTP request GET https://www.wikidata.org/w/api.php?*
[22:44:53 INF] Sending HTTP request GET https://www.wikidata.org/w/api.php?*
[22:44:53 INF] Received HTTP response headers after 68.9461ms - 200
[22:44:53 INF] End processing HTTP request after 70.8428ms - 200
[22:44:53 INF] Start processing HTTP request GET https://www.wikidata.org/w/api.php?*
[22:44:53 INF] Sending HTTP request GET https://www.wikidata.org/w/api.php?*
[22:44:53 INF] Received HTTP response headers after 73.9664ms - 200
[22:44:53 INF] End processing HTTP request after 75.4702ms - 200
[22:44:54 INF] Start processing HTTP request GET https://www.wikidata.org/w/api.php?*
[22:44:54 INF] Sending HTTP request GET https://www.wikidata.org/w/api.php?*
[22:44:54 INF] Received HTTP response headers after 109.6454ms - 200
[22:44:54 INF] End processing HTTP request after 110.8297ms - 200
[22:44:54 INF] Start processing HTTP request GET https://www.wikidata.org/w/api.php?*
[22:44:54 INF] Sending HTTP request GET https://www.wikidata.org/w/api.php?*
[22:44:54 INF] Received HTTP response headers after 70.0338ms - 200
[22:44:54 INF] End processing HTTP request after 71.4305ms - 200
[22:44:54 INF] Person reconciliation auto-accepted: 'Campbell Scott' (Narrator) -> Q528527 'Campbell Scott' (score=0.86)
[22:44:54 INF] Person enrichment writeback: Campbell Scott -> Campbell Scott (Q528527) (role: Narrator)
[22:44:54 INF] Persisted reconciled person 'Campbell Scott' (Q528527) linked to asset f9fca560-addf-46c5-a4df-efdfb318ccb3 as Narrator
[22:44:54 INF] Start processing HTTP request GET https://www.wikidata.org/w/api.php?*
[22:44:54 INF] Sending HTTP request GET https://www.wikidata.org/w/api.php?*
[22:44:55 INF] Received HTTP response headers after 294.8149ms - 200
[22:44:55 INF] End processing HTTP request after 296.0726ms - 200
[22:44:55 INF] Start processing HTTP request GET https://www.wikidata.org/w/api.php?*
[22:44:55 INF] Sending HTTP request GET https://www.wikidata.org/w/api.php?*
[22:44:55 INF] Received HTTP response headers after 53.6284ms - 200
[22:44:55 INF] End processing HTTP request after 68.1879ms - 200
[22:44:55 INF] Start processing HTTP request GET https://en.wikipedia.org/w/api.php?*
[22:44:55 INF] Sending HTTP request GET https://en.wikipedia.org/w/api.php?*
[22:44:55 INF] Received HTTP response headers after 73.6214ms - 200
[22:44:55 INF] End processing HTTP request after 75.7891ms - 200
[22:44:55 INF] wikidata_reconciliation: Wikipedia description for Q528527 (en): 1463 chars
[22:44:55 INF] Start processing HTTP request GET https://en.wikipedia.org/w/api.php?*
[22:44:55 INF] Sending HTTP request GET https://en.wikipedia.org/w/api.php?*
[22:44:55 INF] Received HTTP response headers after 59.8749ms - 200
[22:44:55 INF] End processing HTTP request after 80.7161ms - 200
[22:44:55 INF] wikidata_reconciliation: fetched 29 person claims for QID Q528527
[22:44:55 INF] Start processing HTTP request GET https://commons.wikimedia.org/wiki/Special:FilePath/Campbell%20Scott%20at%20the%202009%20Tribeca%20Film%20Festival.jpg
[22:44:55 INF] Sending HTTP request GET https://commons.wikimedia.org/wiki/Special:FilePath/Campbell%20Scott%20at%20the%202009%20Tribeca%20Film%20Festival.jpg
[22:44:55 INF] Received HTTP response headers after 215.5355ms - 200
[22:44:55 INF] Execution attempt. Source: 'headshot_download-standard//Standard-Retry', Operation Key: 'null', Result: '200', Handled: 'False', Attempt: '0', Execution Time: 227.1465ms
[22:44:55 INF] End processing HTTP request after 240.5543ms - 200
[22:44:56 INF] Person Campbell Scott: headshot downloaded to C:\temp\tuvima-library\.data\assets\people\efb1952a-717f-4c48-a09a-42f26da08bd4\headshot.jpg
[22:44:56 INF] [PERF] Person enrichment efb1952a-717f-4c48-a09a-42f26da08bd4 ("Campbell Scott"): 312ms (QID=Q528527, pseudonym=False)
[22:44:56 INF] Harvested 29 claims from wikidata_reconciliation for entity efb1952a-717f-4c48-a09a-42f26da08bd4
[22:44:56 INF] Start processing HTTP request GET https://www.wikidata.org/w/api.php?*
[22:44:56 INF] Sending HTTP request GET https://www.wikidata.org/w/api.php?*
[22:44:56 INF] Received HTTP response headers after 144.6436ms - 200
[22:44:56 INF] End processing HTTP request after 145.4745ms - 200
[22:44:56 INF] Start processing HTTP request GET https://www.wikidata.org/w/api.php?*
[22:44:56 INF] Sending HTTP request GET https://www.wikidata.org/w/api.php?*
[22:44:56 INF] Received HTTP response headers after 127.8694ms - 200
[22:44:56 INF] End processing HTTP request after 130.2236ms - 200
[22:44:56 INF] Start processing HTTP request GET https://www.wikidata.org/w/api.php?*
[22:44:56 INF] Sending HTTP request GET https://www.wikidata.org/w/api.php?*
[22:44:56 INF] Received HTTP response headers after 98.5046ms - 200
[22:44:56 INF] End processing HTTP request after 99.901ms - 200
[22:44:57 INF] Start processing HTTP request GET https://www.wikidata.org/w/api.php?*
[22:44:57 INF] Sending HTTP request GET https://www.wikidata.org/w/api.php?*
[22:44:57 INF] Received HTTP response headers after 195.1607ms - 200
[22:44:57 INF] End processing HTTP request after 198.0327ms - 200
[22:44:57 INF] Start processing HTTP request GET https://www.wikidata.org/w/api.php?*
[22:44:57 INF] Sending HTTP request GET https://www.wikidata.org/w/api.php?*
[22:44:57 INF] Received HTTP response headers after 60.2008ms - 200
[22:44:57 INF] End processing HTTP request after 61.3181ms - 200
[22:44:57 INF] Person reconciliation auto-accepted: 'Stephen King' (Narrator) -> Q74422523 'Stephen F. King' (score=0.86)
[22:44:57 INF] Person enrichment writeback: Stephen King -> Stephen F. King (Q74422523) (role: Narrator)
[22:44:57 INF] Persisted reconciled person 'Stephen F. King' (Q74422523) linked to asset f9fca560-addf-46c5-a4df-efdfb318ccb3 as Narrator
[22:44:57 INF] Start processing HTTP request GET https://www.wikidata.org/w/api.php?*
[22:44:57 INF] Sending HTTP request GET https://www.wikidata.org/w/api.php?*
[22:44:57 INF] Received HTTP response headers after 59.6478ms - 200
[22:44:57 INF] End processing HTTP request after 62.8419ms - 200
[22:44:58 INF] Start processing HTTP request GET https://www.wikidata.org/w/api.php?*
[22:44:58 INF] Sending HTTP request GET https://www.wikidata.org/w/api.php?*
[22:44:58 INF] Received HTTP response headers after 97.4879ms - 200
[22:44:58 INF] End processing HTTP request after 115.3417ms - 200
[22:44:58 INF] wikidata_reconciliation: fetched 8 person claims for QID Q74422523
[22:44:58 INF] [PERF] Person enrichment 093530f6-22f4-40a2-9a00-4969561c8cad ("Stephen F. King"): 1ms (QID=Q74422523, pseudonym=False)
[22:44:58 INF] Harvested 8 claims from wikidata_reconciliation for entity 093530f6-22f4-40a2-9a00-4969561c8cad
[22:44:58 INF] Cover art: skipped 'The Shining (Unabridged)' — already cached on disk (C:\temp\tuvima-library\.data\assets\artwork\work\f462a7f5-8840-4245-adfc-0053f986517f\cover\228a9d91c3ad4977947459d67bceaeda.jpg)
[22:44:58 INF] Post-pipeline confidence for entity f9fca560-addf-46c5-a4df-efdfb318ccb3: 0.89
[22:44:58 INF] Entity f9fca560-addf-46c5-a4df-efdfb318ccb3 meets organization threshold (0.89 >= 0.70), promoting
[22:44:58 INF] Wikidata: no match for 'The Shining (Unabridged)' (Audiobooks) — 1 bridge ID(s) tried; retaining retail identity; review_created=False [entity f9fca560-addf-46c5-a4df-efdfb318ccb3]
[22:44:58 INF] Wikidata: 'Harry Potter and the Chamber of Secrets' identified as Q47209 via retail_text [entity 5bfaaa1e-5f51-44ff-a789-cfdfe61ec362]
[22:44:58 INF] Post-pipeline confidence for entity 5bfaaa1e-5f51-44ff-a789-cfdfe61ec362: 1.00
[22:44:58 INF] Entity 5bfaaa1e-5f51-44ff-a789-cfdfe61ec362 meets organization threshold (1.00 >= 0.70), promoting
[22:44:59 INF] Cover art: skipped 'Harry Potter and the Chamber of Secrets' — already cached on disk (C:\temp\tuvima-library\.data\assets\artwork\work\e027c5c2-b1bf-4f09-b2aa-5852f7dba683\cover\1b3d9ae52b5549998d29d873ee490160.jpg)
[22:44:59 INF] Wikidata: 'The Road' identified as Q1140295 via retail_text [entity 32533e91-db13-4a70-a2fc-3d1fe0d94821]
[22:44:59 INF] Post-pipeline confidence for entity 32533e91-db13-4a70-a2fc-3d1fe0d94821: 1.00
[22:44:59 INF] Entity 32533e91-db13-4a70-a2fc-3d1fe0d94821 meets organization threshold (1.00 >= 0.70), promoting
[22:44:59 INF] Cover art: skipped 'The Road' — already cached on disk (C:\temp\tuvima-library\.data\assets\artwork\work\dde59a71-e703-45b3-9266-51296fc3f792\cover\9e0c807e52954ffd9e300464f734cefc.jpg)
[22:44:59 INF] Person extraction for entity 02e9e58f-6351-4c84-ae18-6eb410473735: 0 person ref(s)
[22:44:59 INF] Start processing HTTP request GET https://www.wikidata.org/w/api.php?*
[22:44:59 INF] Sending HTTP request GET https://www.wikidata.org/w/api.php?*
[22:44:59 INF] Received HTTP response headers after 73.5156ms - 200
[22:44:59 INF] End processing HTTP request after 74.1059ms - 200
[22:44:59 INF] Start processing HTTP request GET https://www.wikidata.org/w/api.php?*
[22:44:59 INF] Sending HTTP request GET https://www.wikidata.org/w/api.php?*
[22:44:59 INF] Received HTTP response headers after 126.036ms - 200
[22:44:59 INF] End processing HTTP request after 127.041ms - 200
[22:45:00 INF] [DESCRIPTION-INTEL-BATCH] Next run in 00:14:59.9885534
[22:45:00 INF] Start processing HTTP request GET https://www.wikidata.org/w/api.php?*
[22:45:00 INF] Sending HTTP request GET https://www.wikidata.org/w/api.php?*
[22:45:00 INF] Received HTTP response headers after 90.8827ms - 200
[22:45:00 INF] End processing HTTP request after 94.8968ms - 200
[22:45:00 INF] Start processing HTTP request GET https://www.wikidata.org/w/api.php?*
[22:45:00 INF] Sending HTTP request GET https://www.wikidata.org/w/api.php?*
[22:45:00 INF] Received HTTP response headers after 193.4231ms - 200
[22:45:00 INF] End processing HTTP request after 194.5227ms - 200
[22:45:00 INF] Start processing HTTP request GET https://www.wikidata.org/w/api.php?*
[22:45:00 INF] Sending HTTP request GET https://www.wikidata.org/w/api.php?*
[22:45:00 INF] Received HTTP response headers after 40.6633ms - 200
[22:45:00 INF] End processing HTTP request after 41.7226ms - 200
[22:45:01 INF] Start processing HTTP request GET https://www.wikidata.org/w/api.php?*
[22:45:01 INF] Sending HTTP request GET https://www.wikidata.org/w/api.php?*
[22:45:01 INF] Received HTTP response headers after 78.4827ms - 200
[22:45:01 INF] End processing HTTP request after 81.2979ms - 200
[22:45:01 INF] Start processing HTTP request GET https://www.wikidata.org/w/api.php?*
[22:45:01 INF] Sending HTTP request GET https://www.wikidata.org/w/api.php?*
[22:45:01 INF] Received HTTP response headers after 82.0024ms - 200
[22:45:01 INF] End processing HTTP request after 82.9089ms - 200
[22:45:01 INF] Start processing HTTP request GET https://www.wikidata.org/w/api.php?*
[22:45:01 INF] Sending HTTP request GET https://www.wikidata.org/w/api.php?*
[22:45:01 INF] Received HTTP response headers after 44.2697ms - 200
[22:45:01 INF] End processing HTTP request after 45.388ms - 200
[22:45:02 INF] Start processing HTTP request GET https://www.wikidata.org/w/api.php?*
[22:45:02 INF] Sending HTTP request GET https://www.wikidata.org/w/api.php?*
[22:45:02 INF] Received HTTP response headers after 55.5903ms - 200
[22:45:02 INF] End processing HTTP request after 56.5549ms - 200
[22:45:02 INF] Start processing HTTP request GET https://www.wikidata.org/w/api.php?*
[22:45:02 INF] Sending HTTP request GET https://www.wikidata.org/w/api.php?*
[22:45:02 INF] Received HTTP response headers after 47.1355ms - 200
[22:45:02 INF] End processing HTTP request after 54.6949ms - 200
[22:45:02 INF] Start processing HTTP request GET https://www.wikidata.org/w/api.php?*
[22:45:02 INF] Sending HTTP request GET https://www.wikidata.org/w/api.php?*
[22:45:02 INF] Received HTTP response headers after 114.7547ms - 200
[22:45:02 INF] End processing HTTP request after 118.7116ms - 200
[22:45:03 INF] Start processing HTTP request GET https://www.wikidata.org/w/api.php?*
[22:45:03 INF] Sending HTTP request GET https://www.wikidata.org/w/api.php?*
[22:45:03 INF] Received HTTP response headers after 70.4675ms - 200
[22:45:03 INF] End processing HTTP request after 74.004ms - 200
[22:45:03 INF] Start processing HTTP request GET https://www.wikidata.org/w/api.php?*
[22:45:03 INF] Sending HTTP request GET https://www.wikidata.org/w/api.php?*
[22:45:03 INF] Received HTTP response headers after 95.0509ms - 200
[22:45:03 INF] End processing HTTP request after 97.0559ms - 200
[22:45:03 INF] Start processing HTTP request GET https://www.wikidata.org/w/api.php?*
[22:45:03 INF] Sending HTTP request GET https://www.wikidata.org/w/api.php?*
[22:45:03 INF] Received HTTP response headers after 84.6449ms - 200
[22:45:03 INF] End processing HTTP request after 85.6219ms - 200
[22:45:04 INF] Start processing HTTP request GET https://www.wikidata.org/w/api.php?*
[22:45:04 INF] Sending HTTP request GET https://www.wikidata.org/w/api.php?*
[22:45:04 INF] Received HTTP response headers after 59.1537ms - 200
[22:45:04 INF] End processing HTTP request after 62.3685ms - 200
[22:45:04 INF] Start processing HTTP request GET https://www.wikidata.org/w/api.php?*
[22:45:04 INF] Sending HTTP request GET https://www.wikidata.org/w/api.php?*
[22:45:04 INF] Received HTTP response headers after 46.5155ms - 200
[22:45:04 INF] End processing HTTP request after 47.6238ms - 200
[22:45:04 INF] Start processing HTTP request GET https://www.wikidata.org/w/api.php?*
[22:45:04 INF] Sending HTTP request GET https://www.wikidata.org/w/api.php?*
[22:45:04 INF] Received HTTP response headers after 118.6813ms - 200
[22:45:04 INF] End processing HTTP request after 119.7169ms - 200
[22:45:05 INF] Start processing HTTP request GET https://www.wikidata.org/w/api.php?*
[22:45:05 INF] Sending HTTP request GET https://www.wikidata.org/w/api.php?*
[22:45:05 INF] Received HTTP response headers after 57.4788ms - 200
[22:45:05 INF] End processing HTTP request after 58.8846ms - 200
[22:45:05 INF] Start processing HTTP request GET https://www.wikidata.org/w/api.php?*
[22:45:05 INF] Sending HTTP request GET https://www.wikidata.org/w/api.php?*
[22:45:05 INF] Received HTTP response headers after 76.9455ms - 200
[22:45:05 INF] End processing HTTP request after 78.0644ms - 200
[22:45:05 INF] Start processing HTTP request GET https://www.wikidata.org/w/api.php?*
[22:45:05 INF] Sending HTTP request GET https://www.wikidata.org/w/api.php?*
[22:45:05 INF] Received HTTP response headers after 82.6817ms - 200
[22:45:05 INF] End processing HTTP request after 92.99ms - 200
[22:45:06 INF] Start processing HTTP request GET https://www.wikidata.org/w/api.php?*
[22:45:06 INF] Sending HTTP request GET https://www.wikidata.org/w/api.php?*
[22:45:06 INF] Received HTTP response headers after 73.6186ms - 200
[22:45:06 INF] End processing HTTP request after 75.1421ms - 200
[22:45:06 INF] Start processing HTTP request GET https://www.wikidata.org/w/api.php?*
[22:45:06 INF] Sending HTTP request GET https://www.wikidata.org/w/api.php?*
[22:45:06 INF] Received HTTP response headers after 45.92ms - 200
[22:45:06 INF] End processing HTTP request after 47.1616ms - 200
