Using launch settings from src\MediaEngine.Api\Properties\launchSettings.json...
[22:23:27 INF] FFmpeg located: C:\Users\shaya\OneDrive\Documents\Source\Repos\tuvima-library\tools\ffmpeg\ffmpeg.exe
[22:23:28 INF] Hardware acceleration: NVIDIA NVENC (preferred encoder: h264_nvenc)
[22:23:28 INF] PriorityCascadeEngine: loaded 6 field priority override(s): [description, short_description, biography, cover, rating, content_rating]
[22:23:29 INF] Model artifact for TextFast at C:\temp\tuvima-models\llama\Qwen3-0.6B-Q8_0.gguf is NotDownloaded
[22:23:29 INF] Model artifact for TextQuality at C:\temp\tuvima-models\llama\Qwen3-1.7B-Q5_K_M.gguf is NotDownloaded
[22:23:29 INF] Model artifact for Audio at C:\temp\tuvima-models\whisper\ggml-medium.bin is NotDownloaded
[22:23:29 INF] Model artifact for TextScholar at C:\temp\tuvima-models\llama\Qwen3-4B-Q4_K_M.gguf is NotDownloaded
[22:23:29 INF] Model artifact for TextCjk at C:\temp\tuvima-models\llama\Qwen3-4B-Q4_K_M.gguf is NotDownloaded
[22:23:30 INF] WritebackConfigState: watching ../../config\writeback-fields.json
[22:23:30 INF] IngestionEngine started
[22:23:30 INF] Running startup reconciliation...
[22:23:30 INF] FolderHealthService started — checking every 30s
[22:23:30 INF] WhisperSync background service is disabled. Set MediaEngine:WhisperSync:Enabled=true to enable.
[22:23:30 INF] RetagSweepWorker started
[22:23:30 INF] ActivityPruningService started — default schedule: 0 3 * * *
[22:23:30 INF] MissingUniverseSweepService started — initial delay 60s, schedule: 0 4 * * 0
[22:23:30 INF] RejectedFileCleanupService started — schedule: 0 4 * * *
[22:23:30 INF] Identity startup recovery found no interrupted jobs.
[22:23:30 INF] LibraryReconciliationService started — schedule: 0 5 * * *
[22:23:30 INF] ModelAutoDownloadService: waiting 10s for Engine to fully start
[22:23:30 INF] StorageMaintenanceHostedService started - schedule: 0 2 * * *
[22:23:30 INF] QuickHydrationHostedService started
[22:23:30 INF] WikidataBridgeHostedService started
[22:23:30 INF] RetailMatchHostedService started
[22:23:30 INF] HardwareBenchmarkBackgroundService: waiting 15s before running benchmark
[22:23:30 INF] Collection backfill complete: 31/31 processed, 0 assigned, 0 created, 0 already assigned, 31 skipped, 0 failed in 58ms
[22:23:30 INF] Reconciliation: collection backfill processed 31/31 candidate work(s), assigned 0, created 0, skipped 31, failed 0
[22:23:31 INF] Reconciliation complete: 130 scanned, 0 missing, 0 collection assignments repaired, 0 hierarchy rows pruned, 0 duplicate read works merged, 0 audiobook author identities aligned, 6 empty folders, 0 orphan people, 0 stale root sidecars, 1483ms
[22:23:31 INF] Startup reconciliation complete: 130 scanned, 0 missing
[22:23:31 INF] Watching: C:\temp\tuvima-watch\books
[22:23:31 INF] Watching: C:\temp\tuvima-watch\audiobooks
[22:23:31 INF] Watching: C:\temp\tuvima-watch\tv
[22:23:31 INF] Watching: C:\temp\tuvima-watch\movies
[22:23:31 INF] Watching: C:\temp\tuvima-watch\music
[22:23:31 INF] Watching: C:\temp\tuvima-watch\comics
[22:23:31 INF] Initial scan: skipped 10 already-known or duplicate file(s) across 6 scan target(s)
[22:23:31 INF] Polling fallback active: sweeping 6 watch folder(s) every 300s
[22:23:32 INF] Now listening on: https://localhost:61494
[22:23:32 INF] Now listening on: http://localhost:61495
[22:23:32 INF] Application started. Press Ctrl+C to shut down.
[22:23:32 INF] Hosting environment: Development
[22:23:32 INF] Content root path: C:\Users\shaya\OneDrive\Documents\Source\Repos\tuvima-library\src\MediaEngine.Api
[22:23:35 INF] DeferredEnrichmentService started
[22:23:35 INF] Artwork rendition repair completed: 0 assets repaired, 266 canonical sets refreshed.
[22:23:40 INF] ProviderHealthMonitor started — 4 providers tracked
[22:23:40 INF] ModelAutoDownloadService: dev_skip_download is enabled; skipping automatic AI model downloads
[22:23:45 INF] Hardware profile cached: tier=low, backend=cuda, 0.0 tok/s (benchmarked 03/31/2026 21:35:03)
[22:23:45 INF] Start processing HTTP request GET https://itunes.apple.com/search?*
[22:23:45 INF] Sending HTTP request GET https://itunes.apple.com/search?*
[22:23:45 INF] Received HTTP response headers after 162.7847ms - 200
[22:23:45 INF] Execution attempt. Source: 'apple_api-standard//Standard-Retry', Operation Key: 'null', Result: '200', Handled: 'False', Attempt: '0', Execution Time: 189.6412ms
[22:23:45 INF] End processing HTTP request after 276.5816ms - 200
[22:23:45 INF] Music: Apple iTunes album search - best score 0.70 (album=1.00, artist=0.00) below strict album threshold for '-' / '"Heroes"'
[22:23:45 INF] Start processing HTTP request GET https://itunes.apple.com/search?*
[22:23:45 INF] Sending HTTP request GET https://itunes.apple.com/search?*
[22:23:45 INF] Received HTTP response headers after 9.939ms - 200
[22:23:45 INF] Execution attempt. Source: 'apple_api-standard//Standard-Retry', Operation Key: 'null', Result: '200', Handled: 'False', Attempt: '0', Execution Time: 10.835ms
[22:23:45 INF] End processing HTTP request after 12.4947ms - 200
[22:23:45 INF] Music: Apple iTunes album search - best score 0.70 (album=1.00, artist=0.00) below strict album threshold for '-' / 'OK Computer'
[22:23:45 INF] Start processing HTTP request GET https://itunes.apple.com/search?*
[22:23:45 INF] Sending HTTP request GET https://itunes.apple.com/search?*
[22:23:45 INF] Received HTTP response headers after 6.1312ms - 200
[22:23:45 INF] Execution attempt. Source: 'apple_api-standard//Standard-Retry', Operation Key: 'null', Result: '200', Handled: 'False', Attempt: '0', Execution Time: 6.72ms
[22:23:45 INF] End processing HTTP request after 7.6193ms - 200
[22:23:45 INF] Music: Apple iTunes album search - best score 0.70 (album=1.00, artist=0.00) below strict album threshold for '-' / '1989'
[22:23:45 INF] Start processing HTTP request GET https://itunes.apple.com/search?*
[22:23:45 INF] Sending HTTP request GET https://itunes.apple.com/search?*
[22:23:45 INF] Received HTTP response headers after 7.591ms - 200
[22:23:45 INF] Execution attempt. Source: 'apple_api-standard//Standard-Retry', Operation Key: 'null', Result: '200', Handled: 'False', Attempt: '0', Execution Time: 8.485ms
[22:23:45 INF] End processing HTTP request after 9.381ms - 200
[22:23:45 INF] Music: Apple iTunes album search - best score 0.70 (album=1.00, artist=0.00) below strict album threshold for '-' / 'DAMN.'
[22:23:45 INF] Start processing HTTP request GET https://itunes.apple.com/search?*
[22:23:45 INF] Sending HTTP request GET https://itunes.apple.com/search?*
[22:23:45 INF] Received HTTP response headers after 8.3504ms - 200
[22:23:45 INF] Execution attempt. Source: 'apple_api-standard//Standard-Retry', Operation Key: 'null', Result: '200', Handled: 'False', Attempt: '0', Execution Time: 9.2866ms
[22:23:45 INF] End processing HTTP request after 10.4844ms - 200
[22:23:45 INF] Music: Apple iTunes album search - best score 0.70 (album=1.00, artist=0.00) below strict album threshold for '-' / 'The Rise and Fall of Ziggy Stardust And the Spiders from Mars'
[22:23:48 INF] Start processing HTTP request GET https://itunes.apple.com/search?*
[22:23:48 INF] Sending HTTP request GET https://itunes.apple.com/search?*
[22:23:48 INF] Received HTTP response headers after 9.0661ms - 200
[22:23:48 INF] Execution attempt. Source: 'apple_api-standard//Standard-Retry', Operation Key: 'null', Result: '200', Handled: 'False', Attempt: '0', Execution Time: 10.3645ms
[22:23:48 INF] End processing HTTP request after 13.2863ms - 200
[22:23:48 INF] Music: Apple iTunes album search - best score 0.70 (album=1.00, artist=0.00) below strict album threshold for '-' / 'Interstellar'
[22:23:50 INF] [HealthCheck] apple_api: HEALTHY (OK in 0.0s)
[22:23:50 INF] [HealthCheck] musicbrainz: HEALTHY (OK in 0.5s)
[22:23:50 INF] [HealthCheck] tmdb: HEALTHY (OK in 0.1s)
[22:23:50 INF] [HealthCheck] comicvine: HEALTHY (OK in 0.5s)
[22:23:50 INF] ╔══════════════════════════════════════════╗
[22:23:50 INF] ║   INTEGRATION TEST — Starting            ║
[22:23:50 INF] ║   Stage 1+2+3 (Full pipeline including Universe Enrichment)                           ║
[22:23:50 INF] ║   Active types: audiobooks, books, comics, movies, music, tv                  ║
[22:23:50 INF] ╚══════════════════════════════════════════╝
[22:23:50 INF] [Preflight] Expected outcomes: 111 files; 103 should identify (15 exact QID, 88 QID optional); 8 expected review; 0 known no-QID
[22:23:50 INF] [Phase 1] Wiping harness state (Full)...
[22:23:50 INF] IngestionEngine: FSW paused (watcher stopped, event buffer cleared).
[22:23:50 INF] [HarnessReset] Ingestion engine FSW paused
[22:23:51 INF] Start processing HTTP request GET https://itunes.apple.com/search?*
[22:23:51 INF] Sending HTTP request GET https://itunes.apple.com/search?*
[22:23:51 INF] Received HTTP response headers after 17.3698ms - 200
[22:23:51 INF] Execution attempt. Source: 'apple_api-standard//Standard-Retry', Operation Key: 'null', Result: '200', Handled: 'False', Attempt: '0', Execution Time: 23.088ms
[22:23:51 INF] End processing HTTP request after 30.2616ms - 200
[22:23:51 INF] Music: Apple iTunes album search - best score 0.70 (album=1.00, artist=0.00) below strict album threshold for '-' / 'Abbey Road'
[22:23:59 INF] [HarnessReset] Database reset: dropped 89 table(s)
[22:23:59 INF] [Phase 2] Seeding test files...
[22:23:59 INF] Created seed target folder at C:\temp\tuvima-watch\movies\dune-films
[22:23:59 INF] Created seed target folder at C:\temp\tuvima-watch\movies\batman-nolan
[22:23:59 INF] Created seed target folder at C:\temp\tuvima-watch\movies\middle-earth
[22:23:59 INF] Created seed target folder at C:\temp\tuvima-watch\movies\cross-media-people
[22:23:59 INF] Created seed target folder at C:\temp\tuvima-watch\tv\Breaking Bad\Season 01
[22:23:59 INF] Created seed target folder at C:\temp\tuvima-watch\tv\Shogun (2024)\Season 01
[22:23:59 INF] Created seed target folder at C:\temp\tuvima-watch\tv\The Mandalorian\Season 01
[22:23:59 INF] Created seed target folder at C:\temp\tuvima-watch\tv\Foundation\Season 01
[22:23:59 INF] Created seed target folder at C:\temp\tuvima-watch\tv\Severance\Season 01
[22:23:59 INF] Created seed target folder at C:\temp\tuvima-watch\tv\Breaking Bad\Season 05
[22:23:59 INF] Created seed target folder at C:\temp\tuvima-watch\tv\Breaking Bad\Season 02
[22:23:59 INF] Created seed target folder at C:\temp\tuvima-watch\tv\Breaking Bad\Season 03
[22:23:59 INF] Created seed target folder at C:\temp\tuvima-watch\tv\The Expanse\Season 02
[22:23:59 INF] [SeedAllAsync] 111 seed files written across active types books,audiobooks,movies,tv,music,comics
[22:24:00 INF] Next activity prune at 07/27/2026 03:00:00 -05:00
[22:24:04 INF] [Phase 3] Triggering directory scans...
[22:24:04 INF]   Scan target collected: C:\temp\tuvima-watch\books (Books, 39 files)
[22:24:04 INF]   Scan target collected: C:\temp\tuvima-watch\audiobooks (Audiobooks, 0 files)
[22:24:04 INF]   Scan target collected: C:\temp\tuvima-watch\tv (TV, 14 files)
[22:24:04 INF]   Scan target collected: C:\temp\tuvima-watch\movies (Movies, 14 files)
[22:24:04 INF]   Scan target collected: C:\temp\tuvima-watch\music (Music, 33 files)
[22:24:04 INF]   Scan target collected: C:\temp\tuvima-watch\comics (Comics, 11 files)
[22:24:05 INF] Initial scan: enqueued 105 new file(s) and resumed 0 tracked file(s) across 6 scan target(s)
[22:24:05 INF] [Phase 3] Grouped ScanDirectories triggered for 6 target(s)
[22:24:05 INF] [Phase 3] Waiting for ingestion to complete (budgets: registration=00:20:00, identity=01:25:00, stage3=01:00:00, idle=00:10:00, hard=02:55:00)...
[22:24:07 INF] Detected: "Harry Potter and the Chamber of Secrets.epub" — queued for ingestion
[22:24:07 INF] Detected: "Dune - Simon Vance.mp3" — queued for ingestion
[22:24:07 INF] Detected: "Neuromancer - Robertson Dean.mp3" — queued for ingestion
[22:24:07 INF] Detected: "1Q84.epub" — queued for ingestion
[22:24:07 INF] Detected: "Harry Potter and the Philosopher's Stone - Stephen Fry.mp3" — queued for ingestion
[22:24:07 INF] Detected: "Dune.epub" — queued for ingestion
[22:24:07 INF] Detected: "Foundation - Scott Brick.mp3" — queued for ingestion
[22:24:07 INF] Fingerprinted "Dune - Simon Vance.mp3" — sha256=df9912a3… (0.7 KB)
[22:24:07 INF] Detected: "Caliban's War.epub" — queued for ingestion
[22:24:07 INF] Detected: "Cien años de soledad.epub" — queued for ingestion
[22:24:07 INF] Fingerprinted "Cien años de soledad.epub" — sha256=5f2670c2… (3.0 KB)
[22:24:07 INF] Fingerprinted "Neuromancer - Robertson Dean.mp3" — sha256=7c14592b… (0.7 KB)
[22:24:07 INF] Fingerprinted "1Q84.epub" — sha256=7a7ea6aa… (3.0 KB)
[22:24:07 INF] Detected: "Frankenstein.epub" — queued for ingestion
[22:24:07 INF] Fingerprinted "Caliban's War.epub" — sha256=bb3e144d… (3.1 KB)
[22:24:07 INF] Detected: "Good Omens.epub" — queued for ingestion
[22:24:07 INF] Fingerprinted "Dune.epub" — sha256=be30b58a… (3.0 KB)
[22:24:07 INF] Fingerprinted "Harry Potter and the Chamber of Secrets.epub" — sha256=768b9b8a… (3.2 KB)
[22:24:07 INF] Detected: "Le Petit Prince.epub" — queued for ingestion
[22:24:07 INF] Fingerprinted "Le Petit Prince.epub" — sha256=1bf6ee36… (3.0 KB)
[22:24:07 INF] Detected: "Dune - Scott Brick.mp3" — queued for ingestion
[22:24:07 INF] Fingerprinted "Good Omens.epub" — sha256=dfd9288d… (3.0 KB)
[22:24:07 INF] Detected: "A.epub" — queued for ingestion
[22:24:07 INF] Detected: "Harry Potter and the Philosopher's Stone.epub" — queued for ingestion
[22:24:07 INF] Fingerprinted "Harry Potter and the Philosopher's Stone.epub" — sha256=4ae56d06… (3.2 KB)
[22:24:07 INF] Fingerprinted "Frankenstein.epub" — sha256=d4b0d958… (3.0 KB)
[22:24:07 INF] Fingerprinted "Harry Potter and the Philosopher's Stone - Stephen Fry.mp3" — sha256=7f09b04e… (0.8 KB)
[22:24:07 INF] Fingerprinted "Foundation - Scott Brick.mp3" — sha256=45e4339c… (0.7 KB)
[22:24:07 INF] Fingerprinted "A.epub" — sha256=870b8580… (2.8 KB)
[22:24:07 INF] Detected: "Die Verwandlung.epub" — queued for ingestion
[22:24:07 INF] Fingerprinted "Die Verwandlung.epub" — sha256=a45a6593… (3.0 KB)
[22:24:07 INF] Fingerprinted "Dune - Scott Brick.mp3" — sha256=6a55a1be… (0.7 KB)
[22:24:07 INF] Processed "Harry Potter and the Philosopher's Stone - Stephen Fry.mp3" via Audiobooks — 12 claims extracted (title='Harry Potter and the Philosopher's Stone')
[22:24:07 INF] Processed "Neuromancer - Robertson Dean.mp3" via Audiobooks — 10 claims extracted (title='Neuromancer')
[22:24:07 INF] Processed "Foundation - Scott Brick.mp3" via Audiobooks — 12 claims extracted (title='Foundation')
[22:24:07 INF] Processed "Dune - Simon Vance.mp3" via Audiobooks — 12 claims extracted (title='Dune')
[22:24:07 INF] Processed "Dune - Scott Brick.mp3" via Audiobooks — 12 claims extracted (title='Dune')
[22:24:07 INF] Library folder prior: kept processor type Audiobooks for C:\temp\tuvima-watch\books\Foundation - Scott Brick.mp3; extension .mp3 is strong format evidence outside the folder media type [Books]
[22:24:07 INF] Library folder prior: kept processor type Audiobooks for C:\temp\tuvima-watch\books\Neuromancer - Robertson Dean.mp3; extension .mp3 is strong format evidence outside the folder media type [Books]
[22:24:07 INF] Media type provisional: Audiobooks (55 %) for C:\temp\tuvima-watch\books\Foundation - Scott Brick.mp3 - flagged for review
[22:24:07 INF] Media type provisional: Audiobooks (55 %) for C:\temp\tuvima-watch\books\Neuromancer - Robertson Dean.mp3 - flagged for review
[22:24:07 INF] Library folder prior: kept processor type Audiobooks for C:\temp\tuvima-watch\books\Harry Potter and the Philosopher's Stone - Stephen Fry.mp3; extension .mp3 is strong format evidence outside the folder media type [Books]
[22:24:07 INF] Media type provisional: Audiobooks (55 %) for C:\temp\tuvima-watch\books\Harry Potter and the Philosopher's Stone - Stephen Fry.mp3 - flagged for review
[22:24:07 INF] Processed "Dune.epub" via Books — 7 claims extracted (title='Dune')
[22:24:07 INF] Processed "Harry Potter and the Chamber of Secrets.epub" via Books — 7 claims extracted (title='Harry Potter and the Chamber of Secrets')
[22:24:07 INF] Processed "A.epub" via Books — 6 claims extracted (title='A')
[22:24:07 INF] Processed "Caliban's War.epub" via Books — 7 claims extracted (title='Caliban's War')
[22:24:07 INF] Processed "Good Omens.epub" via Books — 8 claims extracted (title='Good Omens')
[22:24:07 INF] Processed "Cien años de soledad.epub" via Books — 7 claims extracted (title='Cien años de soledad')
[22:24:07 INF] Processed "1Q84.epub" via Books — 7 claims extracted (title='1Q84')
[22:24:07 INF] Processed "Die Verwandlung.epub" via Books — 7 claims extracted (title='Die Verwandlung')
[22:24:07 INF] Processed "Frankenstein.epub" via Books — 8 claims extracted (title='Frankenstein')
[22:24:07 INF] Processed "Harry Potter and the Philosopher's Stone.epub" via Books — 7 claims extracted (title='Harry Potter and the Philosopher's Stone')
[22:24:07 INF] Processed "Le Petit Prince.epub" via Books — 7 claims extracted (title='Le Petit Prince')
[22:24:07 INF] Library folder prior: kept processor type Audiobooks for C:\temp\tuvima-watch\books\Dune - Scott Brick.mp3; extension .mp3 is strong format evidence outside the folder media type [Books]
[22:24:07 INF] Media type provisional: Audiobooks (55 %) for C:\temp\tuvima-watch\books\Dune - Scott Brick.mp3 - flagged for review
[22:24:07 INF] Library folder prior: kept processor type Audiobooks for C:\temp\tuvima-watch\books\Dune - Simon Vance.mp3; extension .mp3 is strong format evidence outside the folder media type [Books]
[22:24:07 INF] Media type provisional: Audiobooks (55 %) for C:\temp\tuvima-watch\books\Dune - Simon Vance.mp3 - flagged for review
[22:24:07 INF] Ingested [Audiobooks] 'Neuromancer' (confidence=86 %, hash=7c14592b1ac2)
[22:24:07 INF] Review: asset 12005f8f-090f-4a28-8ec9-b4bee11b4fda queued for review — trigger=AmbiguousMediaType
[22:24:07 INF] Identity job created for [Audiobooks] 'Neuromancer' by William Gibson — queued for retail match (12005f8f090f)
[22:24:07 INF] [PERF] Neuromancer - Robertson Dean.mp3: Total=614ms Hash=14ms (type=Audiobooks, confidence=86 %)
[22:24:07 INF] Start processing HTTP request GET https://itunes.apple.com/search?*
[22:24:07 INF] Sending HTTP request GET https://itunes.apple.com/search?*
[22:24:07 INF] Library folder prior override: assigned Books at 0.95 for C:\temp\tuvima-watch\books\Harry Potter and the Chamber of Secrets.epub
[22:24:07 INF] Media type auto-assigned: Books (95 %) for C:\temp\tuvima-watch\books\Harry Potter and the Chamber of Secrets.epub
[22:24:07 INF] Ingested [Audiobooks] 'Harry Potter and the Philosopher's Stone' (confidence=85 %, hash=7f09b04e04b9)
[22:24:07 INF] Review: asset 2eeb4d48-ea39-4141-9074-a5bc7a7f69d4 queued for review — trigger=AmbiguousMediaType
[22:24:07 INF] Identity job created for [Audiobooks] 'Harry Potter and the Philosopher's Stone' by J.K. Rowling — queued for retail match (2eeb4d48ea39)
[22:24:07 INF] Library folder prior override: assigned Books at 0.95 for C:\temp\tuvima-watch\books\Frankenstein.epub
[22:24:07 INF] Media type auto-assigned: Books (95 %) for C:\temp\tuvima-watch\books\Frankenstein.epub
[22:24:07 INF] [PERF] Harry Potter and the Philosopher's Stone - Stephen Fry.mp3: Total=713ms Hash=0ms (type=Audiobooks, confidence=85 %)
[22:24:07 INF] Received HTTP response headers after 126.3596ms - 200
[22:24:07 INF] Execution attempt. Source: 'apple_api-standard//Standard-Retry', Operation Key: 'null', Result: '200', Handled: 'False', Attempt: '0', Execution Time: 129.2689ms
[22:24:07 INF] End processing HTTP request after 130.0102ms - 200
[22:24:07 INF] Library folder prior override: assigned Books at 0.95 for C:\temp\tuvima-watch\books\Le Petit Prince.epub
[22:24:07 INF] Media type auto-assigned: Books (95 %) for C:\temp\tuvima-watch\books\Le Petit Prince.epub
[22:24:07 INF] Detected: "Le Petit Prince - Bernard Giraudeau.mp3" — queued for ingestion
[22:24:07 INF] Fingerprinted "Le Petit Prince - Bernard Giraudeau.mp3" — sha256=eb8e5a3b… (0.7 KB)
[22:24:07 INF] Processed "Le Petit Prince - Bernard Giraudeau.mp3" via Audiobooks — 10 claims extracted (title='Le Petit Prince')
[22:24:07 INF] Detected: "1Q84 - Allison Hiroto.mp3" — queued for ingestion
[22:24:07 INF] Fingerprinted "1Q84 - Allison Hiroto.mp3" — sha256=63695e2a… (0.7 KB)
[22:24:07 INF] Processed "1Q84 - Allison Hiroto.mp3" via Audiobooks — 10 claims extracted (title='1Q84')
[22:24:07 INF] Library folder prior override: assigned Books at 0.95 for C:\temp\tuvima-watch\books\Caliban's War.epub
[22:24:07 INF] Media type auto-assigned: Books (95 %) for C:\temp\tuvima-watch\books\Caliban's War.epub
[22:24:07 INF] Ingested [Audiobooks] 'Foundation' (confidence=85 %, hash=45e4339c7ee4)
[22:24:07 INF] Review: asset 5626fe88-4993-429d-a69b-080b4e61cb60 queued for review — trigger=AmbiguousMediaType
[22:24:07 INF] Identity job created for [Audiobooks] 'Foundation' by Isaac Asimov — queued for retail match (5626fe884993)
[22:24:07 INF] [PERF] Foundation - Scott Brick.mp3: Total=831ms Hash=1ms (type=Audiobooks, confidence=85 %)
[22:24:07 INF] Detected: "Leviathan Wakes.epub" — queued for ingestion
[22:24:07 INF] Fingerprinted "Leviathan Wakes.epub" — sha256=eac51813… (3.1 KB)
[22:24:07 INF] Processed "Leviathan Wakes.epub" via Books — 7 claims extracted (title='Leviathan Wakes')
[22:24:08 INF] Ingested [Books] 'Harry Potter and the Chamber of Secrets' (confidence=100 %, hash=768b9b8a53a1)
[22:24:08 INF] Identity job created for [Books] 'Harry Potter and the Chamber of Secrets' by J.K. Rowling — queued for retail match (f486dc48ed11)
[22:24:08 INF] [PERF] Harry Potter and the Chamber of Secrets.epub: Total=907ms Hash=0ms (type=Books, confidence=100 %)
[22:24:08 INF] Detected: "Neuromancer.epub" — queued for ingestion
[22:24:08 INF] Fingerprinted "Neuromancer.epub" — sha256=ed9b7fd9… (2.9 KB)
[22:24:08 INF] Processed "Neuromancer.epub" via Books — 7 claims extracted (title='Neuromancer')
[22:24:08 INF] Ingested [Audiobooks] 'Dune' (confidence=85 %, hash=df9912a3747a)
[22:24:08 INF] Review: asset 802e7b07-b2ee-4ea0-9c9f-61b7e6f1d582 queued for review — trigger=AmbiguousMediaType
[22:24:08 INF] Identity job created for [Audiobooks] 'Dune' by Frank Herbert — queued for retail match (802e7b07b2ee)
[22:24:08 INF] [PERF] Dune - Simon Vance.mp3: Total=923ms Hash=0ms (type=Audiobooks, confidence=85 %)
[22:24:08 INF] Library folder prior override: assigned Books at 0.95 for C:\temp\tuvima-watch\books\A.epub
[22:24:08 INF] Media type auto-assigned: Books (95 %) for C:\temp\tuvima-watch\books\A.epub
[22:24:08 INF] Ingested [Books] 'A' (confidence=100 %, hash=870b85809976)
[22:24:08 INF] Identity job created for [Books] 'A' by B — queued for retail match (960bc776d68a)
[22:24:08 INF] [PERF] A.epub: Total=822ms Hash=0ms (type=Books, confidence=100 %)
[22:24:08 INF] Detected: "Project Hail Mary - Ray Porter.mp3" — queued for ingestion
[22:24:08 INF] Library folder prior: kept processor type Audiobooks for C:\temp\tuvima-watch\books\Le Petit Prince - Bernard Giraudeau.mp3; extension .mp3 is strong format evidence outside the folder media type [Books]
[22:24:08 INF] Media type provisional: Audiobooks (55 %) for C:\temp\tuvima-watch\books\Le Petit Prince - Bernard Giraudeau.mp3 - flagged for review
[22:24:08 INF] Ingested [Audiobooks] 'Dune' (confidence=85 %, hash=6a55a1be3cd8)
[22:24:08 INF] Review: asset 90dc3820-47fd-4b4d-9d81-64441a3a7fb0 queued for review — trigger=AmbiguousMediaType
[22:24:08 INF] Identity job created for [Audiobooks] 'Dune' by Frank Herbert — queued for retail match (90dc382047fd)
[22:24:08 INF] [PERF] Dune - Scott Brick.mp3: Total=906ms Hash=0ms (type=Audiobooks, confidence=85 %)
[22:24:08 INF] Detected: "The Extraordinary & Fantastical Adventures of Dr. Enid Hartwell-Smythe III_ A Most Peculiar Chronicle.epub" — queued for ingestion
[22:24:08 INF] Fingerprinted "The Extraordinary & Fantastical Adventures of Dr. Enid Hartwell-Smythe III_ A Most Peculiar Chronicle.epub" — sha256=1302a541… (3.5 KB)
[22:24:08 INF] Library folder prior override: assigned Books at 0.95 for C:\temp\tuvima-watch\books\Good Omens.epub
[22:24:08 INF] Media type auto-assigned: Books (95 %) for C:\temp\tuvima-watch\books\Good Omens.epub
[22:24:08 INF] Library folder prior override: assigned Books at 0.95 for C:\temp\tuvima-watch\books\Neuromancer.epub
[22:24:08 INF] Media type auto-assigned: Books (95 %) for C:\temp\tuvima-watch\books\Neuromancer.epub
[22:24:08 INF] Ingested [Books] 'Le Petit Prince' (confidence=100 %, hash=1bf6ee3682f1)
[22:24:08 INF] Identity job created for [Books] 'Le Petit Prince' by Antoine de Saint-Exupéry — queued for retail match (e0eff41c25af)
[22:24:08 INF] [PERF] Le Petit Prince.epub: Total=948ms Hash=0ms (type=Books, confidence=100 %)
[22:24:08 INF] Detected: "The Shining - Campbell Scott.mp3" — queued for ingestion
[22:24:08 INF] Fingerprinted "The Shining - Campbell Scott.mp3" — sha256=82837b22… (0.7 KB)
[22:24:08 INF] Processed "The Shining - Campbell Scott.mp3" via Audiobooks — 10 claims extracted (title='The Shining')
[22:24:08 INF] Fingerprinted "Project Hail Mary - Ray Porter.mp3" — sha256=a91d34bb… (0.7 KB)
[22:24:08 INF] Processed "Project Hail Mary - Ray Porter.mp3" via Audiobooks — 10 claims extracted (title='Project Hail Mary')
[22:24:08 INF] Processed "The Extraordinary & Fantastical Adventures of Dr. Enid Hartwell-Smythe III_ A Most Peculiar Chronicle.epub" via Books — 7 claims extracted (title='The Extraordinary & Fantastical Adventures of Dr. Enid Hartwell-Smythe III: A Most Peculiar Chronicle')
[22:24:08 INF] Library folder prior override: assigned Books at 0.95 for C:\temp\tuvima-watch\books\1Q84.epub
[22:24:08 INF] Media type auto-assigned: Books (95 %) for C:\temp\tuvima-watch\books\1Q84.epub
[22:24:08 INF] Library folder prior override: assigned Books at 0.95 for C:\temp\tuvima-watch\books\Die Verwandlung.epub
[22:24:08 INF] Media type auto-assigned: Books (95 %) for C:\temp\tuvima-watch\books\Die Verwandlung.epub
[22:24:08 INF] Ingested [Books] 'Frankenstein' (confidence=100 %, hash=d4b0d95891d7)
[22:24:08 INF] Identity job created for [Books] 'Frankenstein' by Mary Shelley — queued for retail match (244269e76119)
[22:24:08 INF] [PERF] Frankenstein.epub: Total=1055ms Hash=0ms (type=Books, confidence=100 %)
[22:24:08 INF] Detected: "Untitled Book.epub" — queued for ingestion
[22:24:08 INF] Fingerprinted "Untitled Book.epub" — sha256=9f8f0e2b… (2.8 KB)
[22:24:08 INF] Processed "Untitled Book.epub" via Books — 4 claims extracted (title='Untitled Book')
[22:24:08 INF] Ingested [Books] 'Caliban's War' (confidence=100 %, hash=bb3e144ddae8)
[22:24:08 INF] Identity job created for [Books] 'Caliban's War' by James S. A. Corey — queued for retail match (4ac62186d772)
[22:24:08 INF] [PERF] Caliban's War.epub: Total=1106ms Hash=0ms (type=Books, confidence=100 %)
[22:24:08 INF] Detected: "The Shining.epub" — queued for ingestion
[22:24:08 INF] Fingerprinted "The Shining.epub" — sha256=39b59ad9… (3.0 KB)
[22:24:08 INF] Processed "The Shining.epub" via Books — 7 claims extracted (title='The Shining')
[22:24:08 INF] Detected: "Project Hail Mary.epub" — queued for ingestion
[22:24:08 INF] Fingerprinted "Project Hail Mary.epub" — sha256=db337a98… (3.0 KB)
[22:24:08 INF] Processed "Project Hail Mary.epub" via Books — 7 claims extracted (title='Project Hail Mary')
[22:24:08 INF] Library folder prior override: assigned Books at 0.95 for C:\temp\tuvima-watch\books\Harry Potter and the Philosopher's Stone.epub
[22:24:08 INF] Media type auto-assigned: Books (95 %) for C:\temp\tuvima-watch\books\Harry Potter and the Philosopher's Stone.epub
[22:24:08 INF] Library folder prior override: assigned Books at 0.95 for C:\temp\tuvima-watch\books\The Extraordinary & Fantastical Adventures of Dr. Enid Hartwell-Smythe III_ A Most Peculiar Chronicle.epub
[22:24:08 INF] Media type auto-assigned: Books (95 %) for C:\temp\tuvima-watch\books\The Extraordinary & Fantastical Adventures of Dr. Enid Hartwell-Smythe III_ A Most Peculiar Chronicle.epub
[22:24:08 INF] Ingested [Books] 'Good Omens' (confidence=100 %, hash=dfd9288dc69f)
[22:24:08 INF] Identity job created for [Books] 'Good Omens' by Terry Pratchett — queued for retail match (a25c67cd652c)
[22:24:08 INF] Library folder prior: kept processor type Audiobooks for C:\temp\tuvima-watch\books\Project Hail Mary - Ray Porter.mp3; extension .mp3 is strong format evidence outside the folder media type [Books]
[22:24:08 INF] Media type provisional: Audiobooks (55 %) for C:\temp\tuvima-watch\books\Project Hail Mary - Ray Porter.mp3 - flagged for review
[22:24:08 INF] Ingested [Books] '1Q84' (confidence=100 %, hash=7a7ea6aabd18)
[22:24:08 INF] Identity job created for [Books] '1Q84' by Haruki Murakami — queued for retail match (41e02fcaa8b8)
[22:24:08 INF] [PERF] 1Q84.epub: Total=1294ms Hash=11ms (type=Books, confidence=100 %)
[22:24:08 INF] Detected: "Good Omens - Martin Jarvis.mp3" — queued for ingestion
[22:24:08 INF] Fingerprinted "Good Omens - Martin Jarvis.mp3" — sha256=8fe4a214… (0.7 KB)
[22:24:08 INF] Processed "Good Omens - Martin Jarvis.mp3" via Audiobooks — 10 claims extracted (title='Good Omens')
[22:24:08 INF] Library folder prior: kept processor type Audiobooks for C:\temp\tuvima-watch\books\Good Omens - Martin Jarvis.mp3; extension .mp3 is strong format evidence outside the folder media type [Books]
[22:24:08 INF] Media type provisional: Audiobooks (55 %) for C:\temp\tuvima-watch\books\Good Omens - Martin Jarvis.mp3 - flagged for review
[22:24:08 INF] Ingested [Audiobooks] 'Good Omens' (confidence=86 %, hash=8fe4a2148c29)
[22:24:08 INF] Review: asset 10a1aaba-498a-4df0-a65f-cb73bf709b3a queued for review — trigger=AmbiguousMediaType
[22:24:08 INF] Ingested [Books] 'Die Verwandlung' (confidence=100 %, hash=a45a6593e508)
[22:24:08 INF] Identity job created for [Books] 'Die Verwandlung' by Franz Kafka — queued for retail match (8935fd242cba)
[22:24:08 INF] [PERF] Die Verwandlung.epub: Total=1153ms Hash=0ms (type=Books, confidence=100 %)
[22:24:08 INF] Detected: "Leviathan Wakes - Jefferson Mays.mp3" — queued for ingestion
[22:24:08 INF] Identity job created for [Audiobooks] 'Good Omens' by Terry Pratchett and Neil Gaiman — queued for retail match (10a1aaba498a)
[22:24:08 INF] [PERF] Good Omens - Martin Jarvis.mp3: Total=54ms Hash=0ms (type=Audiobooks, confidence=86 %)
[22:24:08 INF] Library folder prior override: assigned Books at 0.95 for C:\temp\tuvima-watch\books\Untitled Book.epub
[22:24:08 INF] Media type auto-assigned: Books (95 %) for C:\temp\tuvima-watch\books\Untitled Book.epub
[22:24:08 INF] Detected: "The Talisman.epub" — queued for ingestion
[22:24:08 INF] Fingerprinted "Leviathan Wakes - Jefferson Mays.mp3" — sha256=bd926f1e… (0.8 KB)
[22:24:08 INF] Processed "Leviathan Wakes - Jefferson Mays.mp3" via Audiobooks — 12 claims extracted (title='Leviathan Wakes')
[22:24:08 INF] Library folder prior: kept processor type Audiobooks for C:\temp\tuvima-watch\books\The Shining - Campbell Scott.mp3; extension .mp3 is strong format evidence outside the folder media type [Books]
[22:24:08 INF] Media type provisional: Audiobooks (55 %) for C:\temp\tuvima-watch\books\The Shining - Campbell Scott.mp3 - flagged for review
[22:24:08 INF] Ingested [Books] 'Neuromancer' (confidence=100 %, hash=ed9b7fd9e431)
[22:24:08 INF] Identity job created for [Books] 'Neuromancer' by William Gibson — queued for retail match (ef7a526341d5)
[22:24:08 INF] [PERF] Neuromancer.epub: Total=479ms Hash=0ms (type=Books, confidence=100 %)
[22:24:08 INF] Detected: "The Clockmaker's Kaleidoscope of Vanishing Summers - Imogen Vale.mp3" — queued for ingestion
[22:24:08 INF] Fingerprinted "The Clockmaker's Kaleidoscope of Vanishing Summers - Imogen Vale.mp3" — sha256=7eb10ad4… (0.7 KB)
[22:24:08 INF] Library folder prior override: assigned Books at 0.95 for C:\temp\tuvima-watch\books\Leviathan Wakes.epub
[22:24:08 INF] Media type auto-assigned: Books (95 %) for C:\temp\tuvima-watch\books\Leviathan Wakes.epub
[22:24:08 INF] Ingested [Audiobooks] 'Project Hail Mary' (confidence=86 %, hash=a91d34bba247)
[22:24:08 INF] Review: asset f68ef1e6-35a8-4d6f-8375-cb4978b777b3 queued for review — trigger=AmbiguousMediaType
[22:24:08 INF] Identity job created for [Audiobooks] 'Project Hail Mary' by Andy Weir — queued for retail match (f68ef1e635a8)
[22:24:08 INF] [PERF] Project Hail Mary - Ray Porter.mp3: Total=404ms Hash=11ms (type=Audiobooks, confidence=86 %)
[22:24:08 INF] Detected: "The Hobbit - Andy Serkis.mp3" — queued for ingestion
[22:24:08 INF] Fingerprinted "The Hobbit - Andy Serkis.mp3" — sha256=4950dbd2… (0.7 KB)
[22:24:08 INF] Processed "The Hobbit - Andy Serkis.mp3" via Audiobooks — 10 claims extracted (title='The Hobbit')
[22:24:08 INF] Ingested [Books] 'Harry Potter and the Philosopher's Stone' (confidence=100 %, hash=4ae56d061fcb)
[22:24:08 INF] Identity job created for [Books] 'Harry Potter and the Philosopher's Stone' by J.K. Rowling — queued for retail match (ff467811cb54)
[22:24:08 INF] [PERF] Harry Potter and the Philosopher's Stone.epub: Total=1295ms Hash=0ms (type=Books, confidence=100 %)
[22:24:08 INF] Detected: "The Name of the Wind - Nick Podehl.mp3" — queued for ingestion
[22:24:08 INF] Fingerprinted "The Name of the Wind - Nick Podehl.mp3" — sha256=361cc977… (0.8 KB)
[22:24:08 INF] Processed "The Name of the Wind - Nick Podehl.mp3" via Audiobooks — 12 claims extracted (title='The Name of the Wind')
[22:24:08 INF] Processed "The Clockmaker's Kaleidoscope of Vanishing Summers - Imogen Vale.mp3" via Audiobooks — 10 claims extracted (title='The Clockmaker's Kaleidoscope of Vanishing Summers')
[22:24:08 INF] Library folder prior override: assigned Books at 0.95 for C:\temp\tuvima-watch\books\The Shining.epub
[22:24:08 INF] Media type auto-assigned: Books (95 %) for C:\temp\tuvima-watch\books\The Shining.epub
[22:24:08 INF] Retail match found for entity 12005f8f-090f-4a28-8ec9-b4bee11b4fda: 'Neuromancer (Unabridged)' from apple_api (score: 1.00)
[22:24:08 INF] Post-pipeline confidence for entity 12005f8f-090f-4a28-8ec9-b4bee11b4fda: 0.89
[22:24:08 INF] Auto-resolving AmbiguousMediaType review for entity 12005f8f-090f-4a28-8ec9-b4bee11b4fda (confidence: 0.89)
[22:24:08 INF] Entity 12005f8f-090f-4a28-8ec9-b4bee11b4fda meets organization threshold (0.89 >= 0.70), promoting
[22:24:08 INF] Library folder prior override: assigned Books at 0.95 for C:\temp\tuvima-watch\books\Project Hail Mary.epub
[22:24:08 INF] Media type auto-assigned: Books (95 %) for C:\temp\tuvima-watch\books\Project Hail Mary.epub
[22:24:08 INF] Library folder prior: kept processor type Audiobooks for C:\temp\tuvima-watch\books\The Hobbit - Andy Serkis.mp3; extension .mp3 is strong format evidence outside the folder media type [Books]
[22:24:08 INF] Media type provisional: Audiobooks (55 %) for C:\temp\tuvima-watch\books\The Hobbit - Andy Serkis.mp3 - flagged for review
[22:24:08 INF] Moved C:\temp\tuvima-watch\books\Neuromancer - Robertson Dean.mp3 → C:\temp\tuvima-library\Audiobooks/Unknown/Neuromancer (Unabridged) (2011)/Neuromancer (Unabridged).mp3
[22:24:08 INF] Ingested [Books] 'Project Hail Mary' (confidence=100 %, hash=db337a980ee5)
[22:24:08 INF] Identity job created for [Books] 'Project Hail Mary' by Andy Weir — queued for retail match (c313224121f6)
[22:24:08 INF] Ingested [Audiobooks] 'Le Petit Prince' (confidence=86 %, hash=eb8e5a3b3cf4)
[22:24:08 INF] Review: asset 9e40e9f6-8a70-45cd-a7c3-487de697d4c5 queued for review — trigger=AmbiguousMediaType
[22:24:08 INF] Identity job created for [Audiobooks] 'Le Petit Prince' by Antoine de Saint-Exupery — queued for retail match (9e40e9f68a70)
[22:24:08 INF] Promoted asset 12005f8f-090f-4a28-8ec9-b4bee11b4fda from staging to library: C:\temp\tuvima-watch\books\Neuromancer - Robertson Dean.mp3 → C:\temp\tuvima-library\Audiobooks/Unknown/Neuromancer (Unabridged) (2011)/Neuromancer (Unabridged).mp3
[22:24:08 INF] [PERF] Le Petit Prince - Bernard Giraudeau.mp3: Total=802ms Hash=0ms (type=Audiobooks, confidence=86 %)
[22:24:08 INF] Detected: "The Fellowship of the Ring.epub" — queued for ingestion
[22:24:08 INF] [PERF] Project Hail Mary.epub: Total=420ms Hash=0ms (type=Books, confidence=100 %)
[22:24:08 INF] Detected: "The Fellowship of the Ring - Rob Inglis.mp3" — queued for ingestion
[22:24:08 INF] Fingerprinted "The Fellowship of the Ring.epub" — sha256=7b7e08be… (3.2 KB)
[22:24:08 INF] Processed "The Fellowship of the Ring.epub" via Books — 7 claims extracted (title='The Fellowship of the Ring')
[22:24:08 INF] Cover art: downloading 'Neuromancer (Unabridged)' from https://is1-ssl.mzstatic.com/image/thumb/Music211/v4/14/bf/b9/14bfb95b-f472-8223-242e-655a548bb2d7/9781101536698.d.jpg/9999x9999bb.jpg → C:\temp\tuvima-library\.data\assets\artwork\work\4a6b7f0c-898a-42e6-9f20-1048d7b28e83\cover\1cd1d6d2fdfa46f29571c344d9c0ab6b.jpg
[22:24:08 INF] Start processing HTTP request GET https://is1-ssl.mzstatic.com/image/thumb/Music211/v4/14/bf/b9/14bfb95b-f472-8223-242e-655a548bb2d7/9781101536698.d.jpg/9999x9999bb.jpg
[22:24:08 INF] Sending HTTP request GET https://is1-ssl.mzstatic.com/image/thumb/Music211/v4/14/bf/b9/14bfb95b-f472-8223-242e-655a548bb2d7/9781101536698.d.jpg/9999x9999bb.jpg
[22:24:08 INF] Fingerprinted "The Fellowship of the Ring - Rob Inglis.mp3" — sha256=fca37879… (0.8 KB)
[22:24:08 INF] Processed "The Fellowship of the Ring - Rob Inglis.mp3" via Audiobooks — 12 claims extracted (title='The Fellowship of the Ring')
[22:24:08 INF] Library folder prior: kept processor type Audiobooks for C:\temp\tuvima-watch\books\The Fellowship of the Ring - Rob Inglis.mp3; extension .mp3 is strong format evidence outside the folder media type [Books]
[22:24:08 INF] Media type provisional: Audiobooks (55 %) for C:\temp\tuvima-watch\books\The Fellowship of the Ring - Rob Inglis.mp3 - flagged for review
[22:24:08 INF] Ingested [Books] 'Untitled Book' (confidence=100 %, hash=9f8f0e2b3a6f)
[22:24:08 INF] Identity job created for [Books] 'Untitled Book' by Unknown — queued for retail match (6755b8334d18)
[22:24:08 INF] Ingested [Audiobooks] 'The Fellowship of the Ring' (confidence=85 %, hash=fca37879eaae)
[22:24:08 INF] Review: asset 697fda1f-164f-4766-a4ce-1f80239e5e13 queued for review — trigger=AmbiguousMediaType
[22:24:08 INF] Library folder prior override: assigned Books at 0.95 for C:\temp\tuvima-watch\books\Cien años de soledad.epub
[22:24:08 INF] Media type auto-assigned: Books (95 %) for C:\temp\tuvima-watch\books\Cien años de soledad.epub
[22:24:08 INF] Identity job created for [Audiobooks] 'The Fellowship of the Ring' by J.R.R. Tolkien — queued for retail match (697fda1f164f)
[22:24:08 INF] [PERF] The Fellowship of the Ring - Rob Inglis.mp3: Total=63ms Hash=9ms (type=Audiobooks, confidence=85 %)
[22:24:08 INF] Detected: "The Road - Tom Stechschulte.mp3" — queued for ingestion
[22:24:08 INF] Fingerprinted "The Road - Tom Stechschulte.mp3" — sha256=729ac46b… (0.7 KB)
[22:24:08 INF] Processed "The Road - Tom Stechschulte.mp3" via Audiobooks — 10 claims extracted (title='The Road')
[22:24:08 INF] Library folder prior: kept processor type Audiobooks for C:\temp\tuvima-watch\books\The Road - Tom Stechschulte.mp3; extension .mp3 is strong format evidence outside the folder media type [Books]
[22:24:08 INF] Media type provisional: Audiobooks (55 %) for C:\temp\tuvima-watch\books\The Road - Tom Stechschulte.mp3 - flagged for review
[22:24:08 INF] Ingested [Audiobooks] 'The Road' (confidence=86 %, hash=729ac46b4f97)
[22:24:08 INF] Review: asset daa198d8-3724-4db5-ade0-fd086fd71160 queued for review — trigger=AmbiguousMediaType
[22:24:08 INF] Identity job created for [Audiobooks] 'The Road' by Cormac McCarthy — queued for retail match (daa198d83724)
[22:24:08 INF] Library folder prior: kept processor type Audiobooks for C:\temp\tuvima-watch\books\Leviathan Wakes - Jefferson Mays.mp3; extension .mp3 is strong format evidence outside the folder media type [Books]
[22:24:08 INF] Media type provisional: Audiobooks (55 %) for C:\temp\tuvima-watch\books\Leviathan Wakes - Jefferson Mays.mp3 - flagged for review
[22:24:08 INF] Ingested [Books] 'The Shining' (confidence=100 %, hash=39b59ad9e661)
[22:24:08 INF] Identity job created for [Books] 'The Shining' by Stephen King — queued for retail match (0cc70cedd568)
[22:24:08 INF] [PERF] The Shining.epub: Total=526ms Hash=0ms (type=Books, confidence=100 %)
[22:24:08 INF] Detected: "The Road.epub" — queued for ingestion
[22:24:08 INF] Fingerprinted "The Road.epub" — sha256=3ad0b65d… (2.9 KB)
[22:24:08 INF] Processed "The Road.epub" via Books — 7 claims extracted (title='The Road')
[22:24:08 INF] [PERF] The Road - Tom Stechschulte.mp3: Total=39ms Hash=0ms (type=Audiobooks, confidence=86 %)
[22:24:08 INF] Detected: "The Hobbit.epub" — queued for ingestion
[22:24:08 INF] Fingerprinted "The Hobbit.epub" — sha256=c273034e… (3.0 KB)
[22:24:08 INF] Processed "The Hobbit.epub" via Books — 7 claims extracted (title='The Hobbit')
[22:24:08 INF] Ingested [Audiobooks] 'Leviathan Wakes' (confidence=85 %, hash=bd926f1ed5e0)
[22:24:08 INF] Review: asset d2eca36e-430e-4d2c-ba6b-26fb86da7d57 queued for review — trigger=AmbiguousMediaType
[22:24:08 INF] Identity job created for [Audiobooks] 'Leviathan Wakes' by James S. A. Corey — queued for retail match (d2eca36e430e)
[22:24:08 INF] Library folder prior override: assigned Books at 0.95 for C:\temp\tuvima-watch\books\The Fellowship of the Ring.epub
[22:24:08 INF] Media type auto-assigned: Books (95 %) for C:\temp\tuvima-watch\books\The Fellowship of the Ring.epub
[22:24:08 INF] Ingested [Books] 'Leviathan Wakes' (confidence=100 %, hash=eac51813cbfb)
[22:24:08 INF] Identity job created for [Books] 'Leviathan Wakes' by James S. A. Corey — queued for retail match (60ebe3546d4d)
[22:24:08 INF] [PERF] Leviathan Wakes.epub: Total=886ms Hash=0ms (type=Books, confidence=100 %)
[22:24:08 INF] Detected: "ノルウェイの森.epub" — queued for ingestion
[22:24:08 INF] Fingerprinted "ノルウェイの森.epub" — sha256=169601e1… (3.1 KB)
[22:24:08 INF] Library folder prior override: assigned Books at 0.95 for C:\temp\tuvima-watch\books\The Hobbit.epub
[22:24:08 INF] Media type auto-assigned: Books (95 %) for C:\temp\tuvima-watch\books\The Hobbit.epub
[22:24:08 INF] Library folder prior override: assigned Books at 0.95 for C:\temp\tuvima-watch\books\The Road.epub
[22:24:08 INF] Media type auto-assigned: Books (95 %) for C:\temp\tuvima-watch\books\The Road.epub
[22:24:08 INF] Library folder prior: kept processor type Audiobooks for C:\temp\tuvima-watch\books\The Clockmaker's Kaleidoscope of Vanishing Summers - Imogen Vale.mp3; extension .mp3 is strong format evidence outside the folder media type [Books]
[22:24:08 INF] Media type provisional: Audiobooks (55 %) for C:\temp\tuvima-watch\books\The Clockmaker's Kaleidoscope of Vanishing Summers - Imogen Vale.mp3 - flagged for review
[22:24:08 INF] Ingested [Audiobooks] 'The Clockmaker's Kaleidoscope of Vanishing Summers' (confidence=86 %, hash=7eb10ad42eea)
[22:24:08 INF] Review: asset 8cdbe663-e167-46e3-aec5-7c53fa234c4f queued for review — trigger=AmbiguousMediaType
[22:24:08 INF] Identity job created for [Audiobooks] 'The Clockmaker's Kaleidoscope of Vanishing Summers' by Percival Moon — queued for retail match (8cdbe663e167)
[22:24:08 INF] [PERF] Good Omens.epub: Total=1661ms Hash=0ms (type=Books, confidence=100 %)
[22:24:08 INF] [PERF] Leviathan Wakes - Jefferson Mays.mp3: Total=424ms Hash=8ms (type=Audiobooks, confidence=85 %)
[22:24:08 INF] Detected: "Shogun S01E01.mp4" — queued for ingestion
[22:24:08 INF] Library folder prior: kept processor type Audiobooks for C:\temp\tuvima-watch\books\The Name of the Wind - Nick Podehl.mp3; extension .mp3 is strong format evidence outside the folder media type [Books]
[22:24:08 INF] Media type provisional: Audiobooks (55 %) for C:\temp\tuvima-watch\books\The Name of the Wind - Nick Podehl.mp3 - flagged for review
[22:24:08 INF] Fingerprinted "Shogun S01E01.mp4" — sha256=44d13e94… (0.3 KB)
[22:24:08 INF] [PERF] Untitled Book.epub: Total=675ms Hash=0ms (type=Books, confidence=100 %)
[22:24:08 INF] Detected: "Breaking Bad S01E01.mp4" — queued for ingestion
[22:24:08 INF] Fingerprinted "Breaking Bad S01E01.mp4" — sha256=9d307dbc… (0.3 KB)
[22:24:08 INF] Ingested [Books] 'The Extraordinary & Fantastical Adventures of Dr. Enid Hartwell-Smythe III: A Most Peculiar Chronicle' (confidence=100 %, hash=1302a54107d7)
[22:24:08 INF] Identity job created for [Books] 'The Extraordinary & Fantastical Adventures of Dr. Enid Hartwell-Smythe III: A Most Peculiar Chronicle' by Reginald Fortescue-Pemberton IV — queued for retail match (8afa0763506e)
[22:24:08 INF] [PERF] The Extraordinary & Fantastical Adventures of Dr. Enid Hartwell-Smythe III_ A Most Peculiar Chronicle.epub: Total=802ms Hash=0ms (type=Books, confidence=100 %)
[22:24:08 INF] Detected: "Department of Clockwork Rain S01E01.mp4" — queued for ingestion
[22:24:08 INF] Detected: "The Long Walk.epub" — queued for ingestion
[22:24:09 INF] Ingested [Books] 'The Hobbit' (confidence=100 %, hash=c273034ef440)
[22:24:09 INF] Identity job created for [Books] 'The Hobbit' by J.R.R. Tolkien — queued for retail match (07db6d4eee6c)
[22:24:09 INF] Fingerprinted "The Long Walk.epub" — sha256=c41b16a4… (3.0 KB)
[22:24:09 INF] Processed "The Long Walk.epub" via Books — 7 claims extracted (title='The Long Walk')
[22:24:09 INF] Library folder prior override: assigned Books at 0.95 for C:\temp\tuvima-watch\books\The Long Walk.epub
[22:24:09 INF] Media type auto-assigned: Books (95 %) for C:\temp\tuvima-watch\books\The Long Walk.epub
[22:24:09 INF] Fingerprinted "Department of Clockwork Rain S01E01.mp4" — sha256=92fc8f95… (0.3 KB)
[22:24:09 INF] Ingested [Audiobooks] 'The Name of the Wind' (confidence=85 %, hash=361cc977bdbc)
[22:24:09 INF] Review: asset dd276ebb-d76c-411b-aea0-06f515061a3f queued for review — trigger=AmbiguousMediaType
[22:24:09 INF] Identity job created for [Audiobooks] 'The Name of the Wind' by Patrick Rothfuss — queued for retail match (dd276ebbd76c)
[22:24:09 INF] [PERF] The Name of the Wind - Nick Podehl.mp3: Total=478ms Hash=0ms (type=Audiobooks, confidence=85 %)
[22:24:09 INF] Detected: "Breaking Bad S01E02.mp4" — queued for ingestion
[22:24:09 INF] Fingerprinted "Breaking Bad S01E02.mp4" — sha256=a5b2e733… (0.3 KB)
[22:24:09 INF] Ingested [Books] 'Cien años de soledad' (confidence=100 %, hash=5f2670c22e7c)
[22:24:09 INF] Identity job created for [Books] 'Cien años de soledad' by Gabriel García Márquez — queued for retail match (312d6a0dc396)
[22:24:09 INF] [PERF] Cien años de soledad.epub: Total=1879ms Hash=0ms (type=Books, confidence=100 %)
[22:24:09 INF] Detected: "Foundation - S01E03 - The Mathematician's Ghost.mp4" — queued for ingestion
[22:24:09 INF] Fingerprinted "Foundation - S01E03 - The Mathematician's Ghost.mp4" — sha256=ebb56874… (0.3 KB)
[22:24:09 INF] [PERF] The Hobbit.epub: Total=244ms Hash=0ms (type=Books, confidence=100 %)
[22:24:09 INF] Detected: "The Expanse S01E01.mp4" — queued for ingestion
[22:24:09 INF] Fingerprinted "The Expanse S01E01.mp4" — sha256=fec36716… (0.3 KB)
[22:24:09 INF] Ingested [Books] 'The Long Walk' (confidence=100 %, hash=c41b16a4db5b)
[22:24:09 INF] Identity job created for [Books] 'The Long Walk' by Richard Bachman — queued for retail match (55d5f7d8ee5f)
[22:24:09 INF] [PERF] The Long Walk.epub: Total=98ms Hash=0ms (type=Books, confidence=100 %)
[22:24:09 INF] Detected: "Severance.S01E04.The.You.You.Are.mp4" — queued for ingestion
[22:24:09 INF] [PERF] The Clockmaker's Kaleidoscope of Vanishing Summers - Imogen Vale.mp3: Total=515ms Hash=0ms (type=Audiobooks, confidence=86 %)
[22:24:09 INF] Detected: "Breaking Bad - S03E01 - No Mas.mp4" — queued for ingestion
[22:24:09 INF] Processed "ノルウェイの森.epub" via Books — 7 claims extracted (title='ノルウェイの森')
[22:24:09 INF] Fingerprinted "Severance.S01E04.The.You.You.Are.mp4" — sha256=065acc3d… (0.3 KB)
[22:24:09 INF] Ingested [Books] 'The Road' (confidence=100 %, hash=3ad0b65d205f)
[22:24:09 INF] Identity job created for [Books] 'The Road' by Cormac McCarthy — queued for retail match (9c86ba088211)
[22:24:09 INF] [PERF] The Road.epub: Total=332ms Hash=0ms (type=Books, confidence=100 %)
[22:24:09 INF] Fingerprinted "Breaking Bad - S03E01 - No Mas.mp4" — sha256=17684e37… (0.3 KB)
[22:24:09 INF] Detected: "Breaking Bad - S02E01 - Seven Thirty-Seven.mp4" — queued for ingestion
[22:24:09 INF] Fingerprinted "The Talisman.epub" — sha256=fa966c7d… (3.0 KB)
[22:24:09 INF] Processed "The Talisman.epub" via Books — 8 claims extracted (title='The Talisman')
[22:24:09 INF] Library folder prior override: assigned Books at 0.95 for C:\temp\tuvima-watch\books\ノルウェイの森.epub
[22:24:09 INF] Media type auto-assigned: Books (95 %) for C:\temp\tuvima-watch\books\ノルウェイの森.epub
[22:24:09 INF] Ingested [Books] 'ノルウェイの森' (confidence=100 %, hash=169601e107da)
[22:24:09 INF] Identity job created for [Books] 'ノルウェイの森' by 村上春樹 — queued for retail match (8485f15aac4c)
[22:24:09 INF] [PERF] ノルウェイの森.epub: Total=303ms Hash=1ms (type=Books, confidence=100 %)
[22:24:09 INF] Detected: "Breaking Bad - S01E01 - Pilot.mp4" — queued for ingestion
[22:24:09 INF] Fingerprinted "Breaking Bad - S01E01 - Pilot.mp4" — sha256=af0b2a1e… (0.3 KB)
[22:24:09 INF] Library folder prior override: assigned Books at 0.95 for C:\temp\tuvima-watch\books\The Talisman.epub
[22:24:09 INF] Media type auto-assigned: Books (95 %) for C:\temp\tuvima-watch\books\The Talisman.epub
[22:24:09 INF] Ingested [Books] 'The Talisman' (confidence=100 %, hash=fa966c7da975)
[22:24:09 INF] Ingested [Audiobooks] 'The Hobbit' (confidence=86 %, hash=4950dbd204d8)
[22:24:09 INF] Review: asset 950f964c-668a-423b-847b-4887028bde26 queued for review — trigger=AmbiguousMediaType
[22:24:09 INF] Identity job created for [Audiobooks] 'The Hobbit' by J.R.R. Tolkien — queued for retail match (950f964c668a)
[22:24:09 INF] [PERF] The Hobbit - Andy Serkis.mp3: Total=661ms Hash=0ms (type=Audiobooks, confidence=86 %)
[22:24:09 INF] Detected: "Shogun - S01E01 - Anjin.mp4" — queued for ingestion
[22:24:09 INF] Fingerprinted "Shogun - S01E01 - Anjin.mp4" — sha256=11d46b69… (0.3 KB)
[22:24:09 INF] Fingerprinted "Breaking Bad - S02E01 - Seven Thirty-Seven.mp4" — sha256=c784b3f4… (0.3 KB)
[22:24:09 INF] Identity job created for [Books] 'The Talisman' by Stephen King — queued for retail match (2ebed7d970ec)
[22:24:09 INF] [PERF] The Talisman.epub: Total=112ms Hash=1ms (type=Books, confidence=100 %)
[22:24:09 INF] Detected: "The Expanse - S02E01 - Safe.mp4" — queued for ingestion
[22:24:09 INF] Fingerprinted "The Expanse - S02E01 - Safe.mp4" — sha256=71932f81… (0.3 KB)
[22:24:09 INF] Ingested [Books] 'The Fellowship of the Ring' (confidence=100 %, hash=7b7e08be3d8e)
[22:24:09 INF] Identity job created for [Books] 'The Fellowship of the Ring' by J.R.R. Tolkien — queued for retail match (1a12fe9ef7d5)
[22:24:09 INF] [PERF] The Fellowship of the Ring.epub: Total=565ms Hash=8ms (type=Books, confidence=100 %)
[22:24:09 INF] Detected: "Breaking Bad - S05E14 - Ozymandias.mp4" — queued for ingestion
[22:24:09 INF] Fingerprinted "Breaking Bad - S05E14 - Ozymandias.mp4" — sha256=3f991c3e… (0.3 KB)
[22:24:09 INF] Ingested [Audiobooks] 'The Shining' (confidence=86 %, hash=82837b228c54)
[22:24:09 INF] Review: asset 7f0b9dec-c0c4-49e0-9a18-f68804fb68e6 queued for review — trigger=AmbiguousMediaType
[22:24:09 INF] Identity job created for [Audiobooks] 'The Shining' by Stephen King — queued for retail match (7f0b9decc0c4)
[22:24:09 INF] [PERF] The Shining - Campbell Scott.mp3: Total=1103ms Hash=0ms (type=Audiobooks, confidence=86 %)
[22:24:09 INF] Detected: "Blade Runner 2049 (2017).mp4" — queued for ingestion
[22:24:09 INF] Fingerprinted "Blade Runner 2049 (2017).mp4" — sha256=6c507bc9… (0.3 KB)
[22:24:09 INF] Library folder prior override: assigned Books at 0.95 for C:\temp\tuvima-watch\books\Dune.epub
[22:24:09 INF] Media type auto-assigned: Books (95 %) for C:\temp\tuvima-watch\books\Dune.epub
[22:24:09 INF] Received HTTP response headers after 577.3833ms - 200
[22:24:09 INF] Execution attempt. Source: 'cover_download-standard//Standard-Retry', Operation Key: 'null', Result: '200', Handled: 'False', Attempt: '0', Execution Time: 577.9307ms
[22:24:09 INF] End processing HTTP request after 578.5208ms - 200
[22:24:09 INF] Ingested [Books] 'Dune' (confidence=100 %, hash=be30b58a8df4)
[22:24:09 INF] Identity job created for [Books] 'Dune' by Frank Herbert — queued for retail match (18dbdc4e1b35)
[22:24:09 INF] [PERF] Dune.epub: Total=2188ms Hash=11ms (type=Books, confidence=100 %)
[22:24:09 INF] Detected: "S01E01 - Chapter 1 - The Mandalorian.mp4" — queued for ingestion
[22:24:09 INF] Fingerprinted "S01E01 - Chapter 1 - The Mandalorian.mp4" — sha256=dec0c9d4… (0.3 KB)
[22:24:09 INF] Library folder prior: kept processor type Audiobooks for C:\temp\tuvima-watch\books\1Q84 - Allison Hiroto.mp3; extension .mp3 is strong format evidence outside the folder media type [Books]
[22:24:09 INF] Media type provisional: Audiobooks (55 %) for C:\temp\tuvima-watch\books\1Q84 - Allison Hiroto.mp3 - flagged for review
[22:24:09 INF] Ingested [Audiobooks] '1Q84' (confidence=86 %, hash=63695e2a27d1)
[22:24:09 INF] Review: asset 3cd95383-e913-4d92-af47-d0ef1b285a1d queued for review — trigger=AmbiguousMediaType
[22:24:09 INF] Identity job created for [Audiobooks] '1Q84' by Haruki Murakami — queued for retail match (3cd95383e913)
[22:24:09 INF] [PERF] 1Q84 - Allison Hiroto.mp3: Total=1475ms Hash=0ms (type=Audiobooks, confidence=86 %)
[22:24:09 INF] Detected: "Chronicles of the Titanium Orchard (2023).mp4" — queued for ingestion
[22:24:09 INF] Fingerprinted "Chronicles of the Titanium Orchard (2023).mp4" — sha256=516469e3… (0.3 KB)
[22:24:09 INF] Processed "Department of Clockwork Rain S01E01.mp4" via Unknown — 9 claims extracted (title='Department of Clockwork Rain')
[22:24:09 INF] Processed "Shogun S01E01.mp4" via Unknown — 9 claims extracted (title='Shogun')
[22:24:09 INF] Processed "Breaking Bad S01E01.mp4" via Unknown — 9 claims extracted (title='Breaking Bad')
[22:24:09 INF] Library folder prior override: assigned TV at 0.95 for C:\temp\tuvima-watch\tv\Shogun S01E01.mp4
[22:24:09 INF] Processed "Foundation - S01E03 - The Mathematician's Ghost.mp4" via Unknown — 10 claims extracted (title='The Mathematician's Ghost')
[22:24:09 INF] Media type auto-assigned: TV (95 %) for C:\temp\tuvima-watch\tv\Shogun S01E01.mp4
[22:24:09 INF] Processed "The Expanse S01E01.mp4" via Unknown — 9 claims extracted (title='The Expanse')
[22:24:09 INF] Processed "Breaking Bad - S03E01 - No Mas.mp4" via Unknown — 10 claims extracted (title='No Mas')
[22:24:09 INF] Processed "Severance.S01E04.The.You.You.Are.mp4" via Unknown — 10 claims extracted (title='The You You Are')
[22:24:09 INF] Library folder prior override: assigned TV at 0.95 for C:\temp\tuvima-watch\tv\Breaking Bad S01E01.mp4
[22:24:09 INF] Media type auto-assigned: TV (95 %) for C:\temp\tuvima-watch\tv\Breaking Bad S01E01.mp4
[22:24:09 INF] Library folder prior override: assigned TV at 0.95 for C:\temp\tuvima-watch\tv\The Expanse S01E01.mp4
[22:24:09 INF] Media type auto-assigned: TV (95 %) for C:\temp\tuvima-watch\tv\The Expanse S01E01.mp4
[22:24:09 INF] Library folder prior override: assigned TV at 0.95 for C:\temp\tuvima-watch\tv\Department of Clockwork Rain S01E01.mp4
[22:24:09 INF] Library folder prior override: assigned TV at 0.95 for C:\temp\tuvima-watch\tv\Severance\Season 01\Severance.S01E04.The.You.You.Are.mp4
[22:24:09 INF] Media type auto-assigned: TV (95 %) for C:\temp\tuvima-watch\tv\Severance\Season 01\Severance.S01E04.The.You.You.Are.mp4
[22:24:09 INF] Media type auto-assigned: TV (95 %) for C:\temp\tuvima-watch\tv\Department of Clockwork Rain S01E01.mp4
[22:24:09 INF] Processed "Breaking Bad S01E02.mp4" via Unknown — 9 claims extracted (title='Breaking Bad')
[22:24:09 INF] Library folder prior override: assigned TV at 0.95 for C:\temp\tuvima-watch\tv\Foundation\Season 01\Foundation - S01E03 - The Mathematician's Ghost.mp4
[22:24:09 INF] Processed "Breaking Bad - S02E01 - Seven Thirty-Seven.mp4" via Unknown — 10 claims extracted (title='Seven Thirty-Seven')
[22:24:09 INF] Media type auto-assigned: TV (95 %) for C:\temp\tuvima-watch\tv\Foundation\Season 01\Foundation - S01E03 - The Mathematician's Ghost.mp4
[22:24:09 INF] Processed "The Expanse - S02E01 - Safe.mp4" via Unknown — 10 claims extracted (title='Safe')
[22:24:09 INF] Processed "Shogun - S01E01 - Anjin.mp4" via Unknown — 11 claims extracted (title='Anjin')
[22:24:09 INF] Library folder prior override: assigned TV at 0.95 for C:\temp\tuvima-watch\tv\Breaking Bad\Season 03\Breaking Bad - S03E01 - No Mas.mp4
[22:24:09 INF] Media type auto-assigned: TV (95 %) for C:\temp\tuvima-watch\tv\Breaking Bad\Season 03\Breaking Bad - S03E01 - No Mas.mp4
[22:24:09 INF] Ingested [TV] 'Shogun' (confidence=63 %, hash=44d13e945447)
[22:24:09 INF] Processed "S01E01 - Chapter 1 - The Mandalorian.mp4" via Unknown — 10 claims extracted (title='Chapter 1 - The Mandalorian')
[22:24:09 INF] Processed "Blade Runner 2049 (2017).mp4" via Unknown — 4 claims extracted (title='Blade Runner 2049')
[22:24:09 INF] Processed "Chronicles of the Titanium Orchard (2023).mp4" via Unknown — 4 claims extracted (title='Chronicles of the Titanium Orchard')
[22:24:09 INF] Processed "Breaking Bad - S05E14 - Ozymandias.mp4" via Unknown — 10 claims extracted (title='Ozymandias')
[22:24:09 INF] Processed "Breaking Bad - S01E01 - Pilot.mp4" via Unknown — 10 claims extracted (title='Pilot')
[22:24:10 INF] Review: asset f286809c-bc8e-4579-a1cc-06992c67e2dc queued for review — trigger=LowConfidence
[22:24:10 INF] Identity job created for [TV] 'Shogun' — queued for retail match (f286809cbc8e)
[22:24:10 INF] [PERF] Shogun S01E01.mp4: Total=1121ms Hash=0ms (type=TV, confidence=63 %)
[22:24:10 INF] Detected: "Arrival (2016).mp4" — queued for ingestion
[22:24:10 INF] Fingerprinted "Arrival (2016).mp4" — sha256=ace81be8… (0.2 KB)
[22:24:10 INF] Ingested [TV] 'The Expanse' (confidence=63 %, hash=fec367169c17)
[22:24:10 INF] Processed "Arrival (2016).mp4" via Unknown — 4 claims extracted (title='Arrival')
[22:24:10 INF] Library folder prior override: assigned TV at 0.95 for C:\temp\tuvima-watch\tv\Breaking Bad\Season 02\Breaking Bad - S02E01 - Seven Thirty-Seven.mp4
[22:24:10 INF] Media type auto-assigned: TV (95 %) for C:\temp\tuvima-watch\tv\Breaking Bad\Season 02\Breaking Bad - S02E01 - Seven Thirty-Seven.mp4
[22:24:10 INF] Review: asset 4a26d848-d3cc-4da1-a329-00da0e843866 queued for review — trigger=LowConfidence
[22:24:10 INF] Library folder prior override: assigned Movies at 0.95 for C:\temp\tuvima-watch\movies\Chronicles of the Titanium Orchard (2023).mp4
[22:24:10 INF] Media type auto-assigned: Movies (95 %) for C:\temp\tuvima-watch\movies\Chronicles of the Titanium Orchard (2023).mp4
[22:24:10 INF] Cover art: downloaded poster for 'Neuromancer (Unabridged)' (719.8 KB) → C:\temp\tuvima-library\.data\assets\artwork\work\4a6b7f0c-898a-42e6-9f20-1048d7b28e83\cover\1cd1d6d2fdfa46f29571c344d9c0ab6b.jpg
[22:24:10 INF] Start processing HTTP request GET https://itunes.apple.com/search?*
[22:24:10 INF] Sending HTTP request GET https://itunes.apple.com/search?*
[22:24:10 INF] Identity job created for [TV] 'The Expanse' — queued for retail match (4a26d848d3cc)
[22:24:10 INF] Library folder prior override: assigned TV at 0.95 for C:\temp\tuvima-watch\tv\Breaking Bad S01E02.mp4
[22:24:10 INF] Media type auto-assigned: TV (95 %) for C:\temp\tuvima-watch\tv\Breaking Bad S01E02.mp4
[22:24:10 INF] Ingested [TV] 'Breaking Bad' (confidence=63 %, hash=9d307dbc493a)
[22:24:10 INF] Review: asset 9ef2e772-053a-4a91-834b-14d97942dd64 queued for review — trigger=LowConfidence
[22:24:10 INF] Library folder prior override: assigned Movies at 0.95 for C:\temp\tuvima-watch\movies\Arrival (2016).mp4
[22:24:10 INF] Media type auto-assigned: Movies (95 %) for C:\temp\tuvima-watch\movies\Arrival (2016).mp4
[22:24:10 INF] Wikidata: leased 1 job(s) for bridge resolution
[22:24:10 INF] Ingested [TV] 'Seven Thirty-Seven' (confidence=62 %, hash=c784b3f434f8)
[22:24:10 INF] Ingested [TV] 'Department of Clockwork Rain' (confidence=63 %, hash=92fc8f9574a5)
[22:24:10 INF]   Ingestion: assets=46/111, resolved=17/67, pending=50, claims=456, activeJobs=41, stable=0/4, jobStates=[Queued:39, RetailMatched:1, RetailSearching:1]
[22:24:10 INF] Identity job created for [TV] 'Breaking Bad' — queued for retail match (9ef2e772053a)
[22:24:10 INF] Library folder prior override: assigned TV at 0.95 for C:\temp\tuvima-watch\tv\Breaking Bad\Season 01\Breaking Bad - S01E01 - Pilot.mp4
[22:24:10 INF] Media type auto-assigned: TV (95 %) for C:\temp\tuvima-watch\tv\Breaking Bad\Season 01\Breaking Bad - S01E01 - Pilot.mp4
[22:24:10 INF] Review: asset 1b4f3b0f-8037-41ba-9822-eebb8b76431a queued for review — trigger=LowConfidence
[22:24:10 INF] Review: asset 0679bf39-9218-415a-ba74-8163ece7376f queued for review — trigger=LowConfidence
[22:24:10 INF] Ingested [TV] 'Pilot' (confidence=62 %, hash=af0b2a1ea6ea)
[22:24:10 INF] Review: asset 34d1c02e-6e28-4dc8-b2b3-d33bf8662c89 queued for review — trigger=LowConfidence
[22:24:10 INF] Identity job created for [TV] 'Pilot' — queued for retail match (34d1c02e6e28)
[22:24:10 INF] [PERF] Breaking Bad - S01E01 - Pilot.mp4: Total=1158ms Hash=0ms (type=TV, confidence=62 %)
[22:24:10 INF] Detected: "Interstellar (2014).mp4" — queued for ingestion
[22:24:10 INF] Fingerprinted "Interstellar (2014).mp4" — sha256=6c842393… (0.3 KB)
[22:24:10 INF] Received HTTP response headers after 162.5746ms - 200
[22:24:10 INF] Execution attempt. Source: 'apple_api-standard//Standard-Retry', Operation Key: 'null', Result: '200', Handled: 'False', Attempt: '0', Execution Time: 164.2538ms
[22:24:10 INF] End processing HTTP request after 165.3536ms - 200
[22:24:10 INF] Ingested [TV] 'No Mas' (confidence=62 %, hash=17684e370ad0)
[22:24:10 INF] Wikidata: dispatching 1 job(s) to ResolveBatchAsync - 0 music, 1 with bridge IDs, 0 non-music title-only request(s) expected to be skipped
[22:24:10 INF] Processed "Interstellar (2014).mp4" via Unknown — 4 claims extracted (title='Interstellar')
[22:24:10 INF] Review: asset 9b8c9288-45d0-43b1-b375-9e7f0fbc236e queued for review — trigger=LowConfidence
[22:24:10 INF] Identity job created for [TV] 'No Mas' — queued for retail match (9b8c928845d0)
[22:24:10 INF] [PERF] Breaking Bad - S03E01 - No Mas.mp4: Total=1314ms Hash=0ms (type=TV, confidence=62 %)
[22:24:10 INF] Detected: "The Matrix (1999).mp4" — queued for ingestion
[22:24:10 INF] Identity job created for [TV] 'Department of Clockwork Rain' — queued for retail match (0679bf399218)
[22:24:10 INF] [PERF] Department of Clockwork Rain S01E01.mp4: Total=1439ms Hash=0ms (type=TV, confidence=63 %)
[22:24:10 INF] Detected: "The Shawshank Redemption (1994).mp4" — queued for ingestion
[22:24:10 INF] Fingerprinted "The Matrix (1999).mp4" — sha256=87669713… (0.2 KB)
[22:24:10 INF] Ingested [TV] 'Breaking Bad' (confidence=63 %, hash=a5b2e733ab90)
[22:24:10 INF] Fingerprinted "The Shawshank Redemption (1994).mp4" — sha256=16018875… (0.3 KB)
[22:24:10 INF] Start processing HTTP request GET https://www.wikidata.org/w/api.php?*
[22:24:10 INF] Sending HTTP request GET https://www.wikidata.org/w/api.php?*
[22:24:10 INF] Ingested [Movies] 'Arrival' (confidence=70 %, hash=ace81be8c790)
[22:24:10 INF] Review: asset 1cfc2619-d90a-4716-81f6-3ffe251f8fe8 queued for review — trigger=LowConfidence
[22:24:10 INF] Identity job created for [TV] 'Breaking Bad' — queued for retail match (1cfc2619d90a)
[22:24:10 INF] [PERF] Breaking Bad S01E02.mp4: Total=1417ms Hash=0ms (type=TV, confidence=63 %)
[22:24:10 INF] Review: asset bd176bef-80e8-4dfd-a29b-eaf8bf6e96b6 queued for review — trigger=LowConfidence
[22:24:10 INF] Identity job created for [Movies] 'Arrival' — queued for retail match (bd176bef80e8)
[22:24:10 INF] [PERF] Arrival (2016).mp4: Total=431ms Hash=0ms (type=Movies, confidence=70 %)
[22:24:10 INF] Detected: "Spirited Away (2001).mp4" — queued for ingestion
[22:24:10 INF] Library folder prior override: assigned TV at 0.95 for C:\temp\tuvima-watch\tv\Breaking Bad\Season 05\Breaking Bad - S05E14 - Ozymandias.mp4
[22:24:10 INF] Media type auto-assigned: TV (95 %) for C:\temp\tuvima-watch\tv\Breaking Bad\Season 05\Breaking Bad - S05E14 - Ozymandias.mp4
[22:24:10 INF] [PERF] Breaking Bad S01E01.mp4: Total=1534ms Hash=0ms (type=TV, confidence=63 %)
[22:24:10 INF] Detected: "David Bowie - Five Years.flac" — queued for ingestion
[22:24:10 INF] Fingerprinted "Spirited Away (2001).mp4" — sha256=3901ed8d… (0.2 KB)
[22:24:10 INF] Processed "The Matrix (1999).mp4" via Unknown — 4 claims extracted (title='The Matrix')
[22:24:10 INF] Library folder prior override: assigned TV at 0.95 for C:\temp\tuvima-watch\tv\The Expanse\Season 02\The Expanse - S02E01 - Safe.mp4
[22:24:10 INF] Media type auto-assigned: TV (95 %) for C:\temp\tuvima-watch\tv\The Expanse\Season 02\The Expanse - S02E01 - Safe.mp4
[22:24:10 INF] Fingerprinted "David Bowie - Five Years.flac" — sha256=b3bb3025… (0.2 KB)
[22:24:10 INF] Processed "David Bowie - Five Years.flac" via Music — 8 claims extracted (title='Five Years')
[22:24:10 INF] Detected: "David Bowie - Beauty and the Beast.flac" — queued for ingestion
[22:24:10 INF] Ingested [TV] 'The Mathematician's Ghost' (confidence=62 %, hash=ebb568746004)
[22:24:10 INF] Processed "The Shawshank Redemption (1994).mp4" via Unknown — 4 claims extracted (title='The Shawshank Redemption')
[22:24:10 INF] Review: asset bd0d70cf-206c-4d46-a27b-467c0b479910 queued for review — trigger=LowConfidence
[22:24:10 INF] Identity job created for [TV] 'The Mathematician's Ghost' — queued for retail match (bd0d70cf206c)
[22:24:10 INF] [PERF] Foundation - S01E03 - The Mathematician's Ghost.mp4: Total=1478ms Hash=0ms (type=TV, confidence=62 %)
[22:24:10 INF] Detected: "Edvard Grieg - In the Hall of the Mountain King.flac" — queued for ingestion
[22:24:10 INF] Library folder prior override: assigned TV at 0.95 for C:\temp\tuvima-watch\tv\The Mandalorian\Season 01\S01E01 - Chapter 1 - The Mandalorian.mp4
[22:24:10 INF] Media type auto-assigned: TV (95 %) for C:\temp\tuvima-watch\tv\The Mandalorian\Season 01\S01E01 - Chapter 1 - The Mandalorian.mp4
[22:24:10 INF] Library folder prior override: assigned Movies at 0.95 for C:\temp\tuvima-watch\movies\Interstellar (2014).mp4
[22:24:10 INF] Media type auto-assigned: Movies (95 %) for C:\temp\tuvima-watch\movies\Interstellar (2014).mp4
[22:24:10 INF] Processed "Spirited Away (2001).mp4" via Unknown — 4 claims extracted (title='Spirited Away')
[22:24:10 INF] Ingested [TV] 'The You You Are' (confidence=62 %, hash=065acc3df2aa)
[22:24:10 INF] Library folder prior override: assigned TV at 0.95 for C:\temp\tuvima-watch\tv\Shogun (2024)\Season 01\Shogun - S01E01 - Anjin.mp4
[22:24:10 INF] Media type auto-assigned: TV (95 %) for C:\temp\tuvima-watch\tv\Shogun (2024)\Season 01\Shogun - S01E01 - Anjin.mp4
[22:24:10 INF] Ingested [TV] 'Ozymandias' (confidence=62 %, hash=3f991c3e62da)
[22:24:10 INF] Identity job created for [TV] 'Seven Thirty-Seven' — queued for retail match (1b4f3b0f8037)
[22:24:10 INF] [PERF] Breaking Bad - S02E01 - Seven Thirty-Seven.mp4: Total=1460ms Hash=0ms (type=TV, confidence=62 %)
[22:24:10 INF] Detected: "Spider-Man_ Into the Spider-Verse (2018).mp4" — queued for ingestion
[22:24:10 INF] Fingerprinted "Spider-Man_ Into the Spider-Verse (2018).mp4" — sha256=212bc2ab… (0.3 KB)
[22:24:10 INF] Ingested [Movies] 'Interstellar' (confidence=70 %, hash=6c842393a938)
[22:24:10 INF] Library folder prior override: assigned Movies at 0.95 for C:\temp\tuvima-watch\movies\Blade Runner 2049 (2017).mp4
[22:24:10 INF] Media type auto-assigned: Movies (95 %) for C:\temp\tuvima-watch\movies\Blade Runner 2049 (2017).mp4
[22:24:10 INF] Fingerprinted "Edvard Grieg - In the Hall of the Mountain King.flac" — sha256=bf4b7621… (0.2 KB)
[22:24:10 INF] Processed "Edvard Grieg - In the Hall of the Mountain King.flac" via Music — 8 claims extracted (title='In the Hall of the Mountain King')
[22:24:10 INF] Review: asset 9091ebad-62ad-4d20-8f40-90df04ee2838 queued for review — trigger=LowConfidence
[22:24:10 INF] Review: asset 9a65479d-f60d-4258-afde-de36146206de queued for review — trigger=LowConfidence
[22:24:10 INF] Review: asset a258b90e-b48a-4fcf-a710-49fc0cec8bb6 queued for review — trigger=LowConfidence
[22:24:10 INF] Identity job created for [Movies] 'Interstellar' — queued for retail match (a258b90eb48a)
[22:24:10 INF] Processed "Spider-Man_ Into the Spider-Verse (2018).mp4" via Unknown — 4 claims extracted (title='Spider-Man  Into the Spider-Verse')
[22:24:10 INF] Identity job created for [TV] 'The You You Are' — queued for retail match (9091ebad62ad)
[22:24:10 INF] Received HTTP response headers after 261.894ms - 200
[22:24:10 INF] End processing HTTP request after 262.7896ms - 200
[22:24:10 INF] [PERF] Interstellar (2014).mp4: Total=369ms Hash=0ms (type=Movies, confidence=70 %)
[22:24:10 INF] Detected: "Dave Brubeck - Take Five.flac" — queued for ingestion
[22:24:10 INF] Fingerprinted "Dave Brubeck - Take Five.flac" — sha256=497c39c5… (0.2 KB)
[22:24:10 INF] Processed "Dave Brubeck - Take Five.flac" via Music — 8 claims extracted (title='Take Five')
[22:24:10 INF] [PERF] Severance.S01E04.The.You.You.Are.mp4: Total=1655ms Hash=0ms (type=TV, confidence=62 %)
[22:24:10 INF] Detected: "Eminem - Lose Yourself.flac" — queued for ingestion
[22:24:10 INF] Fingerprinted "Eminem - Lose Yourself.flac" — sha256=c3727943… (0.2 KB)
[22:24:10 INF] Processed "Eminem - Lose Yourself.flac" via Music — 8 claims extracted (title='Lose Yourself')
[22:24:10 INF] Library folder prior override: assigned Movies at 0.95 for C:\temp\tuvima-watch\movies\Spirited Away (2001).mp4
[22:24:10 INF] Media type auto-assigned: Movies (95 %) for C:\temp\tuvima-watch\movies\Spirited Away (2001).mp4
[22:24:10 INF] Start processing HTTP request GET https://www.wikidata.org/w/api.php?*
[22:24:10 INF] Sending HTTP request GET https://www.wikidata.org/w/api.php?*
[22:24:10 INF] Library folder prior override: assigned Movies at 0.95 for C:\temp\tuvima-watch\movies\The Shawshank Redemption (1994).mp4
[22:24:10 INF] Media type auto-assigned: Movies (95 %) for C:\temp\tuvima-watch\movies\The Shawshank Redemption (1994).mp4
[22:24:10 INF] Ingested [Movies] 'Spirited Away' (confidence=70 %, hash=3901ed8d9fce)
[22:24:10 INF] Ingested [Movies] 'The Shawshank Redemption' (confidence=70 %, hash=1601887572cf)
[22:24:10 INF] Review: asset 8fb11234-0173-4e80-86c5-6560f8f52cd6 queued for review — trigger=LowConfidence
[22:24:10 INF] Identity job created for [Movies] 'Spirited Away' — queued for retail match (8fb112340173)
[22:24:10 INF] [PERF] Spirited Away (2001).mp4: Total=347ms Hash=12ms (type=Movies, confidence=70 %)
[22:24:10 INF] Library folder prior applied: boosted Music to 98 % for C:\temp\tuvima-watch\music\David Bowie - Five Years.flac (folder configured for [Music])
[22:24:10 INF] Media type auto-assigned: Music (98 %) for C:\temp\tuvima-watch\music\David Bowie - Five Years.flac
[22:24:10 INF] Library folder prior override: assigned Movies at 0.95 for C:\temp\tuvima-watch\movies\Spider-Man_ Into the Spider-Verse (2018).mp4
[22:24:10 INF] Media type auto-assigned: Movies (95 %) for C:\temp\tuvima-watch\movies\Spider-Man_ Into the Spider-Verse (2018).mp4
[22:24:10 INF] Review: asset 375ed275-5cad-4673-819c-efeaac946ea7 queued for review — trigger=LowConfidence
[22:24:10 INF] Identity job created for [Movies] 'The Shawshank Redemption' — queued for retail match (375ed2755cad)
[22:24:10 INF] Library folder prior override: assigned Movies at 0.95 for C:\temp\tuvima-watch\movies\The Matrix (1999).mp4
[22:24:10 INF] Media type auto-assigned: Movies (95 %) for C:\temp\tuvima-watch\movies\The Matrix (1999).mp4
[22:24:10 INF] Library folder prior applied: boosted Music to 98 % for C:\temp\tuvima-watch\music\Dave Brubeck - Take Five.flac (folder configured for [Music])
[22:24:10 INF] Media type auto-assigned: Music (98 %) for C:\temp\tuvima-watch\music\Dave Brubeck - Take Five.flac
[22:24:10 INF] Ingested [Movies] 'The Matrix' (confidence=70 %, hash=876697136825)
[22:24:10 INF] Ingested [Music] 'Five Years' (confidence=85 %, hash=b3bb30256614)
[22:24:10 INF] Identity job created for [Music] 'Five Years' by David Bowie — queued for retail match (6b3f6fc5c9ab)
[22:24:10 INF] Ingested [TV] 'Chapter 1 - The Mandalorian' (confidence=61 %, hash=dec0c9d43e81)
[22:24:10 INF] Review: asset d21d89d9-4f4f-4055-a697-24a141ea585f queued for review — trigger=LowConfidence
[22:24:10 INF] Identity job created for [Movies] 'The Matrix' — queued for retail match (d21d89d94f4f)
[22:24:10 INF] [PERF] The Matrix (1999).mp4: Total=456ms Hash=6ms (type=Movies, confidence=70 %)
[22:24:10 INF] Detected: "Hans Zimmer - Time.flac" — queued for ingestion
[22:24:10 INF] Review: asset 55ac941a-3a8e-4155-aa6d-597c78713640 queued for review — trigger=LowConfidence
[22:24:10 INF] Identity job created for [TV] 'Chapter 1 - The Mandalorian' — queued for retail match (55ac941a3a8e)
[22:24:10 INF] [PERF] S01E01 - Chapter 1 - The Mandalorian.mp4: Total=1544ms Hash=0ms (type=TV, confidence=61 %)
[22:24:10 INF] Detected: "Hans Zimmer - Cornfield Chase.flac" — queued for ingestion
[22:24:10 INF] Ingested [Movies] 'Spider-Man  Into the Spider-Verse' (confidence=70 %, hash=212bc2ab6613)
[22:24:10 INF] Review: asset 92dfc2c3-d4e0-46db-a54c-63a7e7c457db queued for review — trigger=LowConfidence
[22:24:10 INF] Identity job created for [Movies] 'Spider-Man  Into the Spider-Verse' — queued for retail match (92dfc2c3d4e0)
[22:24:10 INF] [PERF] Spider-Man_ Into the Spider-Verse (2018).mp4: Total=262ms Hash=0ms (type=Movies, confidence=70 %)
[22:24:10 INF] Detected: "Hanson - MMMBop.flac" — queued for ingestion
[22:24:10 INF] Received HTTP response headers after 103.4686ms - 200
[22:24:10 INF] End processing HTTP request after 104.3391ms - 200
[22:24:10 INF] Library folder prior applied: boosted Music to 98 % for C:\temp\tuvima-watch\music\Eminem - Lose Yourself.flac (folder configured for [Music])
[22:24:10 INF] Media type auto-assigned: Music (98 %) for C:\temp\tuvima-watch\music\Eminem - Lose Yourself.flac
[22:24:10 INF] Fingerprinted "Hans Zimmer - Time.flac" — sha256=ef151d35… (0.2 KB)
[22:24:10 INF] Processed "Hans Zimmer - Time.flac" via Music — 8 claims extracted (title='Time')
[22:24:10 INF] Ingested [Music] 'Lose Yourself' (confidence=85 %, hash=c37279434233)
[22:24:10 INF] Library folder prior applied: boosted Music to 98 % for C:\temp\tuvima-watch\music\Edvard Grieg - In the Hall of the Mountain King.flac (folder configured for [Music])
[22:24:10 INF] Media type auto-assigned: Music (98 %) for C:\temp\tuvima-watch\music\Edvard Grieg - In the Hall of the Mountain King.flac
[22:24:10 INF] Ingested [TV] 'Safe' (confidence=62 %, hash=71932f81db7e)
[22:24:10 INF] Fingerprinted "Hans Zimmer - Cornfield Chase.flac" — sha256=3949d3ce… (0.2 KB)
[22:24:10 INF] Processed "Hans Zimmer - Cornfield Chase.flac" via Music — 8 claims extracted (title='Cornfield Chase')
[22:24:10 INF] Fingerprinted "Hanson - MMMBop.flac" — sha256=999b6d78… (0.2 KB)
[22:24:10 INF] Processed "Hanson - MMMBop.flac" via Music — 8 claims extracted (title='MMMBop')
[22:24:10 INF] Identity job created for [Music] 'Lose Yourself' by Eminem — queued for retail match (44e062a15867)
[22:24:10 INF] [PERF] Eminem - Lose Yourself.flac: Total=228ms Hash=0ms (type=Music, confidence=85 %)
[22:24:10 INF] Detected: "Eminem - Stan.flac" — queued for ingestion
[22:24:10 INF] Fingerprinted "Eminem - Stan.flac" — sha256=6320319e… (0.2 KB)
[22:24:10 INF] Processed "Eminem - Stan.flac" via Music — 8 claims extracted (title='Stan')
[22:24:11 INF] Ingested [Music] 'In the Hall of the Mountain King' (confidence=85 %, hash=bf4b7621b168)
[22:24:11 INF] Identity job created for [Music] 'In the Hall of the Mountain King' by Edvard Grieg — queued for retail match (cdc1c6b524e5)
[22:24:11 INF] [PERF] Edvard Grieg - In the Hall of the Mountain King.flac: Total=457ms Hash=0ms (type=Music, confidence=85 %)
[22:24:11 INF] Detected: "Hans Zimmer - Dreaming of the Crash.flac" — queued for ingestion
[22:24:11 INF] Fingerprinted "Hans Zimmer - Dreaming of the Crash.flac" — sha256=40bea2b4… (0.2 KB)
[22:24:11 INF] Processed "Hans Zimmer - Dreaming of the Crash.flac" via Music — 8 claims extracted (title='Dreaming of the Crash')
[22:24:11 INF] Review: asset f5186439-0ae2-4642-a073-79ce7e833c14 queued for review — trigger=LowConfidence
[22:24:11 INF] Identity job created for [TV] 'Safe' — queued for retail match (f51864390ae2)
[22:24:11 INF] Detected: "Claude Debussy - Clair de Lune.flac" — queued for ingestion
[22:24:11 INF] Fingerprinted "Claude Debussy - Clair de Lune.flac" — sha256=e1347432… (0.2 KB)
[22:24:11 INF] Processed "Claude Debussy - Clair de Lune.flac" via Music — 8 claims extracted (title='Clair de Lune')
[22:24:11 INF] Ingested [Music] 'Take Five' (confidence=85 %, hash=497c39c568d4)
[22:24:11 INF] Identity job created for [Music] 'Take Five' by Dave Brubeck — queued for retail match (416194614ba2)
[22:24:11 INF] [PERF] Dave Brubeck - Take Five.flac: Total=356ms Hash=0ms (type=Music, confidence=85 %)
[22:24:11 INF] Detected: "John Cage - 4'33_.flac" — queued for ingestion
[22:24:11 INF] Fingerprinted "John Cage - 4'33_.flac" — sha256=dc165118… (0.2 KB)
[22:24:11 INF] Ingested [Movies] 'Blade Runner 2049' (confidence=70 %, hash=6c507bc9354b)
[22:24:11 INF] [PERF] David Bowie - Five Years.flac: Total=586ms Hash=12ms (type=Music, confidence=85 %)
[22:24:11 INF] Detected: "Ludovico Einaudi - Nuvole Bianche.flac" — queued for ingestion
[22:24:11 INF] Processed "John Cage - 4'33_.flac" via Music — 8 claims extracted (title='4'33"')
[22:24:11 INF] Fingerprinted "Ludovico Einaudi - Nuvole Bianche.flac" — sha256=7d2fc49b… (0.2 KB)
[22:24:11 INF] Start processing HTTP request GET https://www.wikidata.org/w/api.php?*
[22:24:11 INF] Sending HTTP request GET https://www.wikidata.org/w/api.php?*
[22:24:11 INF] Processed "Ludovico Einaudi - Nuvole Bianche.flac" via Music — 8 claims extracted (title='Nuvole Bianche')
[22:24:11 INF] [PERF] The Shawshank Redemption (1994).mp4: Total=710ms Hash=21ms (type=Movies, confidence=70 %)
[22:24:11 INF] Detected: "Kendrick Lamar - BLOOD..flac" — queued for ingestion
[22:24:11 INF] Fingerprinted "Kendrick Lamar - BLOOD..flac" — sha256=95f29cfa… (0.2 KB)
[22:24:11 INF] Processed "Kendrick Lamar - BLOOD..flac" via Music — 8 claims extracted (title='BLOOD.')
[22:24:11 INF] Ingested [TV] 'Anjin' (confidence=61 %, hash=11d46b69e4f1)
[22:24:11 INF] [PERF] The Expanse - S02E01 - Safe.mp4: Total=1887ms Hash=0ms (type=TV, confidence=62 %)
[22:24:11 INF] Detected: "John Williams - The Imperial March.flac" — queued for ingestion
[22:24:11 INF] Fingerprinted "John Williams - The Imperial March.flac" — sha256=b2ae4435… (0.2 KB)
[22:24:11 INF] Processed "John Williams - The Imperial March.flac" via Music — 8 claims extracted (title='The Imperial March')
[22:24:11 INF] Received HTTP response headers after 78.1014ms - 200
[22:24:11 INF] End processing HTTP request after 79.4804ms - 200
[22:24:11 INF] Start processing HTTP request GET https://itunes.apple.com/search?*
[22:24:11 INF] Sending HTTP request GET https://itunes.apple.com/search?*
[22:24:11 INF] Start processing HTTP request GET https://itunes.apple.com/lookup?*
[22:24:11 INF] Sending HTTP request GET https://itunes.apple.com/lookup?*
[22:24:11 INF] Identity job created for [TV] 'Ozymandias' — queued for retail match (9a65479df60d)
[22:24:11 INF] [PERF] Breaking Bad - S05E14 - Ozymandias.mp4: Total=1957ms Hash=0ms (type=TV, confidence=62 %)
[22:24:11 INF] TV: grouping 1 episode(s) into 1 show/season group(s) for retail match
[22:24:11 INF] Detected: "John Lennon - Imagine.flac" — queued for ingestion
[22:24:11 INF] Fingerprinted "John Lennon - Imagine.flac" — sha256=cd1fb751… (0.2 KB)
[22:24:11 INF] Processed "John Lennon - Imagine.flac" via Music — 8 claims extracted (title='Imagine')
[22:24:11 INF] Ingested [Movies] 'Chronicles of the Titanium Orchard' (confidence=70 %, hash=516469e30add)
[22:24:11 INF] Review: asset f97f0634-e100-4bad-9058-30de1adad83c queued for review — trigger=LowConfidence
[22:24:11 INF] Library folder prior applied: boosted Music to 98 % for C:\temp\tuvima-watch\music\Hanson - MMMBop.flac (folder configured for [Music])
[22:24:11 INF] Media type auto-assigned: Music (98 %) for C:\temp\tuvima-watch\music\Hanson - MMMBop.flac
[22:24:11 INF] Received HTTP response headers after 103.402ms - 200
[22:24:11 INF] Execution attempt. Source: 'apple_api-standard//Standard-Retry', Operation Key: 'null', Result: '200', Handled: 'False', Attempt: '0', Execution Time: 103.8586ms
[22:24:11 INF] End processing HTTP request after 104.5204ms - 200
[22:24:11 INF] Start processing HTTP request GET https://itunes.apple.com/search?*
[22:24:11 INF] apple_api/isbn_lookup: zero results from API, trying next strategy
[22:24:11 INF] Sending HTTP request GET https://itunes.apple.com/search?*
[22:24:11 INF] Review: asset 591d394f-e8e2-4805-a893-7354afb90477 queued for review — trigger=LowConfidence
[22:24:11 INF] Identity job created for [TV] 'Anjin' — queued for retail match (591d394fe8e2)
[22:24:11 INF] [PERF] Shogun - S01E01 - Anjin.mp4: Total=2125ms Hash=1ms (type=TV, confidence=61 %)
[22:24:11 INF] Detected: "John Williams - Across the Stars.flac" — queued for ingestion
[22:24:11 INF] Fingerprinted "John Williams - Across the Stars.flac" — sha256=6bb5c581… (0.2 KB)
[22:24:11 INF] Processed "John Williams - Across the Stars.flac" via Music — 8 claims extracted (title='Across the Stars')
[22:24:11 INF] Received HTTP response headers after 148.2877ms - 200
[22:24:11 INF] Identity job created for [Movies] 'Blade Runner 2049' — queued for retail match (f97f0634e100)
[22:24:11 INF] Execution attempt. Source: 'apple_api-standard//Standard-Retry', Operation Key: 'null', Result: '200', Handled: 'False', Attempt: '0', Execution Time: 149.421ms
[22:24:11 INF] End processing HTTP request after 152.0389ms - 200
[22:24:11 INF] [PERF] Blade Runner 2049 (2017).mp4: Total=2074ms Hash=0ms (type=Movies, confidence=70 %)
[22:24:11 INF] Start processing HTTP request GET https://itunes.apple.com/search?*
[22:24:11 INF] Sending HTTP request GET https://itunes.apple.com/search?*
[22:24:11 INF] Detected: "Ludwig van Beethoven - Für Elise.flac" — queued for ingestion
[22:24:11 INF] Fingerprinted "Ludwig van Beethoven - Für Elise.flac" — sha256=a81281dc… (0.2 KB)
[22:24:11 INF] Processed "Ludwig van Beethoven - Für Elise.flac" via Music — 8 claims extracted (title='Für Elise')
[22:24:11 INF] Review: asset 0126b7f1-ff1f-4200-b841-9510c7f24bb0 queued for review — trigger=LowConfidence
[22:24:11 INF] Library folder prior applied: boosted Music to 98 % for C:\temp\tuvima-watch\music\Hans Zimmer - Dreaming of the Crash.flac (folder configured for [Music])
[22:24:11 INF] Media type auto-assigned: Music (98 %) for C:\temp\tuvima-watch\music\Hans Zimmer - Dreaming of the Crash.flac
[22:24:11 INF] Identity job created for [Movies] 'Chronicles of the Titanium Orchard' — queued for retail match (0126b7f1ff1f)
[22:24:11 INF] [PERF] Chronicles of the Titanium Orchard (2023).mp4: Total=2007ms Hash=0ms (type=Movies, confidence=70 %)
[22:24:11 INF] Detected: "Queen - Death on Two Legs.flac" — queued for ingestion
[22:24:11 INF] Fingerprinted "Queen - Death on Two Legs.flac" — sha256=f3f8d773… (0.2 KB)
[22:24:11 INF] Processed "Queen - Death on Two Legs.flac" via Music — 8 claims extracted (title='Death on Two Legs')
[22:24:11 INF] Library folder prior applied: boosted Music to 98 % for C:\temp\tuvima-watch\music\Kendrick Lamar - BLOOD..flac (folder configured for [Music])
[22:24:11 INF] Media type auto-assigned: Music (98 %) for C:\temp\tuvima-watch\music\Kendrick Lamar - BLOOD..flac
[22:24:11 INF] Library folder prior applied: boosted Music to 98 % for C:\temp\tuvima-watch\music\Hans Zimmer - Cornfield Chase.flac (folder configured for [Music])
[22:24:11 INF] Media type auto-assigned: Music (98 %) for C:\temp\tuvima-watch\music\Hans Zimmer - Cornfield Chase.flac
[22:24:11 INF] Start processing HTTP request GET https://www.wikidata.org/w/api.php?*
[22:24:11 INF] Sending HTTP request GET https://www.wikidata.org/w/api.php?*
[22:24:11 INF] Library folder prior applied: boosted Music to 98 % for C:\temp\tuvima-watch\music\John Cage - 4'33_.flac (folder configured for [Music])
[22:24:11 INF] Media type auto-assigned: Music (98 %) for C:\temp\tuvima-watch\music\John Cage - 4'33_.flac
[22:24:11 INF] Received HTTP response headers after 141.8288ms - 200
[22:24:11 INF] Execution attempt. Source: 'apple_api-standard//Standard-Retry', Operation Key: 'null', Result: '200', Handled: 'False', Attempt: '0', Execution Time: 142.531ms
[22:24:11 INF] End processing HTTP request after 143.0603ms - 200
[22:24:11 INF] Library folder prior applied: boosted Music to 98 % for C:\temp\tuvima-watch\music\Eminem - Stan.flac (folder configured for [Music])
[22:24:11 INF] Media type auto-assigned: Music (98 %) for C:\temp\tuvima-watch\music\Eminem - Stan.flac
[22:24:11 INF] Library folder prior applied: boosted Music to 98 % for C:\temp\tuvima-watch\music\Hans Zimmer - Time.flac (folder configured for [Music])
[22:24:11 INF] [PERF] The Expanse S01E01.mp4: Total=2420ms Hash=0ms (type=TV, confidence=63 %)
[22:24:11 INF] Media type auto-assigned: Music (98 %) for C:\temp\tuvima-watch\music\Hans Zimmer - Time.flac
[22:24:11 INF] Detected: "Queen - Bohemian Rhapsody.flac" — queued for ingestion
[22:24:11 INF] Fingerprinted "Queen - Bohemian Rhapsody.flac" — sha256=526d83fd… (0.2 KB)
[22:24:11 INF] Processed "Queen - Bohemian Rhapsody.flac" via Music — 8 claims extracted (title='Bohemian Rhapsody')
[22:24:11 INF] Library folder prior applied: boosted Music to 98 % for C:\temp\tuvima-watch\music\John Lennon - Imagine.flac (folder configured for [Music])
[22:24:11 INF] Media type auto-assigned: Music (98 %) for C:\temp\tuvima-watch\music\John Lennon - Imagine.flac
[22:24:11 INF] Received HTTP response headers after 66.4717ms - 200
[22:24:11 INF] End processing HTTP request after 67.3081ms - 200
[22:24:11 INF] Received HTTP response headers after 165.7957ms - 200
[22:24:11 INF] Execution attempt. Source: 'apple_api-standard//Standard-Retry', Operation Key: 'null', Result: '200', Handled: 'False', Attempt: '0', Execution Time: 166.2874ms
[22:24:11 INF] End processing HTTP request after 167.245ms - 200
[22:24:11 INF] Ingested [Music] 'Dreaming of the Crash' (confidence=85 %, hash=40bea2b4f6ee)
[22:24:11 INF] Identity job created for [Music] 'Dreaming of the Crash' by Hans Zimmer — queued for retail match (5683e6f13c19)
[22:24:11 INF] [PERF] Hans Zimmer - Dreaming of the Crash.flac: Total=561ms Hash=0ms (type=Music, confidence=85 %)
[22:24:11 INF] Detected: "Queen - You're My Best Friend.flac" — queued for ingestion
[22:24:11 INF] Ingested [Music] 'BLOOD.' (confidence=85 %, hash=95f29cfa1890)
[22:24:11 INF] Identity job created for [Music] 'BLOOD.' by Kendrick Lamar — queued for retail match (b228d3dbf1fb)
[22:24:11 INF] [PERF] Kendrick Lamar - BLOOD..flac: Total=410ms Hash=0ms (type=Music, confidence=85 %)
[22:24:11 INF] Detected: "Queen - We Will Rock You.flac" — queued for ingestion
[22:24:11 INF] Fingerprinted "Queen - We Will Rock You.flac" — sha256=74e969e8… (0.2 KB)
[22:24:11 INF] Library folder prior applied: boosted Music to 98 % for C:\temp\tuvima-watch\music\John Williams - Across the Stars.flac (folder configured for [Music])
[22:24:11 INF] Media type auto-assigned: Music (98 %) for C:\temp\tuvima-watch\music\John Williams - Across the Stars.flac
[22:24:11 INF] Library folder prior applied: boosted Music to 98 % for C:\temp\tuvima-watch\music\Ludwig van Beethoven - Für Elise.flac (folder configured for [Music])
[22:24:11 INF] Media type auto-assigned: Music (98 %) for C:\temp\tuvima-watch\music\Ludwig van Beethoven - Für Elise.flac
[22:24:11 INF] Fingerprinted "David Bowie - Beauty and the Beast.flac" — sha256=172d3b0d… (0.2 KB)
[22:24:11 INF] Library folder prior applied: boosted Music to 98 % for C:\temp\tuvima-watch\music\Queen - Bohemian Rhapsody.flac (folder configured for [Music])
[22:24:11 INF] Media type auto-assigned: Music (98 %) for C:\temp\tuvima-watch\music\Queen - Bohemian Rhapsody.flac
[22:24:11 INF] Processed "Queen - We Will Rock You.flac" via Music — 8 claims extracted (title='We Will Rock You')
[22:24:11 INF] Fingerprinted "Queen - You're My Best Friend.flac" — sha256=ad49bbf9… (0.2 KB)
[22:24:11 INF] Processed "Queen - You're My Best Friend.flac" via Music — 8 claims extracted (title='You're My Best Friend')
[22:24:11 INF] Ingested [Music] 'MMMBop' (confidence=85 %, hash=999b6d78439c)
[22:24:11 INF] Identity job created for [Music] 'MMMBop' by Hanson — queued for retail match (803f66c1fcec)
[22:24:11 INF] [PERF] Hanson - MMMBop.flac: Total=807ms Hash=56ms (type=Music, confidence=85 %)
[22:24:11 INF] Detected: "Queen - We Are the Champions.flac" — queued for ingestion
[22:24:11 INF] Retail match found for entity 2eeb4d48-ea39-4141-9074-a5bc7a7f69d4: 'Harry Potter and the Philosopher's Stone' from apple_api (score: 1.00)
[22:24:11 INF] Processed "David Bowie - Beauty and the Beast.flac" via Music — 8 claims extracted (title='Beauty and the Beast')
[22:24:11 INF] Library folder prior applied: boosted Music to 98 % for C:\temp\tuvima-watch\music\John Williams - The Imperial March.flac (folder configured for [Music])
[22:24:11 INF] Media type auto-assigned: Music (98 %) for C:\temp\tuvima-watch\music\John Williams - The Imperial March.flac
[22:24:11 INF] Post-pipeline confidence for entity 2eeb4d48-ea39-4141-9074-a5bc7a7f69d4: 0.88
[22:24:11 INF] Auto-resolving AmbiguousMediaType review for entity 2eeb4d48-ea39-4141-9074-a5bc7a7f69d4 (confidence: 0.88)
[22:24:11 INF] Fingerprinted "Queen - We Are the Champions.flac" — sha256=b006057c… (0.2 KB)
[22:24:11 INF] Entity 2eeb4d48-ea39-4141-9074-a5bc7a7f69d4 meets organization threshold (0.88 >= 0.70), promoting
[22:24:11 INF] Processed "Queen - We Are the Champions.flac" via Music — 8 claims extracted (title='We Are the Champions')
[22:24:11 INF] Moved C:\temp\tuvima-watch\books\Harry Potter and the Philosopher's Stone - Stephen Fry.mp3 → C:\temp\tuvima-library\Audiobooks/Unknown/Harry Potter and the Philosopher's Stone (2024)/Harry Potter and the Philosopher's Stone.mp3
[22:24:11 INF] Ingested [Music] '4'33"' (confidence=85 %, hash=dc165118fb22)
[22:24:11 INF] Identity job created for [Music] '4'33"' by John Cage — queued for retail match (e20e7f5d21f7)
[22:24:11 INF] [PERF] John Cage - 4'33_.flac: Total=665ms Hash=0ms (type=Music, confidence=85 %)
[22:24:11 INF] Detected: "Nirvana - Smells Like Teen Spirit.flac" — queued for ingestion
[22:24:11 INF] Fingerprinted "Nirvana - Smells Like Teen Spirit.flac" — sha256=e38ff4eb… (0.2 KB)
[22:24:11 INF] Processed "Nirvana - Smells Like Teen Spirit.flac" via Music — 8 claims extracted (title='Smells Like Teen Spirit')
[22:24:11 INF] Promoted asset 2eeb4d48-ea39-4141-9074-a5bc7a7f69d4 from staging to library: C:\temp\tuvima-watch\books\Harry Potter and the Philosopher's Stone - Stephen Fry.mp3 → C:\temp\tuvima-library\Audiobooks/Unknown/Harry Potter and the Philosopher's Stone (2024)/Harry Potter and the Philosopher's Stone.mp3
[22:24:11 INF] Cover art: downloading 'Harry Potter and the Philosopher's Stone' from https://is1-ssl.mzstatic.com/image/thumb/Music221/v4/ab/59/d2/ab59d20f-e1d0-0294-6fe2-ea06bf474f55/9781789392333.jpg/9999x9999bb.jpg → C:\temp\tuvima-library\.data\assets\artwork\work\f7d29ff9-faa1-4105-b5e9-3b2414a15fe1\cover\6f789f784110459fa6cacc9ecdcfc95a.jpg
[22:24:11 INF] Start processing HTTP request GET https://is1-ssl.mzstatic.com/image/thumb/Music221/v4/ab/59/d2/ab59d20f-e1d0-0294-6fe2-ea06bf474f55/9781789392333.jpg/9999x9999bb.jpg
[22:24:11 INF] Sending HTTP request GET https://is1-ssl.mzstatic.com/image/thumb/Music221/v4/ab/59/d2/ab59d20f-e1d0-0294-6fe2-ea06bf474f55/9781789392333.jpg/9999x9999bb.jpg
[22:24:11 INF] Ingested [Music] 'Imagine' (confidence=85 %, hash=cd1fb75147c8)
[22:24:11 INF] Identity job created for [Music] 'Imagine' by John Lennon — queued for retail match (7f38362bc35c)
[22:24:11 INF] [PERF] John Lennon - Imagine.flac: Total=549ms Hash=0ms (type=Music, confidence=85 %)
[22:24:11 INF] Detected: "Queen - Seaside Rendezvous.flac" — queued for ingestion
[22:24:11 INF] Library folder prior applied: boosted Music to 98 % for C:\temp\tuvima-watch\music\Ludovico Einaudi - Nuvole Bianche.flac (folder configured for [Music])
[22:24:11 INF] Media type auto-assigned: Music (98 %) for C:\temp\tuvima-watch\music\Ludovico Einaudi - Nuvole Bianche.flac
[22:24:11 INF] Start processing HTTP request GET https://www.wikidata.org/w/api.php?*
[22:24:11 INF] Sending HTTP request GET https://www.wikidata.org/w/api.php?*
[22:24:11 INF] Ingested [Music] 'Time' (confidence=85 %, hash=ef151d35d3d0)
[22:24:11 INF] Identity job created for [Music] 'Time' by Hans Zimmer — queued for retail match (75d29010a3e0)
[22:24:11 INF] [PERF] Hans Zimmer - Time.flac: Total=943ms Hash=27ms (type=Music, confidence=85 %)
[22:24:11 INF] Detected: "Professor Thimblewick - Nebula Teacup Waltz.flac" — queued for ingestion
[22:24:11 INF] Fingerprinted "Professor Thimblewick - Nebula Teacup Waltz.flac" — sha256=b5cb5d58… (0.2 KB)
[22:24:11 INF] Processed "Professor Thimblewick - Nebula Teacup Waltz.flac" via Music — 8 claims extracted (title='Nebula Teacup Waltz')
[22:24:11 INF] Library folder prior applied: boosted Music to 98 % for C:\temp\tuvima-watch\music\Queen - Death on Two Legs.flac (folder configured for [Music])
[22:24:11 INF] Media type auto-assigned: Music (98 %) for C:\temp\tuvima-watch\music\Queen - Death on Two Legs.flac
[22:24:11 INF] Ingested [Music] 'Across the Stars' (confidence=85 %, hash=6bb5c5819af2)
[22:24:11 INF] Identity job created for [Music] 'Across the Stars' by John Williams — queued for retail match (9756e2f4ec9b)
[22:24:11 INF] Library folder prior applied: boosted Music to 98 % for C:\temp\tuvima-watch\music\Claude Debussy - Clair de Lune.flac (folder configured for [Music])
[22:24:11 INF] Media type auto-assigned: Music (98 %) for C:\temp\tuvima-watch\music\Claude Debussy - Clair de Lune.flac
[22:24:11 INF] Received HTTP response headers after 67.2705ms - 200
[22:24:11 INF] End processing HTTP request after 69.5859ms - 200
[22:24:11 INF] Ingested [Music] 'Cornfield Chase' (confidence=85 %, hash=3949d3ce43b5)
[22:24:11 INF] Identity job created for [Music] 'Cornfield Chase' by Hans Zimmer — queued for retail match (c5edf3a5983c)
[22:24:11 INF] [PERF] Hans Zimmer - Cornfield Chase.flac: Total=1002ms Hash=68ms (type=Music, confidence=85 %)
[22:24:11 INF] Detected: "Queen - Love of My Life.flac" — queued for ingestion
[22:24:11 INF] Fingerprinted "Queen - Love of My Life.flac" — sha256=4f822bde… (0.2 KB)
[22:24:11 INF] Processed "Queen - Love of My Life.flac" via Music — 8 claims extracted (title='Love of My Life')
[22:24:11 INF] Fingerprinted "Queen - Seaside Rendezvous.flac" — sha256=9db5c495… (0.2 KB)
[22:24:11 INF] [PERF] John Williams - Across the Stars.flac: Total=563ms Hash=0ms (type=Music, confidence=85 %)
[22:24:11 INF] Detected: "Queen & David Bowie - Under Pressure.flac" — queued for ingestion
[22:24:11 INF] Fingerprinted "Queen & David Bowie - Under Pressure.flac" — sha256=9d0b96b2… (0.2 KB)
[22:24:11 INF] Processed "Queen & David Bowie - Under Pressure.flac" via Music — 8 claims extracted (title='Under Pressure')
[22:24:11 INF] Ingested [Music] 'Stan' (confidence=85 %, hash=6320319e38f2)
[22:24:11 INF] Identity job created for [Music] 'Stan' by Eminem — queued for retail match (b5c0bf379139)
[22:24:11 INF] [PERF] Eminem - Stan.flac: Total=995ms Hash=0ms (type=Music, confidence=85 %)
[22:24:11 INF] Detected: "Nena - 99 Luftballons.flac" — queued for ingestion
[22:24:11 INF] Fingerprinted "Nena - 99 Luftballons.flac" — sha256=7b422418… (0.2 KB)
[22:24:11 INF] Processed "Nena - 99 Luftballons.flac" via Music — 8 claims extracted (title='99 Luftballons')
[22:24:12 INF] Processed "Queen - Seaside Rendezvous.flac" via Music — 8 claims extracted (title='Seaside Rendezvous')
[22:24:12 INF] Ingested [Music] 'Bohemian Rhapsody' (confidence=85 %, hash=526d83fddefd)
[22:24:12 INF] Identity job created for [Music] 'Bohemian Rhapsody' by Queen — queued for retail match (665341cde9a3)
[22:24:12 INF] [PERF] Queen - Bohemian Rhapsody.flac: Total=530ms Hash=0ms (type=Music, confidence=85 %)
[22:24:12 INF] Detected: "Batman_ Year One Part 4.cbz" — queued for ingestion
[22:24:12 INF] Fingerprinted "Batman_ Year One Part 4.cbz" — sha256=9f5b61e4… (7.7 KB)
[22:24:12 INF] Received HTTP response headers after 273.3332ms - 200
[22:24:12 INF] Execution attempt. Source: 'cover_download-standard//Standard-Retry', Operation Key: 'null', Result: '200', Handled: 'False', Attempt: '0', Execution Time: 273.8538ms
[22:24:12 INF] End processing HTTP request after 274.3885ms - 200
[22:24:12 INF] Ingested [Music] 'The Imperial March' (confidence=85 %, hash=b2ae4435d92c)
[22:24:12 INF] Identity job created for [Music] 'The Imperial March' by John Williams — queued for retail match (134a92be4c8a)
[22:24:12 INF] [PERF] John Williams - The Imperial March.flac: Total=840ms Hash=0ms (type=Music, confidence=85 %)
[22:24:12 INF] Detected: "The Beatles - Something.flac" — queued for ingestion
[22:24:12 INF] Ingested [Music] 'Für Elise' (confidence=85 %, hash=a81281dc53d4)
[22:24:12 INF] Identity job created for [Music] 'Für Elise' by Ludwig van Beethoven — queued for retail match (305d9afff4eb)
[22:24:12 INF] Fingerprinted "The Beatles - Something.flac" — sha256=3f3821a1… (0.2 KB)
[22:24:12 INF] Processed "The Beatles - Something.flac" via Music — 8 claims extracted (title='Something')
[22:24:12 INF] [PERF] Ludwig van Beethoven - Für Elise.flac: Total=720ms Hash=0ms (type=Music, confidence=85 %)
[22:24:12 INF] Detected: "Batman_ Year One Part 2.cbz" — queued for ingestion
[22:24:12 INF] Fingerprinted "Batman_ Year One Part 2.cbz" — sha256=0c046faa… (7.2 KB)
[22:24:12 INF] Start processing HTTP request GET https://www.wikidata.org/w/api.php?*
[22:24:12 INF] Sending HTTP request GET https://www.wikidata.org/w/api.php?*
[22:24:12 INF] Ingested [Music] 'Nuvole Bianche' (confidence=85 %, hash=7d2fc49bef9f)
[22:24:12 INF] Identity job created for [Music] 'Nuvole Bianche' by Ludovico Einaudi — queued for retail match (d7ca1db5a25b)
[22:24:12 INF] [PERF] Ludovico Einaudi - Nuvole Bianche.flac: Total=1084ms Hash=0ms (type=Music, confidence=85 %)
[22:24:12 INF] Detected: "The Beatles - Come Together.flac" — queued for ingestion
[22:24:12 INF] Fingerprinted "The Beatles - Come Together.flac" — sha256=9a72de72… (0.2 KB)
[22:24:12 INF] Received HTTP response headers after 72.6016ms - 200
[22:24:12 INF] Processed "The Beatles - Come Together.flac" via Music — 8 claims extracted (title='Come Together')
[22:24:12 INF] End processing HTTP request after 73.4364ms - 200
[22:24:12 INF] wikidata_reconciliation: Stage2 — b744f8ca-fa9c-4bcf-9cac-9f41d9bfe868 not resolved
[22:24:12 INF] Ingested [Music] 'Death on Two Legs' (confidence=85 %, hash=f3f8d7733302)
[22:24:12 INF] Identity job created for [Music] 'Death on Two Legs' by Queen — queued for retail match (79ca658389c1)
[22:24:12 INF] Library folder prior applied: boosted Music to 98 % for C:\temp\tuvima-watch\music\David Bowie - Beauty and the Beast.flac (folder configured for [Music])
[22:24:12 INF] Media type auto-assigned: Music (98 %) for C:\temp\tuvima-watch\music\David Bowie - Beauty and the Beast.flac
[22:24:12 INF] Library folder prior applied: boosted Music to 98 % for C:\temp\tuvima-watch\music\Nirvana - Smells Like Teen Spirit.flac (folder configured for [Music])
[22:24:12 INF] Media type auto-assigned: Music (98 %) for C:\temp\tuvima-watch\music\Nirvana - Smells Like Teen Spirit.flac
[22:24:12 INF] Library folder prior applied: boosted Music to 98 % for C:\temp\tuvima-watch\music\Queen - We Will Rock You.flac (folder configured for [Music])
[22:24:12 INF] Media type auto-assigned: Music (98 %) for C:\temp\tuvima-watch\music\Queen - We Will Rock You.flac
[22:24:12 INF] Library folder prior applied: boosted Music to 98 % for C:\temp\tuvima-watch\music\Queen - You're My Best Friend.flac (folder configured for [Music])
[22:24:12 INF] Media type auto-assigned: Music (98 %) for C:\temp\tuvima-watch\music\Queen - You're My Best Friend.flac
[22:24:12 INF] Library folder prior applied: boosted Music to 98 % for C:\temp\tuvima-watch\music\Professor Thimblewick - Nebula Teacup Waltz.flac (folder configured for [Music])
[22:24:12 INF] Media type auto-assigned: Music (98 %) for C:\temp\tuvima-watch\music\Professor Thimblewick - Nebula Teacup Waltz.flac
[22:24:12 INF] Processed "Batman_ Year One Part 4.cbz" via Comics — 15 claims extracted (title='Batman_ Year One Part 4')
[22:24:12 INF] Processed "Batman_ Year One Part 2.cbz" via Comics — 15 claims extracted (title='Batman_ Year One Part 2')
[22:24:12 INF] Ingested [Music] 'Smells Like Teen Spirit' (confidence=85 %, hash=e38ff4ebac86)
[22:24:12 INF] Identity job created for [Music] 'Smells Like Teen Spirit' by Nirvana — queued for retail match (822a6af5676f)
[22:24:12 INF] [PERF] Nirvana - Smells Like Teen Spirit.flac: Total=602ms Hash=0ms (type=Music, confidence=85 %)
[22:24:12 INF] Ingested [Music] 'Clair de Lune' (confidence=85 %, hash=e1347432eb78)
[22:24:12 INF] Identity job created for [Music] 'Clair de Lune' by Claude Debussy — queued for retail match (e05d76458eb5)
[22:24:12 INF] [PERF] Claude Debussy - Clair de Lune.flac: Total=1325ms Hash=0ms (type=Music, confidence=85 %)
[22:24:12 INF] Detected: "Captain Semaphore #404.cbz" — queued for ingestion
[22:24:12 INF] Fingerprinted "Captain Semaphore #404.cbz" — sha256=75c8345d… (7.0 KB)
[22:24:12 INF] Processed "Captain Semaphore #404.cbz" via Comics — 15 claims extracted (title='Captain Semaphore #404')
[22:24:12 INF] Library folder prior applied: boosted Music to 98 % for C:\temp\tuvima-watch\music\Queen - Seaside Rendezvous.flac (folder configured for [Music])
[22:24:12 INF] Media type auto-assigned: Music (98 %) for C:\temp\tuvima-watch\music\Queen - Seaside Rendezvous.flac
[22:24:12 INF] Ingested [Music] 'You're My Best Friend' (confidence=85 %, hash=ad49bbf95e26)
[22:24:12 INF] Identity job created for [Music] 'You're My Best Friend' by Queen — queued for retail match (06ef4bef5faa)
[22:24:12 INF] [PERF] Queen - You're My Best Friend.flac: Total=835ms Hash=0ms (type=Music, confidence=85 %)
[22:24:12 INF] Detected: "The Beatles - Yesterday.flac" — queued for ingestion
[22:24:12 INF] Ingested [Music] 'Nebula Teacup Waltz' (confidence=85 %, hash=b5cb5d58ba96)
[22:24:12 INF] Identity job created for [Music] 'Nebula Teacup Waltz' by Professor Thimblewick — queued for retail match (58ab3e9d3cb5)
[22:24:12 INF] Library folder prior applied: boosted Music to 98 % for C:\temp\tuvima-watch\music\The Beatles - Something.flac (folder configured for [Music])
[22:24:12 INF] Media type auto-assigned: Music (98 %) for C:\temp\tuvima-watch\music\The Beatles - Something.flac
[22:24:12 INF] Start processing HTTP request GET https://www.wikidata.org/w/api.php?*
[22:24:12 INF] Sending HTTP request GET https://www.wikidata.org/w/api.php?*
[22:24:12 INF] Ingested [Music] 'We Will Rock You' (confidence=85 %, hash=74e969e8a657)
[22:24:12 INF] Identity job created for [Music] 'We Will Rock You' by Queen — queued for retail match (675e7af5b2da)
[22:24:12 INF] [PERF] Queen - We Will Rock You.flac: Total=899ms Hash=0ms (type=Music, confidence=85 %)
[22:24:12 INF] Detected: "Saga Chapter One.cbz" — queued for ingestion
[22:24:12 INF] Detected: "The Sandman_ Sleep of the Just.cbz" — queued for ingestion
[22:24:12 INF] [PERF] Professor Thimblewick - Nebula Teacup Waltz.flac: Total=659ms Hash=0ms (type=Music, confidence=85 %)
[22:24:12 INF] Detected: "The Sandman_ Imperfect Hosts.cbz" — queued for ingestion
[22:24:12 INF] Fingerprinted "The Sandman_ Imperfect Hosts.cbz" — sha256=e95af41c… (2.8 KB)
[22:24:12 INF] Processed "The Sandman_ Imperfect Hosts.cbz" via Comics — 15 claims extracted (title='The Sandman_ Imperfect Hosts')
[22:24:12 INF] Library folder prior applied: boosted Music to 98 % for C:\temp\tuvima-watch\music\Queen - Love of My Life.flac (folder configured for [Music])
[22:24:12 INF] Media type auto-assigned: Music (98 %) for C:\temp\tuvima-watch\music\Queen - Love of My Life.flac
[22:24:12 INF] Ingested [Music] 'Seaside Rendezvous' (confidence=85 %, hash=9db5c495e5cc)
[22:24:12 INF] Identity job created for [Music] 'Seaside Rendezvous' by Queen — queued for retail match (da3348be225c)
[22:24:12 INF] [PERF] Queen - Seaside Rendezvous.flac: Total=740ms Hash=1ms (type=Music, confidence=85 %)
[22:24:12 INF] Detected: "Saga Chapter Two.cbz" — queued for ingestion
[22:24:12 INF] Fingerprinted "Saga Chapter Two.cbz" — sha256=01280962… (3.3 KB)
[22:24:12 INF] Received HTTP response headers after 71.7513ms - 200
[22:24:12 INF] End processing HTTP request after 73.0636ms - 200
[22:24:12 INF] Library folder prior applied: boosted Music to 98 % for C:\temp\tuvima-watch\music\Queen & David Bowie - Under Pressure.flac (folder configured for [Music])
[22:24:12 INF] Media type auto-assigned: Music (98 %) for C:\temp\tuvima-watch\music\Queen & David Bowie - Under Pressure.flac
[22:24:12 INF] Fingerprinted "Saga Chapter One.cbz" — sha256=270c7f06… (3.4 KB)
[22:24:12 INF] Processed "Saga Chapter One.cbz" via Comics — 15 claims extracted (title='Saga Chapter One')
[22:24:12 INF] Processed "Saga Chapter Two.cbz" via Comics — 15 claims extracted (title='Saga Chapter Two')
[22:24:12 INF] Cover art: downloaded poster for 'Harry Potter and the Philosopher's Stone' (1462.9 KB) → C:\temp\tuvima-library\.data\assets\artwork\work\f7d29ff9-faa1-4105-b5e9-3b2414a15fe1\cover\6f789f784110459fa6cacc9ecdcfc95a.jpg
[22:24:12 INF] Retail match found for entity 802e7b07-b2ee-4ea0-9c9f-61b7e6f1d582: 'Dune' from apple_api (score: 1.00)
[22:24:12 INF] Post-pipeline confidence for entity 802e7b07-b2ee-4ea0-9c9f-61b7e6f1d582: 0.88
[22:24:12 INF] Auto-resolving AmbiguousMediaType review for entity 802e7b07-b2ee-4ea0-9c9f-61b7e6f1d582 (confidence: 0.88)
[22:24:12 INF] Entity 802e7b07-b2ee-4ea0-9c9f-61b7e6f1d582 meets organization threshold (0.88 >= 0.70), promoting
[22:24:12 INF] Moved C:\temp\tuvima-watch\books\Dune - Simon Vance.mp3 → C:\temp\tuvima-library\Audiobooks/Unknown/Dune (2007)/Dune.mp3
[22:24:12 INF] Fingerprinted "The Beatles - Yesterday.flac" — sha256=1eab09ce… (0.2 KB)
[22:24:12 INF] Processed "The Beatles - Yesterday.flac" via Music — 8 claims extracted (title='Yesterday')
[22:24:12 INF] Promoted asset 802e7b07-b2ee-4ea0-9c9f-61b7e6f1d582 from staging to library: C:\temp\tuvima-watch\books\Dune - Simon Vance.mp3 → C:\temp\tuvima-library\Audiobooks/Unknown/Dune (2007)/Dune.mp3
[22:24:12 INF] Ingested [Music] 'Under Pressure' (confidence=85 %, hash=9d0b96b2927c)
[22:24:12 INF] Identity job created for [Music] 'Under Pressure' by Queen & David Bowie — queued for retail match (5e77242cae51)
[22:24:12 INF] [PERF] Queen & David Bowie - Under Pressure.flac: Total=749ms Hash=0ms (type=Music, confidence=85 %)
[22:24:12 INF] Detected: "Batman_ Year One Part 3.cbz" — queued for ingestion
[22:24:12 INF] Library folder prior override: assigned Comics at 0.95 for C:\temp\tuvima-watch\comics\Batman_ Year One Part 2.cbz
[22:24:12 INF] Media type auto-assigned: Comics (95 %) for C:\temp\tuvima-watch\comics\Batman_ Year One Part 2.cbz
[22:24:12 INF] Library folder prior override: assigned Comics at 0.95 for C:\temp\tuvima-watch\comics\Saga Chapter One.cbz
[22:24:12 INF] Media type auto-assigned: Comics (95 %) for C:\temp\tuvima-watch\comics\Saga Chapter One.cbz
[22:24:12 INF] Library folder prior applied: boosted Music to 98 % for C:\temp\tuvima-watch\music\The Beatles - Yesterday.flac (folder configured for [Music])
[22:24:12 INF] Media type auto-assigned: Music (98 %) for C:\temp\tuvima-watch\music\The Beatles - Yesterday.flac
[22:24:12 INF] Retail match found for entity 5626fe88-4993-429d-a69b-080b4e61cb60: 'Foundation (Unabridged)' from apple_api (score: 1.00)
[22:24:12 INF] Cover art: downloading 'Dune' from https://is1-ssl.mzstatic.com/image/thumb/Music122/v4/6a/c7/3a/6ac73abf-9b1c-0869-b9f0-3cc93de3f805/9781427201447.jpg/9999x9999bb.jpg → C:\temp\tuvima-library\.data\assets\artwork\work\1f5912a2-35c1-43aa-8750-88a747347592\cover\a633d2aeeccf40e095ee1883f2f1a3b0.jpg
[22:24:12 INF] Start processing HTTP request GET https://is1-ssl.mzstatic.com/image/thumb/Music122/v4/6a/c7/3a/6ac73abf-9b1c-0869-b9f0-3cc93de3f805/9781427201447.jpg/9999x9999bb.jpg
[22:24:12 INF] Sending HTTP request GET https://is1-ssl.mzstatic.com/image/thumb/Music122/v4/6a/c7/3a/6ac73abf-9b1c-0869-b9f0-3cc93de3f805/9781427201447.jpg/9999x9999bb.jpg
[22:24:12 INF] Fingerprinted "Batman_ Year One Part 3.cbz" — sha256=7d5655d7… (7.0 KB)
[22:24:12 INF] Processed "Batman_ Year One Part 3.cbz" via Comics — 15 claims extracted (title='Batman_ Year One Part 3')
[22:24:12 INF] Post-pipeline confidence for entity 5626fe88-4993-429d-a69b-080b4e61cb60: 0.88
[22:24:12 INF] Auto-resolving AmbiguousMediaType review for entity 5626fe88-4993-429d-a69b-080b4e61cb60 (confidence: 0.88)
[22:24:12 INF] Entity 5626fe88-4993-429d-a69b-080b4e61cb60 meets organization threshold (0.88 >= 0.70), promoting
[22:24:12 INF] Moved C:\temp\tuvima-watch\books\Foundation - Scott Brick.mp3 → C:\temp\tuvima-library\Audiobooks/Unknown/Foundation (Unabridged) (2010)/Foundation (Unabridged).mp3
[22:24:12 INF] Promoted asset 5626fe88-4993-429d-a69b-080b4e61cb60 from staging to library: C:\temp\tuvima-watch\books\Foundation - Scott Brick.mp3 → C:\temp\tuvima-library\Audiobooks/Unknown/Foundation (Unabridged) (2010)/Foundation (Unabridged).mp3
[22:24:12 INF] Ingested [Music] 'Love of My Life' (confidence=85 %, hash=4f822bde4487)
[22:24:12 INF] Identity job created for [Music] 'Love of My Life' by Queen — queued for retail match (544078e10a57)
[22:24:12 INF] Ingested [Comics] 'Batman: Year One Part 2' (confidence=80 %, hash=0c046faab742)
[22:24:12 INF] Ingested [Comics] 'Saga Chapter One' (confidence=80 %, hash=270c7f065e96)
[22:24:12 INF] Library folder prior override: assigned Comics at 0.95 for C:\temp\tuvima-watch\comics\Saga Chapter Two.cbz
[22:24:12 INF] Media type auto-assigned: Comics (95 %) for C:\temp\tuvima-watch\comics\Saga Chapter Two.cbz
[22:24:12 INF] Review: asset 29493073-2ee6-4869-81c4-da27b1e64a92 queued for review — trigger=LowConfidence
[22:24:12 INF] Library folder prior applied: boosted Music to 98 % for C:\temp\tuvima-watch\music\The Beatles - Come Together.flac (folder configured for [Music])
[22:24:12 INF] Media type auto-assigned: Music (98 %) for C:\temp\tuvima-watch\music\The Beatles - Come Together.flac
[22:24:12 INF] Library folder prior override: assigned Comics at 0.95 for C:\temp\tuvima-watch\comics\Batman_ Year One Part 4.cbz
[22:24:12 INF] Media type auto-assigned: Comics (95 %) for C:\temp\tuvima-watch\comics\Batman_ Year One Part 4.cbz
[22:24:12 INF] Start processing HTTP request GET https://www.wikidata.org/w/api.php?*
[22:24:12 INF] Sending HTTP request GET https://www.wikidata.org/w/api.php?*
[22:24:12 INF] [PERF] Queen - Love of My Life.flac: Total=905ms Hash=0ms (type=Music, confidence=85 %)
[22:24:12 INF] Detected: "Batman_ Year One Part 1.cbz" — queued for ingestion
[22:24:12 INF] Fingerprinted "Batman_ Year One Part 1.cbz" — sha256=f69e2195… (5.5 KB)
[22:24:12 INF] Processed "Batman_ Year One Part 1.cbz" via Comics — 15 claims extracted (title='Batman_ Year One Part 1')
[22:24:12 INF] Fingerprinted "The Sandman_ Sleep of the Just.cbz" — sha256=4aeb1db1… (2.4 KB)
[22:24:12 INF] Review: asset 82312eca-5daa-46ba-b1c1-609645074bfb queued for review — trigger=LowConfidence
[22:24:12 INF] Ingested [Music] 'Yesterday' (confidence=85 %, hash=1eab09ce5314)
[22:24:12 INF] Identity job created for [Music] 'Yesterday' by The Beatles — queued for retail match (c4281870f317)
[22:24:12 INF] [PERF] The Beatles - Yesterday.flac: Total=400ms Hash=0ms (type=Music, confidence=85 %)
[22:24:12 INF] Detected: "Édith Piaf - La Vie en rose.flac" — queued for ingestion
[22:24:12 INF] Fingerprinted "Édith Piaf - La Vie en rose.flac" — sha256=a9b0f4b7… (0.2 KB)
[22:24:12 INF] Processed "Édith Piaf - La Vie en rose.flac" via Music — 8 claims extracted (title='La Vie en rose')
[22:24:12 INF] Cover art: downloading 'Foundation (Unabridged)' from https://is1-ssl.mzstatic.com/image/thumb/Music221/v4/12/68/ba/1268ba61-e843-dd30-e2c2-2e190e455991/9780307749703.d.jpg/9999x9999bb.jpg → C:\temp\tuvima-library\.data\assets\artwork\work\cab5944b-f242-4a99-b673-ba96af8d1c13\cover\5962542d00234225bd358a319c222276.jpg
[22:24:12 INF] Start processing HTTP request GET https://is1-ssl.mzstatic.com/image/thumb/Music221/v4/12/68/ba/1268ba61-e843-dd30-e2c2-2e190e455991/9780307749703.d.jpg/9999x9999bb.jpg
[22:24:12 INF] Sending HTTP request GET https://is1-ssl.mzstatic.com/image/thumb/Music221/v4/12/68/ba/1268ba61-e843-dd30-e2c2-2e190e455991/9780307749703.d.jpg/9999x9999bb.jpg
[22:24:12 INF] Pipeline: entity 960bc776-d68a-4215-913f-a24004ec60be sent to review — trigger=PlaceholderTitle, confidence=0 %
[22:24:12 INF] Received HTTP response headers after 87.4231ms - 200
[22:24:12 INF] End processing HTTP request after 88.3054ms - 200
[22:24:12 INF] Ingested [Music] 'Something' (confidence=85 %, hash=3f3821a11a90)
[22:24:12 INF] Identity job created for [Music] 'Something' by The Beatles — queued for retail match (817e3e37310e)
[22:24:12 INF] [PERF] The Beatles - Something.flac: Total=859ms Hash=1ms (type=Music, confidence=85 %)
[22:24:12 INF] Detected: "Akira Vol 1.cbz" — queued for ingestion
[22:24:12 INF] Fingerprinted "Akira Vol 1.cbz" — sha256=d1a18ef3… (1.9 KB)
[22:24:12 INF] [PERF] Queen - Death on Two Legs.flac: Total=1493ms Hash=0ms (type=Music, confidence=85 %)
[22:24:12 INF] Processed "Akira Vol 1.cbz" via Comics — 15 claims extracted (title='Akira Vol 1')
[22:24:12 INF] Library folder prior override: assigned Comics at 0.95 for C:\temp\tuvima-watch\comics\Captain Semaphore #404.cbz
[22:24:12 INF] Media type auto-assigned: Comics (95 %) for C:\temp\tuvima-watch\comics\Captain Semaphore #404.cbz
[22:24:12 INF] Processed "The Sandman_ Sleep of the Just.cbz" via Comics — 15 claims extracted (title='The Sandman_ Sleep of the Just')
[22:24:12 INF] Identity job created for [Comics] 'Batman: Year One Part 2' by Frank Miller — queued for retail match (294930732ee6)
[22:24:12 INF] [PERF] Batman_ Year One Part 2.cbz: Total=881ms Hash=0ms (type=Comics, confidence=80 %)
[22:24:13 INF] Ingested [Comics] 'Batman: Year One Part 4' (confidence=80 %, hash=9f5b61e4ecd7)
[22:24:13 INF] Library folder prior applied: boosted Music to 98 % for C:\temp\tuvima-watch\music\Édith Piaf - La Vie en rose.flac (folder configured for [Music])
[22:24:13 INF] Media type auto-assigned: Music (98 %) for C:\temp\tuvima-watch\music\Édith Piaf - La Vie en rose.flac
[22:24:13 INF] Ingested [Music] 'Come Together' (confidence=85 %, hash=9a72de728561)
[22:24:13 INF] Identity job created for [Music] 'Come Together' by The Beatles — queued for retail match (549da9ef145c)
[22:24:13 INF] [PERF] The Beatles - Come Together.flac: Total=834ms Hash=0ms (type=Music, confidence=85 %)
[22:24:13 INF] Library folder prior override: assigned Comics at 0.95 for C:\temp\tuvima-watch\comics\Batman_ Year One Part 1.cbz
[22:24:13 INF] Media type auto-assigned: Comics (95 %) for C:\temp\tuvima-watch\comics\Batman_ Year One Part 1.cbz
[22:24:13 INF] Identity job created for [Comics] 'Saga Chapter One' by Brian K. Vaughan — queued for retail match (82312eca5daa)
[22:24:13 INF] [PERF] Saga Chapter One.cbz: Total=577ms Hash=0ms (type=Comics, confidence=80 %)
[22:24:13 INF] Received HTTP response headers after 378.5981ms - 200
[22:24:13 INF] Execution attempt. Source: 'cover_download-standard//Standard-Retry', Operation Key: 'null', Result: '200', Handled: 'False', Attempt: '0', Execution Time: 379.1948ms
[22:24:13 INF] End processing HTTP request after 379.717ms - 200
[22:24:13 INF] Review: asset da42a317-a682-48d4-bc60-0110a66dfa42 queued for review — trigger=LowConfidence
[22:24:13 INF] Library folder prior override: assigned Comics at 0.95 for C:\temp\tuvima-watch\comics\The Sandman_ Imperfect Hosts.cbz
[22:24:13 INF] Media type auto-assigned: Comics (95 %) for C:\temp\tuvima-watch\comics\The Sandman_ Imperfect Hosts.cbz
[22:24:13 INF] No retail match for entity 960bc776-d68a-4215-913f-a24004ec60be — 0 candidates evaluated, best score: 0.00
[22:24:13 INF] Ingested [Comics] 'Saga Chapter Two' (confidence=80 %, hash=0128096238d9)
[22:24:13 INF] Retail match found for entity f486dc48-ed11-4355-979d-21a37b768d6f: 'Harry Potter and the Chamber of Secrets (Enhanced Edition)' from apple_api (score: 0.93)
[22:24:13 INF] Post-pipeline confidence for entity f486dc48-ed11-4355-979d-21a37b768d6f: 1.00
[22:24:13 INF] Entity f486dc48-ed11-4355-979d-21a37b768d6f meets organization threshold (1.00 >= 0.70), promoting
[22:24:13 INF] Moved C:\temp\tuvima-watch\books\Harry Potter and the Chamber of Secrets.epub → C:\temp\tuvima-library\Books/Unknown/Harry Potter and the Chamber of Secrets (2015)/Harry Potter and the Chamber of Secrets (2015).epub
[22:24:13 INF] Start processing HTTP request GET https://www.wikidata.org/w/api.php?*
[22:24:13 INF] Sending HTTP request GET https://www.wikidata.org/w/api.php?*
[22:24:13 INF] Library folder prior applied: boosted Music to 98 % for C:\temp\tuvima-watch\music\Queen - We Are the Champions.flac (folder configured for [Music])
[22:24:13 INF] Media type auto-assigned: Music (98 %) for C:\temp\tuvima-watch\music\Queen - We Are the Champions.flac
[22:24:13 INF] Promoted asset f486dc48-ed11-4355-979d-21a37b768d6f from staging to library: C:\temp\tuvima-watch\books\Harry Potter and the Chamber of Secrets.epub → C:\temp\tuvima-library\Books/Unknown/Harry Potter and the Chamber of Secrets (2015)/Harry Potter and the Chamber of Secrets (2015).epub
[22:24:13 INF] Cover art: downloading 'Harry Potter and the Chamber of Secrets' from https://is1-ssl.mzstatic.com/image/thumb/Publication221/v4/34/01/29/340129c9-3eac-28d4-c2e9-a78a7181b9f0/9781781105856.jpg/9999x9999bb.jpg → C:\temp\tuvima-library\.data\assets\artwork\work\20eca6ef-98c9-45de-98a0-075fed422b45\cover\29be2fabf3a64e4b960e60f0cf04db05.jpg
[22:24:13 INF] Start processing HTTP request GET https://is1-ssl.mzstatic.com/image/thumb/Publication221/v4/34/01/29/340129c9-3eac-28d4-c2e9-a78a7181b9f0/9781781105856.jpg/9999x9999bb.jpg
[22:24:13 INF] Sending HTTP request GET https://is1-ssl.mzstatic.com/image/thumb/Publication221/v4/34/01/29/340129c9-3eac-28d4-c2e9-a78a7181b9f0/9781781105856.jpg/9999x9999bb.jpg
[22:24:13 INF] Ingested [Comics] 'Captain Semaphore #404' (confidence=80 %, hash=75c8345d809a)
[22:24:13 INF] Review: asset f69db127-4b56-425f-86be-75f8d3854804 queued for review — trigger=LowConfidence
[22:24:13 INF] Review: asset aef2f451-90e5-4bc7-96a0-26029289630a queued for review — trigger=LowConfidence
[22:24:13 INF] Ingested [Comics] 'Batman: Year One Part 1' (confidence=80 %, hash=f69e21950835)
[22:24:13 INF] Library folder prior override: assigned Comics at 0.95 for C:\temp\tuvima-watch\comics\Akira Vol 1.cbz
[22:24:13 INF] Media type auto-assigned: Comics (95 %) for C:\temp\tuvima-watch\comics\Akira Vol 1.cbz
[22:24:13 INF] Received HTTP response headers after 86.5123ms - 200
[22:24:13 INF] End processing HTTP request after 87.2817ms - 200
[22:24:13 INF] Ingested [Music] 'La Vie en rose' (confidence=85 %, hash=a9b0f4b7a7e1)
[22:24:13 INF] Identity job created for [Music] 'La Vie en rose' by Édith Piaf — queued for retail match (60dbefd3a52a)
[22:24:13 INF] [PERF] Édith Piaf - La Vie en rose.flac: Total=417ms Hash=0ms (type=Music, confidence=85 %)
[22:24:13 INF] Library folder prior override: assigned Comics at 0.95 for C:\temp\tuvima-watch\comics\Batman_ Year One Part 3.cbz
[22:24:13 INF] Media type auto-assigned: Comics (95 %) for C:\temp\tuvima-watch\comics\Batman_ Year One Part 3.cbz
[22:24:13 INF] Review: asset ce3e1c48-dd49-4c76-ade0-5bb5ca583106 queued for review — trigger=LowConfidence
[22:24:13 INF] Ingested [Music] 'We Are the Champions' (confidence=85 %, hash=b006057c02b4)
[22:24:13 INF] Identity job created for [Music] 'We Are the Champions' by Queen — queued for retail match (51ea6d8ed124)
[22:24:13 INF] [PERF] Queen - We Are the Champions.flac: Total=1560ms Hash=3ms (type=Music, confidence=85 %)
[22:24:13 INF] Identity job created for [Comics] 'Batman: Year One Part 4' by Frank Miller — queued for retail match (da42a317a682)
[22:24:13 INF] [PERF] Batman_ Year One Part 4.cbz: Total=1275ms Hash=0ms (type=Comics, confidence=80 %)
[22:24:13 INF] Library folder prior override: assigned Comics at 0.95 for C:\temp\tuvima-watch\comics\The Sandman_ Sleep of the Just.cbz
[22:24:13 INF] Media type auto-assigned: Comics (95 %) for C:\temp\tuvima-watch\comics\The Sandman_ Sleep of the Just.cbz
[22:24:13 INF] Ingested [Music] 'Beauty and the Beast' (confidence=85 %, hash=172d3b0d3e0f)
[22:24:13 INF] Identity job created for [Music] 'Beauty and the Beast' by David Bowie — queued for retail match (70420f26b667)
[22:24:13 INF] [PERF] David Bowie - Beauty and the Beast.flac: Total=2802ms Hash=0ms (type=Music, confidence=85 %)
[22:24:13 INF] Ingested [Comics] 'Akira Vol 1' (confidence=80 %, hash=d1a18ef3d583)
[22:24:13 INF] Identity job created for [Comics] 'Captain Semaphore #404' by Mara Quill — queued for retail match (aef2f45190e5)
[22:24:13 INF] Ingested [Comics] 'Batman: Year One Part 3' (confidence=80 %, hash=7d5655d70ada)
[22:24:13 INF] [PERF] Captain Semaphore #404.cbz: Total=995ms Hash=0ms (type=Comics, confidence=80 %)
[22:24:13 INF] Identity job created for [Comics] 'Saga Chapter Two' by Brian K. Vaughan — queued for retail match (f69db1274b56)
[22:24:13 INF] [PERF] Saga Chapter Two.cbz: Total=855ms Hash=0ms (type=Comics, confidence=80 %)
[22:24:13 INF] Detected: "Saga Chapter Three.cbz" — queued for ingestion
[22:24:13 INF] Fingerprinted "Saga Chapter Three.cbz" — sha256=948b21e0… (5.0 KB)
[22:24:13 INF] Processed "Saga Chapter Three.cbz" via Comics — 15 claims extracted (title='Saga Chapter Three')
[22:24:13 INF] Review: asset 01ce3446-cc86-49bf-a1cb-255f4d52d5c5 queued for review — trigger=LowConfidence
[22:24:13 INF] Review: asset 8edd056c-78d3-4992-b1e3-ac3bceb6b6c7 queued for review — trigger=LowConfidence
[22:24:13 INF] Ingested [Comics] 'The Sandman: Sleep of the Just' (confidence=80 %, hash=4aeb1db187d9)
[22:24:13 INF] Start processing HTTP request GET https://www.wikidata.org/w/api.php?*
[22:24:13 INF] Sending HTTP request GET https://www.wikidata.org/w/api.php?*
[22:24:13 INF] Review: asset f84e57c8-1419-439b-ac62-bfc01b2b9268 queued for review — trigger=LowConfidence
[22:24:13 INF] Identity job created for [Comics] 'Batman: Year One Part 1' by Frank Miller — queued for retail match (ce3e1c48dd49)
[22:24:13 INF] Library folder prior override: assigned Comics at 0.95 for C:\temp\tuvima-watch\comics\Saga Chapter Three.cbz
[22:24:13 INF] Media type auto-assigned: Comics (95 %) for C:\temp\tuvima-watch\comics\Saga Chapter Three.cbz
[22:24:13 INF] Ingested [Comics] 'The Sandman: Imperfect Hosts' (confidence=80 %, hash=e95af41c800c)
[22:24:13 INF] Review: asset 1a9fb44f-2ba1-4188-bd9d-053d2db423f9 queued for review — trigger=LowConfidence
[22:24:13 INF] Received HTTP response headers after 87.9723ms - 200
[22:24:13 INF] End processing HTTP request after 95.2298ms - 200
[22:24:13 INF] [PERF] Batman_ Year One Part 1.cbz: Total=756ms Hash=0ms (type=Comics, confidence=80 %)
[22:24:13 INF] Identity job created for [Comics] 'Batman: Year One Part 3' by Frank Miller — queued for retail match (8edd056c78d3)
[22:24:13 INF] [PERF] Batman_ Year One Part 3.cbz: Total=888ms Hash=18ms (type=Comics, confidence=80 %)
[22:24:13 INF] Retail match found for entity 90dc3820-47fd-4b4d-9d81-64441a3a7fb0: 'Dune' from apple_api (score: 1.00)
[22:24:13 INF] Post-pipeline confidence for entity 90dc3820-47fd-4b4d-9d81-64441a3a7fb0: 0.88
[22:24:13 INF] Auto-resolving AmbiguousMediaType review for entity 90dc3820-47fd-4b4d-9d81-64441a3a7fb0 (confidence: 0.88)
[22:24:13 INF] Ingested [Comics] 'Saga Chapter Three' (confidence=80 %, hash=948b21e0269a)
[22:24:13 INF] Review: asset a7e49592-3146-4663-afb8-fce140d985a1 queued for review — trigger=LowConfidence
[22:24:13 INF] Entity 90dc3820-47fd-4b4d-9d81-64441a3a7fb0 meets organization threshold (0.88 >= 0.70), promoting
[22:24:13 INF] Moved C:\temp\tuvima-watch\books\Dune - Scott Brick.mp3 → C:\temp\tuvima-library\Audiobooks\Unknown\Dune (2007)\Dune (2).mp3
[22:24:13 INF] Promoted asset 90dc3820-47fd-4b4d-9d81-64441a3a7fb0 from staging to library: C:\temp\tuvima-watch\books\Dune - Scott Brick.mp3 → C:\temp\tuvima-library\Audiobooks/Unknown/Dune (2007)/Dune.mp3
[22:24:13 INF] Cover art: downloading 'Dune' from https://is1-ssl.mzstatic.com/image/thumb/Music122/v4/6a/c7/3a/6ac73abf-9b1c-0869-b9f0-3cc93de3f805/9781427201447.jpg/9999x9999bb.jpg → C:\temp\tuvima-library\.data\assets\artwork\work\1f5912a2-35c1-43aa-8750-88a747347592\cover\859db612cda940d298e4dbb6c0543548.jpg
[22:24:13 INF] Start processing HTTP request GET https://is1-ssl.mzstatic.com/image/thumb/Music122/v4/6a/c7/3a/6ac73abf-9b1c-0869-b9f0-3cc93de3f805/9781427201447.jpg/9999x9999bb.jpg
[22:24:13 INF] Sending HTTP request GET https://is1-ssl.mzstatic.com/image/thumb/Music122/v4/6a/c7/3a/6ac73abf-9b1c-0869-b9f0-3cc93de3f805/9781427201447.jpg/9999x9999bb.jpg
[22:24:13 INF] Identity job created for [Comics] 'The Sandman: Sleep of the Just' by Neil Gaiman — queued for retail match (f84e57c81419)
[22:24:13 INF] Identity job created for [Comics] 'The Sandman: Imperfect Hosts' by Neil Gaiman — queued for retail match (1a9fb44f2ba1)
[22:24:13 INF] [PERF] The Sandman_ Sleep of the Just.cbz: Total=1127ms Hash=0ms (type=Comics, confidence=80 %)
[22:24:13 INF] Identity job created for [Comics] 'Akira Vol 1' by Katsuhiro Otomo — queued for retail match (01ce3446cc86)
[22:24:13 INF] [PERF] The Sandman_ Imperfect Hosts.cbz: Total=1158ms Hash=0ms (type=Comics, confidence=80 %)
[22:24:13 INF] Received HTTP response headers after 514.5224ms - 200
[22:24:13 INF] Execution attempt. Source: 'cover_download-standard//Standard-Retry', Operation Key: 'null', Result: '200', Handled: 'False', Attempt: '0', Execution Time: 515.6942ms
[22:24:13 INF] End processing HTTP request after 516.3682ms - 200
[22:24:13 INF] [PERF] Akira Vol 1.cbz: Total=751ms Hash=0ms (type=Comics, confidence=80 %)
[22:24:13 INF] Identity job created for [Comics] 'Saga Chapter Three' by Brian K. Vaughan — queued for retail match (a7e495923146)
[22:24:13 INF] [PERF] Saga Chapter Three.cbz: Total=279ms Hash=0ms (type=Comics, confidence=80 %)
[22:24:13 INF] Received HTTP response headers after 51.3279ms - 200
[22:24:13 INF] Execution attempt. Source: 'cover_download-standard//Standard-Retry', Operation Key: 'null', Result: '200', Handled: 'False', Attempt: '0', Execution Time: 54.971ms
[22:24:13 INF] End processing HTTP request after 55.7641ms - 200
[22:24:13 INF] Cover art: downloaded poster for 'Dune' (1790.0 KB) → C:\temp\tuvima-library\.data\assets\artwork\work\1f5912a2-35c1-43aa-8750-88a747347592\cover\a633d2aeeccf40e095ee1883f2f1a3b0.jpg
[22:24:13 INF] Library folder prior applied: boosted Music to 98 % for C:\temp\tuvima-watch\music\Nena - 99 Luftballons.flac (folder configured for [Music])
[22:24:13 INF] Media type auto-assigned: Music (98 %) for C:\temp\tuvima-watch\music\Nena - 99 Luftballons.flac
[22:24:13 INF] Ingested [Music] '99 Luftballons' (confidence=85 %, hash=7b42241844a4)
[22:24:13 INF] Identity job created for [Music] '99 Luftballons' by Nena — queued for retail match (9827d1795a69)
[22:24:13 INF] [PERF] Nena - 99 Luftballons.flac: Total=1804ms Hash=0ms (type=Music, confidence=85 %)
[22:24:13 INF] Start processing HTTP request GET https://itunes.apple.com/lookup?*
[22:24:13 INF] Sending HTTP request GET https://itunes.apple.com/lookup?*
[22:24:13 INF] Received HTTP response headers after 951.9001ms - 200
[22:24:13 INF] Execution attempt. Source: 'cover_download-standard//Standard-Retry', Operation Key: 'null', Result: '200', Handled: 'False', Attempt: '0', Execution Time: 954.0508ms
[22:24:13 INF] End processing HTTP request after 955.563ms - 200
[22:24:13 INF] Start processing HTTP request GET https://www.wikidata.org/w/api.php?*
[22:24:13 INF] Sending HTTP request GET https://www.wikidata.org/w/api.php?*
[22:24:13 INF] Received HTTP response headers after 53.7889ms - 200
[22:24:13 INF] Execution attempt. Source: 'apple_api-standard//Standard-Retry', Operation Key: 'null', Result: '200', Handled: 'False', Attempt: '0', Execution Time: 54.4811ms
[22:24:13 INF] End processing HTTP request after 56.1657ms - 200
[22:24:13 INF] apple_api/isbn_lookup: zero results from API, trying next strategy
[22:24:13 INF] Received HTTP response headers after 80.5616ms - 200
[22:24:13 INF] End processing HTTP request after 83.0212ms - 200
[22:24:13 INF] Cover art: downloaded poster for 'Harry Potter and the Chamber of Secrets' (710.9 KB) → C:\temp\tuvima-library\.data\assets\artwork\work\20eca6ef-98c9-45de-98a0-075fed422b45\cover\29be2fabf3a64e4b960e60f0cf04db05.jpg
[22:24:14 INF] Start processing HTTP request GET https://www.wikidata.org/w/api.php?*
[22:24:14 INF] Sending HTTP request GET https://www.wikidata.org/w/api.php?*
[22:24:14 INF] Received HTTP response headers after 161.5984ms - 200
[22:24:14 INF] End processing HTTP request after 164.6098ms - 200
[22:24:14 INF] wikidata_reconciliation: Stage2 — b744f8ca-fa9c-4bcf-9cac-9f41d9bfe868 not resolved
[22:24:14 INF] Wikidata: distributing results — 0 of 1 job(s) have a resolved QID
[22:24:14 INF] Person extraction for entity 12005f8f-090f-4a28-8ec9-b4bee11b4fda: 0 person ref(s)
[22:24:14 INF] Cover art: downloaded poster for 'Dune' (1790.0 KB) → C:\temp\tuvima-library\.data\assets\artwork\work\1f5912a2-35c1-43aa-8750-88a747347592\cover\859db612cda940d298e4dbb6c0543548.jpg
[22:24:14 INF] Cover art: downloaded poster for 'Foundation (Unabridged)' (1658.1 KB) → C:\temp\tuvima-library\.data\assets\artwork\work\cab5944b-f242-4a99-b673-ba96af8d1c13\cover\5962542d00234225bd358a319c222276.jpg
[22:24:14 INF] Start processing HTTP request GET https://www.wikidata.org/w/api.php?*
[22:24:14 INF] Sending HTTP request GET https://www.wikidata.org/w/api.php?*
[22:24:14 INF] Received HTTP response headers after 100.1861ms - 200
[22:24:14 INF] End processing HTTP request after 102.1091ms - 200
[22:24:14 INF] Start processing HTTP request GET https://www.wikidata.org/w/api.php?*
[22:24:14 INF] Sending HTTP request GET https://www.wikidata.org/w/api.php?*
[22:24:15 INF] Start processing HTTP request GET https://www.wikidata.org/w/api.php?*
[22:24:15 INF] Sending HTTP request GET https://www.wikidata.org/w/api.php?*
[22:24:15 INF] Received HTTP response headers after 405.5827ms - 200
[22:24:15 INF] End processing HTTP request after 407.9184ms - 200
[22:24:15 INF]   Ingestion: assets=105/111, resolved=43/157, pending=114, claims=976, activeJobs=103, stable=0/4, jobStates=[QidNoMatch:1, Queued:94, RetailMatched:5, RetailNoMatch:1, RetailSearching:4]
[22:24:15 INF] Next rejected-file cleanup at 07/27/2026 04:00:00 -05:00
[22:24:15 INF] Received HTTP response headers after 229.1402ms - 200
[22:24:15 INF] End processing HTTP request after 230.9751ms - 200
[22:24:15 INF] Start processing HTTP request GET https://www.wikidata.org/w/api.php?*
[22:24:15 INF] Sending HTTP request GET https://www.wikidata.org/w/api.php?*
[22:24:15 INF] Received HTTP response headers after 237.177ms - 200
[22:24:15 INF] End processing HTTP request after 238.8461ms - 200
[22:24:15 INF] Start processing HTTP request GET https://www.wikidata.org/w/api.php?*
[22:24:15 INF] Sending HTTP request GET https://www.wikidata.org/w/api.php?*
[22:24:15 INF] Received HTTP response headers after 51.7142ms - 200
[22:24:15 INF] End processing HTTP request after 53.217ms - 200
[22:24:16 INF] Start processing HTTP request GET https://www.wikidata.org/w/api.php?*
[22:24:16 INF] Sending HTTP request GET https://www.wikidata.org/w/api.php?*
[22:24:16 INF] Received HTTP response headers after 63.4088ms - 200
[22:24:16 INF] End processing HTTP request after 65.8128ms - 200
[22:24:16 INF] Start processing HTTP request GET https://www.wikidata.org/w/api.php?*
[22:24:16 INF] Sending HTTP request GET https://www.wikidata.org/w/api.php?*
[22:24:16 INF] Received HTTP response headers after 74.9681ms - 200
[22:24:16 INF] End processing HTTP request after 76.5189ms - 200
[22:24:16 INF] Start processing HTTP request GET https://itunes.apple.com/lookup?*
[22:24:16 INF] Sending HTTP request GET https://itunes.apple.com/lookup?*
[22:24:16 INF] Start processing HTTP request GET https://www.wikidata.org/w/api.php?*
[22:24:16 INF] Sending HTTP request GET https://www.wikidata.org/w/api.php?*
[22:24:16 INF] Received HTTP response headers after 88.3342ms - 200
[22:24:16 INF] Execution attempt. Source: 'apple_api-standard//Standard-Retry', Operation Key: 'null', Result: '200', Handled: 'False', Attempt: '0', Execution Time: 89.3858ms
[22:24:16 INF] End processing HTTP request after 91.154ms - 200
[22:24:16 INF] apple_api/isbn_lookup: rejected mismatched result 'Frankenstein or The Modern Prometheus' by 'Mary Wollstonecraft (Godwin) Shelley' for requested 'Frankenstein' by 'Mary Shelley' (title=0.33, author=0.67)
[22:24:16 INF] apple_api/isbn_lookup: zero results from API, trying next strategy
[22:24:17 INF] Received HTTP response headers after 160.1152ms - 200
[22:24:17 INF] End processing HTTP request after 161.5585ms - 200
[22:24:17 INF] Start processing HTTP request GET https://www.wikidata.org/w/api.php?*
[22:24:17 INF] Sending HTTP request GET https://www.wikidata.org/w/api.php?*
[22:24:17 INF] Received HTTP response headers after 43.1383ms - 200
[22:24:17 INF] End processing HTTP request after 46.4038ms - 200
[22:24:17 INF] Start processing HTTP request GET https://www.wikidata.org/w/api.php?*
[22:24:17 INF] Sending HTTP request GET https://www.wikidata.org/w/api.php?*
[22:24:17 INF] Received HTTP response headers after 53.9468ms - 200
[22:24:17 INF] End processing HTTP request after 55.0864ms - 200
[22:24:17 INF] Person reconciliation auto-accepted: 'William Gibson' (Author) -> Q980844 'William Gibson' (score=0.91)
[22:24:17 INF] Person enrichment writeback: William Gibson -> William Gibson (Q980844) (role: Author)
[22:24:17 INF] Persisted reconciled person 'William Gibson' (Q980844) linked to asset 12005f8f-090f-4a28-8ec9-b4bee11b4fda as Author
[22:24:17 INF] Start processing HTTP request GET https://www.wikidata.org/w/api.php?*
[22:24:17 INF] Sending HTTP request GET https://www.wikidata.org/w/api.php?*
[22:24:18 INF] Received HTTP response headers after 176.9312ms - 200
[22:24:18 INF] End processing HTTP request after 178.2678ms - 200
[22:24:18 INF] Start processing HTTP request GET https://www.wikidata.org/w/api.php?*
[22:24:18 INF] Sending HTTP request GET https://www.wikidata.org/w/api.php?*
[22:24:18 INF] Received HTTP response headers after 57.0915ms - 200
[22:24:18 INF] End processing HTTP request after 58.5644ms - 200
[22:24:18 INF] Start processing HTTP request GET https://en.wikipedia.org/w/api.php?*
[22:24:18 INF] Sending HTTP request GET https://en.wikipedia.org/w/api.php?*
[22:24:18 INF] Received HTTP response headers after 105.992ms - 200
[22:24:18 INF] End processing HTTP request after 107.1566ms - 200
[22:24:18 INF] wikidata_reconciliation: Wikipedia description for Q980844 (en): 214 chars
[22:24:18 INF] Start processing HTTP request GET https://en.wikipedia.org/w/api.php?*
[22:24:18 INF] Sending HTTP request GET https://en.wikipedia.org/w/api.php?*
[22:24:18 INF] Received HTTP response headers after 78.984ms - 200
[22:24:18 INF] End processing HTTP request after 80.2228ms - 200
[22:24:18 INF] wikidata_reconciliation: fetched 24 person claims for QID Q980844
[22:24:18 INF] Start processing HTTP request GET https://commons.wikimedia.org/wiki/Special:FilePath/William%20Gibson%20%28playwright%29.jpg
[22:24:18 INF] Sending HTTP request GET https://commons.wikimedia.org/wiki/Special:FilePath/William%20Gibson%20%28playwright%29.jpg
[22:24:18 INF] Received HTTP response headers after 269.8468ms - 200
[22:24:18 INF] Execution attempt. Source: 'headshot_download-standard//Standard-Retry', Operation Key: 'null', Result: '200', Handled: 'False', Attempt: '0', Execution Time: 271.8079ms
[22:24:18 INF] End processing HTTP request after 272.9599ms - 200
[22:24:19 INF] Person William Gibson: headshot downloaded to C:\temp\tuvima-library\.data\assets\people\50873928-6a40-40f6-a103-fcebb359b29b\headshot.jpg
[22:24:19 INF] [PERF] Person enrichment 50873928-6a40-40f6-a103-fcebb359b29b ("William Gibson"): 330ms (QID=Q980844, pseudonym=False)
[22:24:19 INF] Harvested 24 claims from wikidata_reconciliation for entity 50873928-6a40-40f6-a103-fcebb359b29b
[22:24:19 INF] Start processing HTTP request GET https://www.wikidata.org/w/api.php?*
[22:24:19 INF] Sending HTTP request GET https://www.wikidata.org/w/api.php?*
[22:24:19 INF] Received HTTP response headers after 85.8757ms - 200
[22:24:19 INF] End processing HTTP request after 88.1074ms - 200
[22:24:19 INF] Start processing HTTP request GET https://www.wikidata.org/w/api.php?*
[22:24:19 INF] Sending HTTP request GET https://www.wikidata.org/w/api.php?*
[22:24:19 INF] Received HTTP response headers after 102.2352ms - 200
[22:24:19 INF] End processing HTTP request after 103.1663ms - 200
[22:24:19 INF] Start processing HTTP request GET https://www.wikidata.org/w/api.php?*
[22:24:19 INF] Sending HTTP request GET https://www.wikidata.org/w/api.php?*
[22:24:19 INF] Start processing HTTP request GET https://itunes.apple.com/search?*
[22:24:19 INF] Sending HTTP request GET https://itunes.apple.com/search?*
[22:24:19 INF] Received HTTP response headers after 189.3379ms - 200
[22:24:19 INF] End processing HTTP request after 190.2999ms - 200
[22:24:20 INF] Start processing HTTP request GET https://www.wikidata.org/w/api.php?*
[22:24:20 INF] Sending HTTP request GET https://www.wikidata.org/w/api.php?*
[22:24:20 INF] Received HTTP response headers after 227.0033ms - 200
[22:24:20 INF] End processing HTTP request after 228.232ms - 200
[22:24:20 INF]   Ingestion: assets=105/111, resolved=43/157, pending=114, claims=1000, activeJobs=103, stable=0/4, jobStates=[QidNoMatch:1, Queued:94, RetailMatched:5, RetailNoMatch:1, RetailSearching:4]
[22:24:20 INF] Start processing HTTP request GET https://www.wikidata.org/w/api.php?*
[22:24:20 INF] Sending HTTP request GET https://www.wikidata.org/w/api.php?*
[22:24:20 INF] Received HTTP response headers after 70.7014ms - 200
[22:24:20 INF] End processing HTTP request after 72.2617ms - 200
[22:24:20 INF] Received HTTP response headers after 669.8131ms - 200
[22:24:20 INF] Execution attempt. Source: 'apple_api-standard//Standard-Retry', Operation Key: 'null', Result: '200', Handled: 'False', Attempt: '0', Execution Time: 670.5172ms
[22:24:20 INF] End processing HTTP request after 671.9217ms - 200
[22:24:20 INF] Retail match found for entity e0eff41c-25af-4594-86fb-351176b6ce61: 'Le Petit Prince' from apple_api (score: 0.93)
[22:24:20 INF] Post-pipeline confidence for entity e0eff41c-25af-4594-86fb-351176b6ce61: 1.00
[22:24:20 INF] Entity e0eff41c-25af-4594-86fb-351176b6ce61 meets organization threshold (1.00 >= 0.70), promoting
[22:24:20 INF] Moved C:\temp\tuvima-watch\books\Le Petit Prince.epub → C:\temp\tuvima-library\Books/Unknown/Le Petit Prince (2012)/Le Petit Prince (2012).epub
[22:24:20 INF] Promoted asset e0eff41c-25af-4594-86fb-351176b6ce61 from staging to library: C:\temp\tuvima-watch\books\Le Petit Prince.epub → C:\temp\tuvima-library\Books/Unknown/Le Petit Prince (2012)/Le Petit Prince (2012).epub
[22:24:20 INF] Cover art: downloading 'Le Petit Prince' from https://is1-ssl.mzstatic.com/image/thumb/Publication124/v4/0e/b4/1a/0eb41ac2-ddfa-004e-2f36-1486d87d2009/9782072431258.jpg/9999x9999bb.jpg → C:\temp\tuvima-library\.data\assets\artwork\work\8e1a1ccd-4a66-4b25-b28c-e64eb87c3295\cover\edac9d33cddd480e91ad92e00c2f3bc3.jpg
[22:24:20 INF] Start processing HTTP request GET https://is1-ssl.mzstatic.com/image/thumb/Publication124/v4/0e/b4/1a/0eb41ac2-ddfa-004e-2f36-1486d87d2009/9782072431258.jpg/9999x9999bb.jpg
[22:24:20 INF] Sending HTTP request GET https://is1-ssl.mzstatic.com/image/thumb/Publication124/v4/0e/b4/1a/0eb41ac2-ddfa-004e-2f36-1486d87d2009/9782072431258.jpg/9999x9999bb.jpg
[22:24:20 INF] Start processing HTTP request GET https://www.wikidata.org/w/api.php?*
[22:24:20 INF] Sending HTTP request GET https://www.wikidata.org/w/api.php?*
[22:24:20 INF] Received HTTP response headers after 59.0232ms - 200
[22:24:20 INF] End processing HTTP request after 59.8876ms - 200
[22:24:21 INF] Start processing HTTP request GET https://www.wikidata.org/w/api.php?*
[22:24:21 INF] Sending HTTP request GET https://www.wikidata.org/w/api.php?*
[22:24:21 INF] Received HTTP response headers after 555.4496ms - 200
[22:24:21 INF] Execution attempt. Source: 'cover_download-standard//Standard-Retry', Operation Key: 'null', Result: '200', Handled: 'False', Attempt: '0', Execution Time: 556.2762ms
[22:24:21 INF] End processing HTTP request after 558.9492ms - 200
[22:24:21 INF] Received HTTP response headers after 117.8609ms - 200
[22:24:21 INF] End processing HTTP request after 119.178ms - 200
[22:24:21 INF] Cover art: downloaded poster for 'Le Petit Prince' (379.9 KB) → C:\temp\tuvima-library\.data\assets\artwork\work\8e1a1ccd-4a66-4b25-b28c-e64eb87c3295\cover\edac9d33cddd480e91ad92e00c2f3bc3.jpg
[22:24:21 INF] Start processing HTTP request GET https://www.wikidata.org/w/api.php?*
[22:24:21 INF] Sending HTTP request GET https://www.wikidata.org/w/api.php?*
[22:24:21 INF] Received HTTP response headers after 64.2421ms - 200
[22:24:21 INF] End processing HTTP request after 65.3688ms - 200
[22:24:21 INF] Start processing HTTP request GET https://www.wikidata.org/w/api.php?*
[22:24:21 INF] Sending HTTP request GET https://www.wikidata.org/w/api.php?*
[22:24:21 INF] Received HTTP response headers after 73.732ms - 200
[22:24:21 INF] End processing HTTP request after 74.6974ms - 200
[22:24:22 INF] Start processing HTTP request GET https://www.wikidata.org/w/api.php?*
[22:24:22 INF] Sending HTTP request GET https://www.wikidata.org/w/api.php?*
[22:24:22 INF] Received HTTP response headers after 120.446ms - 200
[22:24:22 INF] End processing HTTP request after 121.7697ms - 200
[22:24:22 INF] Start processing HTTP request GET https://www.wikidata.org/w/api.php?*
[22:24:22 INF] Sending HTTP request GET https://www.wikidata.org/w/api.php?*
[22:24:22 INF] Received HTTP response headers after 42.9551ms - 200
[22:24:22 INF] End processing HTTP request after 43.827ms - 200
[22:24:22 INF] Start processing HTTP request GET https://www.wikidata.org/w/api.php?*
[22:24:22 INF] Sending HTTP request GET https://www.wikidata.org/w/api.php?*
[22:24:22 INF] Received HTTP response headers after 46.1594ms - 200
[22:24:22 INF] End processing HTTP request after 47.1742ms - 200
[22:24:22 INF] Start processing HTTP request GET https://itunes.apple.com/lookup?*
[22:24:22 INF] Sending HTTP request GET https://itunes.apple.com/lookup?*
[22:24:22 INF] Received HTTP response headers after 63.6101ms - 200
[22:24:22 INF] Execution attempt. Source: 'apple_api-standard//Standard-Retry', Operation Key: 'null', Result: '200', Handled: 'False', Attempt: '0', Execution Time: 64.5523ms
[22:24:22 INF] End processing HTTP request after 65.543ms - 200
[22:24:22 INF] Retail match found for entity 4ac62186-d772-4e00-bf30-c514b50469a4: 'Caliban's War' from apple_api (score: 1.00)
[22:24:22 INF] Post-pipeline confidence for entity 4ac62186-d772-4e00-bf30-c514b50469a4: 1.00
[22:24:22 INF] Entity 4ac62186-d772-4e00-bf30-c514b50469a4 meets organization threshold (1.00 >= 0.70), promoting
[22:24:22 INF] Moved C:\temp\tuvima-watch\books\Caliban's War.epub → C:\temp\tuvima-library\Books/Unknown/Caliban's War (2012)/Caliban's War (2012).epub
[22:24:22 INF] Promoted asset 4ac62186-d772-4e00-bf30-c514b50469a4 from staging to library: C:\temp\tuvima-watch\books\Caliban's War.epub → C:\temp\tuvima-library\Books/Unknown/Caliban's War (2012)/Caliban's War (2012).epub
[22:24:22 INF] Cover art: downloading 'Caliban's War' from https://is1-ssl.mzstatic.com/image/thumb/Publication114/v4/a6/08/55/a608552f-2d9e-0b14-5647-bc0087ba6a01/9780316202275.jpg/9999x9999bb.jpg → C:\temp\tuvima-library\.data\assets\artwork\work\fe838371-b529-416e-a965-480d2958ff94\cover\64ee71837bf140d8823ff59839763ad1.jpg
[22:24:22 INF] Start processing HTTP request GET https://is1-ssl.mzstatic.com/image/thumb/Publication114/v4/a6/08/55/a608552f-2d9e-0b14-5647-bc0087ba6a01/9780316202275.jpg/9999x9999bb.jpg
[22:24:22 INF] Sending HTTP request GET https://is1-ssl.mzstatic.com/image/thumb/Publication114/v4/a6/08/55/a608552f-2d9e-0b14-5647-bc0087ba6a01/9780316202275.jpg/9999x9999bb.jpg
[22:24:23 INF] Received HTTP response headers after 144.9647ms - 200
[22:24:23 INF] Execution attempt. Source: 'cover_download-standard//Standard-Retry', Operation Key: 'null', Result: '200', Handled: 'False', Attempt: '0', Execution Time: 145.9322ms
[22:24:23 INF] End processing HTTP request after 147.079ms - 200
[22:24:23 INF] Start processing HTTP request GET https://www.wikidata.org/w/api.php?*
[22:24:23 INF] Sending HTTP request GET https://www.wikidata.org/w/api.php?*
[22:24:23 INF] Received HTTP response headers after 102.4886ms - 200
[22:24:23 INF] End processing HTTP request after 104.8086ms - 200
[22:24:23 INF] Cover art: downloaded poster for 'Caliban's War' (958.0 KB) → C:\temp\tuvima-library\.data\assets\artwork\work\fe838371-b529-416e-a965-480d2958ff94\cover\64ee71837bf140d8823ff59839763ad1.jpg
[22:24:23 INF] Start processing HTTP request GET https://www.wikidata.org/w/api.php?*
[22:24:23 INF] Sending HTTP request GET https://www.wikidata.org/w/api.php?*
[22:24:23 INF] Received HTTP response headers after 76.7967ms - 200
[22:24:23 INF] End processing HTTP request after 78.6703ms - 200
[22:24:23 INF] Start processing HTTP request GET https://www.wikidata.org/w/api.php?*
[22:24:23 INF] Sending HTTP request GET https://www.wikidata.org/w/api.php?*
[22:24:23 INF] Received HTTP response headers after 77.3772ms - 200
[22:24:23 INF] End processing HTTP request after 78.7964ms - 200
[22:24:24 INF] Start processing HTTP request GET https://www.wikidata.org/w/api.php?*
[22:24:24 INF] Sending HTTP request GET https://www.wikidata.org/w/api.php?*
[22:24:24 INF] Start processing HTTP request GET https://www.wikidata.org/w/api.php?*
[22:24:24 INF] Sending HTTP request GET https://www.wikidata.org/w/api.php?*
[22:24:24 INF] Received HTTP response headers after 376.0109ms - 200
[22:24:24 INF] End processing HTTP request after 376.9963ms - 200
[22:24:24 INF] Received HTTP response headers after 109.7114ms - 200
[22:24:24 INF] End processing HTTP request after 110.8538ms - 200
[22:24:24 INF] Start processing HTTP request GET https://www.wikidata.org/w/api.php?*
[22:24:24 INF] Sending HTTP request GET https://www.wikidata.org/w/api.php?*
[22:24:24 INF] Received HTTP response headers after 113.7427ms - 200
[22:24:24 INF] End processing HTTP request after 115.0493ms - 200
[22:24:25 INF] Start processing HTTP request GET https://www.wikidata.org/w/api.php?*
[22:24:25 INF] Sending HTTP request GET https://www.wikidata.org/w/api.php?*
[22:24:25 INF] Received HTTP response headers after 96.9061ms - 200
[22:24:25 INF] End processing HTTP request after 98.0417ms - 200
[22:24:25 INF] Person reconciliation auto-accepted: 'William Gibson' (Narrator) -> Q188987 'William Gibson' (score=0.86)
[22:24:25 INF] Person enrichment writeback: William Gibson -> William Gibson (Q188987) (role: Narrator)
[22:24:25 INF] Persisted reconciled person 'William Gibson' (Q188987) linked to asset 12005f8f-090f-4a28-8ec9-b4bee11b4fda as Narrator
[22:24:25 INF]   Ingestion: assets=105/111, resolved=43/157, pending=114, claims=1018, activeJobs=103, stable=0/4, jobStates=[QidNoMatch:1, Queued:92, RetailMatched:7, RetailNoMatch:1, RetailSearching:4]
[22:24:25 INF] Start processing HTTP request GET https://www.wikidata.org/w/api.php?*
[22:24:25 INF] Sending HTTP request GET https://www.wikidata.org/w/api.php?*
[22:24:25 INF] Start processing HTTP request GET https://itunes.apple.com/search?*
[22:24:25 INF] Sending HTTP request GET https://itunes.apple.com/search?*
[22:24:25 INF] Received HTTP response headers after 556.8624ms - 200
[22:24:25 INF] End processing HTTP request after 557.9754ms - 200
[22:24:25 INF] Start processing HTTP request GET https://www.wikidata.org/w/api.php?*
[22:24:25 INF] Sending HTTP request GET https://www.wikidata.org/w/api.php?*
[22:24:26 INF] Received HTTP response headers after 239.9302ms - 200
[22:24:26 INF] Execution attempt. Source: 'apple_api-standard//Standard-Retry', Operation Key: 'null', Result: '200', Handled: 'False', Attempt: '0', Execution Time: 240.6304ms
[22:24:26 INF] End processing HTTP request after 241.5501ms - 200
[22:24:26 INF] Received HTTP response headers after 77.113ms - 200
[22:24:26 INF] End processing HTTP request after 79.0762ms - 200
[22:24:26 INF] Start processing HTTP request GET https://en.wikipedia.org/w/api.php?*
[22:24:26 INF] Sending HTTP request GET https://en.wikipedia.org/w/api.php?*
[22:24:26 INF] Retail match found for entity 244269e7-6119-4367-836e-6b79ac40d853: 'Frankenstein' from apple_api (score: 1.00)
[22:24:26 INF] Post-pipeline confidence for entity 244269e7-6119-4367-836e-6b79ac40d853: 1.00
[22:24:26 INF] Entity 244269e7-6119-4367-836e-6b79ac40d853 meets organization threshold (1.00 >= 0.70), promoting
[22:24:26 INF] Moved C:\temp\tuvima-watch\books\Frankenstein.epub → C:\temp\tuvima-library\Books/Unknown/Frankenstein (1817)/Frankenstein (1817).epub
[22:24:26 INF] Promoted asset 244269e7-6119-4367-836e-6b79ac40d853 from staging to library: C:\temp\tuvima-watch\books\Frankenstein.epub → C:\temp\tuvima-library\Books/Unknown/Frankenstein (1817)/Frankenstein (1817).epub
[22:24:26 INF] Cover art: downloading 'Frankenstein' from https://is1-ssl.mzstatic.com/image/thumb/Publication114/v4/00/41/04/00410497-b64b-79a1-80c4-3a85d869abd6/cover.png/9999x9999bb.jpg → C:\temp\tuvima-library\.data\assets\artwork\work\d5a87c59-c746-493d-879f-7cd12600b234\cover\88c102e161194cc8a407e683d655bc22.jpg
[22:24:26 INF] Start processing HTTP request GET https://is1-ssl.mzstatic.com/image/thumb/Publication114/v4/00/41/04/00410497-b64b-79a1-80c4-3a85d869abd6/cover.png/9999x9999bb.jpg
[22:24:26 INF] Sending HTTP request GET https://is1-ssl.mzstatic.com/image/thumb/Publication114/v4/00/41/04/00410497-b64b-79a1-80c4-3a85d869abd6/cover.png/9999x9999bb.jpg
[22:24:26 INF] Received HTTP response headers after 61.1394ms - 200
[22:24:26 INF] End processing HTTP request after 61.8821ms - 200
[22:24:26 INF] wikidata_reconciliation: Wikipedia description for Q188987 (en): 2548 chars
[22:24:26 INF] Start processing HTTP request GET https://en.wikipedia.org/w/api.php?*
[22:24:26 INF] Sending HTTP request GET https://en.wikipedia.org/w/api.php?*
[22:24:26 INF] Received HTTP response headers after 75.2979ms - 200
[22:24:26 INF] End processing HTTP request after 79.7585ms - 200
[22:24:26 INF] wikidata_reconciliation: fetched 34 person claims for QID Q188987
[22:24:26 INF] Start processing HTTP request GET https://commons.wikimedia.org/wiki/Special:FilePath/William%20Gibson%2060th%20birthday%20portrait.jpg
[22:24:26 INF] Sending HTTP request GET https://commons.wikimedia.org/wiki/Special:FilePath/William%20Gibson%2060th%20birthday%20portrait.jpg
[22:24:26 INF] Received HTTP response headers after 208.4775ms - 200
[22:24:26 INF] Execution attempt. Source: 'headshot_download-standard//Standard-Retry', Operation Key: 'null', Result: '200', Handled: 'False', Attempt: '0', Execution Time: 209.0614ms
[22:24:26 INF] End processing HTTP request after 209.5944ms - 200
[22:24:26 INF] Person William Gibson: headshot downloaded to C:\temp\tuvima-library\.data\assets\people\474fa643-7529-4c44-a6fb-b6f81b22dd87\headshot.jpg
[22:24:26 INF] [PERF] Person enrichment 474fa643-7529-4c44-a6fb-b6f81b22dd87 ("William Gibson"): 220ms (QID=Q188987, pseudonym=False)
[22:24:26 INF] Harvested 34 claims from wikidata_reconciliation for entity 474fa643-7529-4c44-a6fb-b6f81b22dd87
[22:24:26 INF] Received HTTP response headers after 878.533ms - 200
[22:24:26 INF] Execution attempt. Source: 'cover_download-standard//Standard-Retry', Operation Key: 'null', Result: '200', Handled: 'False', Attempt: '0', Execution Time: 879.3736ms
[22:24:26 INF] End processing HTTP request after 880.2823ms - 200
[22:24:26 INF] Cover art: skipped 'Neuromancer (Unabridged)' — already cached on disk (C:\temp\tuvima-library\.data\assets\artwork\work\4a6b7f0c-898a-42e6-9f20-1048d7b28e83\cover\1cd1d6d2fdfa46f29571c344d9c0ab6b.jpg)
[22:24:26 INF] Post-pipeline confidence for entity 12005f8f-090f-4a28-8ec9-b4bee11b4fda: 0.89
[22:24:27 INF] Entity 12005f8f-090f-4a28-8ec9-b4bee11b4fda meets organization threshold (0.89 >= 0.70), promoting
[22:24:27 INF] Wikidata: no match for 'Neuromancer (Unabridged)' (Audiobooks) — 1 bridge ID(s) tried; retaining retail identity; review_created=False [entity 12005f8f-090f-4a28-8ec9-b4bee11b4fda]
[22:24:27 INF] Cover art: downloaded poster for 'Frankenstein' (1009.1 KB) → C:\temp\tuvima-library\.data\assets\artwork\work\d5a87c59-c746-493d-879f-7cd12600b234\cover\88c102e161194cc8a407e683d655bc22.jpg
[22:24:28 INF] Start processing HTTP request GET https://itunes.apple.com/lookup?*
[22:24:28 INF] Sending HTTP request GET https://itunes.apple.com/lookup?*
[22:24:28 INF] Received HTTP response headers after 99.0169ms - 200
[22:24:28 INF] Execution attempt. Source: 'apple_api-standard//Standard-Retry', Operation Key: 'null', Result: '200', Handled: 'False', Attempt: '0', Execution Time: 99.9798ms
[22:24:28 INF] End processing HTTP request after 101.2031ms - 200
[22:24:28 INF] Retail match found for entity a25c67cd-652c-42ac-93e4-2526ceb7e863: 'Good Omens' from apple_api (score: 1.00)
[22:24:28 INF] Post-pipeline confidence for entity a25c67cd-652c-42ac-93e4-2526ceb7e863: 1.00
[22:24:28 INF] Entity a25c67cd-652c-42ac-93e4-2526ceb7e863 meets organization threshold (1.00 >= 0.70), promoting
[22:24:28 INF] Moved C:\temp\tuvima-watch\books\Good Omens.epub → C:\temp\tuvima-library\Books/Unknown/Good Omens (2011)/Good Omens (2011).epub
[22:24:28 INF] Promoted asset a25c67cd-652c-42ac-93e4-2526ceb7e863 from staging to library: C:\temp\tuvima-watch\books\Good Omens.epub → C:\temp\tuvima-library\Books/Unknown/Good Omens (2011)/Good Omens (2011).epub
[22:24:28 INF] Cover art: downloading 'Good Omens' from https://is1-ssl.mzstatic.com/image/thumb/Publication126/v4/4a/c4/3c/4ac43c1a-ccd8-8abf-a18d-3df2232c8180/9780061991127.jpg/9999x9999bb.jpg → C:\temp\tuvima-library\.data\assets\artwork\work\d784b3d7-30df-4dbc-bfa2-afc073ee1661\cover\7783648cf44a416d86347a19968e53ca.jpg
[22:24:28 INF] Start processing HTTP request GET https://is1-ssl.mzstatic.com/image/thumb/Publication126/v4/4a/c4/3c/4ac43c1a-ccd8-8abf-a18d-3df2232c8180/9780061991127.jpg/9999x9999bb.jpg
[22:24:28 INF] Sending HTTP request GET https://is1-ssl.mzstatic.com/image/thumb/Publication126/v4/4a/c4/3c/4ac43c1a-ccd8-8abf-a18d-3df2232c8180/9780061991127.jpg/9999x9999bb.jpg
[22:24:29 INF] Received HTTP response headers after 90.5616ms - 200
[22:24:29 INF] Execution attempt. Source: 'cover_download-standard//Standard-Retry', Operation Key: 'null', Result: '200', Handled: 'False', Attempt: '0', Execution Time: 91.9165ms
[22:24:29 INF] End processing HTTP request after 93.2536ms - 200
[22:24:29 INF] Cover art: downloaded poster for 'Good Omens' (1252.9 KB) → C:\temp\tuvima-library\.data\assets\artwork\work\d784b3d7-30df-4dbc-bfa2-afc073ee1661\cover\7783648cf44a416d86347a19968e53ca.jpg
[22:24:30 INF]   Ingestion: assets=105/111, resolved=43/157, pending=114, claims=1070, activeJobs=103, stable=0/4, jobStates=[Queued:90, ReadyWithoutUniverse:1, RetailMatched:9, RetailNoMatch:1, RetailSearching:4]
[22:24:30 INF] Next retag sweep at 07/27/2026 03:00:00 -05:00
[22:24:30 INF] Next storage maintenance pass at 07/27/2026 02:00:00 -05:00
[22:24:31 INF] Start processing HTTP request GET https://itunes.apple.com/lookup?*
[22:24:31 INF] Sending HTTP request GET https://itunes.apple.com/lookup?*
[22:24:31 INF] Received HTTP response headers after 74.9892ms - 200
[22:24:31 INF] Execution attempt. Source: 'apple_api-standard//Standard-Retry', Operation Key: 'null', Result: '200', Handled: 'False', Attempt: '0', Execution Time: 75.8249ms
[22:24:31 INF] End processing HTTP request after 76.5834ms - 200
[22:24:31 INF] apple_api/isbn_lookup: zero results from API, trying next strategy
[22:24:32 INF] Wikidata: leased 9 job(s) for bridge resolution
[22:24:32 INF] Wikidata: dispatching 9 job(s) to ResolveBatchAsync - 0 music, 9 with bridge IDs, 0 non-music title-only request(s) expected to be skipped
[22:24:32 INF] Start processing HTTP request GET https://www.wikidata.org/w/api.php?*
[22:24:32 INF] Sending HTTP request GET https://www.wikidata.org/w/api.php?*
[22:24:32 INF] Received HTTP response headers after 74.9085ms - 200
[22:24:32 INF] End processing HTTP request after 75.7749ms - 200
[22:24:32 INF] Start processing HTTP request GET https://www.wikidata.org/w/api.php?*
[22:24:32 INF] Sending HTTP request GET https://www.wikidata.org/w/api.php?*
[22:24:32 INF] Received HTTP response headers after 45.4995ms - 200
[22:24:32 INF] End processing HTTP request after 48.5478ms - 200
[22:24:32 INF] Start processing HTTP request GET https://www.wikidata.org/w/api.php?*
[22:24:32 INF] Sending HTTP request GET https://www.wikidata.org/w/api.php?*
[22:24:32 INF] Received HTTP response headers after 47.363ms - 200
[22:24:32 INF] End processing HTTP request after 48.5188ms - 200
[22:24:33 INF] Start processing HTTP request GET https://www.wikidata.org/w/api.php?*
[22:24:33 INF] Sending HTTP request GET https://www.wikidata.org/w/api.php?*
[22:24:33 INF] Received HTTP response headers after 65.8909ms - 200
[22:24:33 INF] End processing HTTP request after 67.1189ms - 200
[22:24:33 INF] Start processing HTTP request GET https://www.wikidata.org/w/api.php?*
[22:24:33 INF] Sending HTTP request GET https://www.wikidata.org/w/api.php?*
[22:24:33 INF] Received HTTP response headers after 138.7412ms - 200
[22:24:33 INF] End processing HTTP request after 140.518ms - 200
[22:24:33 INF] Start processing HTTP request GET https://www.wikidata.org/w/api.php?*
[22:24:33 INF] Sending HTTP request GET https://www.wikidata.org/w/api.php?*
[22:24:33 INF] Received HTTP response headers after 48.8639ms - 200
[22:24:33 INF] End processing HTTP request after 53.266ms - 200
[22:24:34 INF] Start processing HTTP request GET https://www.wikidata.org/w/api.php?*
[22:24:34 INF] Sending HTTP request GET https://www.wikidata.org/w/api.php?*
[22:24:34 INF] Received HTTP response headers after 83.2159ms - 200
[22:24:34 INF] End processing HTTP request after 84.2256ms - 200
[22:24:34 INF] Start processing HTTP request GET https://www.wikidata.org/w/api.php?*
[22:24:34 INF] Sending HTTP request GET https://www.wikidata.org/w/api.php?*
[22:24:34 INF] Received HTTP response headers after 58.6223ms - 200
[22:24:34 INF] End processing HTTP request after 61.139ms - 200
[22:24:34 INF] Start processing HTTP request GET https://www.wikidata.org/w/api.php?*
[22:24:34 INF] Sending HTTP request GET https://www.wikidata.org/w/api.php?*
[22:24:34 INF] Start processing HTTP request GET https://itunes.apple.com/lookup?*
[22:24:34 INF] Sending HTTP request GET https://itunes.apple.com/lookup?*
[22:24:34 INF] Received HTTP response headers after 97.4303ms - 200
[22:24:34 INF] End processing HTTP request after 98.7158ms - 200
[22:24:35 INF] Received HTTP response headers after 256.1378ms - 200
[22:24:35 INF] Execution attempt. Source: 'apple_api-standard//Standard-Retry', Operation Key: 'null', Result: '200', Handled: 'False', Attempt: '0', Execution Time: 259.1833ms
[22:24:35 INF] End processing HTTP request after 260.2243ms - 200
[22:24:35 INF] Retail match found for entity 41e02fca-a8b8-4cc8-bff0-c2e904a3a2ad: '1Q84' from apple_api (score: 0.93)
[22:24:35 INF] Post-pipeline confidence for entity 41e02fca-a8b8-4cc8-bff0-c2e904a3a2ad: 1.00
[22:24:35 INF] Entity 41e02fca-a8b8-4cc8-bff0-c2e904a3a2ad meets organization threshold (1.00 >= 0.70), promoting
[22:24:35 INF] Moved C:\temp\tuvima-watch\books\1Q84.epub → C:\temp\tuvima-library\Books/Unknown/1Q84 (2011)/1Q84 (2011).epub
[22:24:35 INF] Promoted asset 41e02fca-a8b8-4cc8-bff0-c2e904a3a2ad from staging to library: C:\temp\tuvima-watch\books\1Q84.epub → C:\temp\tuvima-library\Books/Unknown/1Q84 (2011)/1Q84 (2011).epub
[22:24:35 INF] Cover art: downloading '1Q84' from https://is1-ssl.mzstatic.com/image/thumb/Publication221/v4/28/fe/22/28fe22ee-c5ae-b657-4001-44f0c09a5903/9780307957023.d.jpg/9999x9999bb.jpg → C:\temp\tuvima-library\.data\assets\artwork\work\e7c728c7-16fe-4f0f-97ea-38e6f5dc96d5\cover\73dd181894614e9d8ae140584a4a37ce.jpg
[22:24:35 INF] Start processing HTTP request GET https://is1-ssl.mzstatic.com/image/thumb/Publication221/v4/28/fe/22/28fe22ee-c5ae-b657-4001-44f0c09a5903/9780307957023.d.jpg/9999x9999bb.jpg
[22:24:35 INF] Sending HTTP request GET https://is1-ssl.mzstatic.com/image/thumb/Publication221/v4/28/fe/22/28fe22ee-c5ae-b657-4001-44f0c09a5903/9780307957023.d.jpg/9999x9999bb.jpg
[22:24:35 INF] Start processing HTTP request GET https://www.wikidata.org/w/api.php?*
[22:24:35 INF] Sending HTTP request GET https://www.wikidata.org/w/api.php?*
[22:24:35 INF] Received HTTP response headers after 132.8666ms - 200
[22:24:35 INF] Execution attempt. Source: 'cover_download-standard//Standard-Retry', Operation Key: 'null', Result: '200', Handled: 'False', Attempt: '0', Execution Time: 134.2071ms
[22:24:35 INF] End processing HTTP request after 136.233ms - 200
[22:24:35 INF] Received HTTP response headers after 207.4594ms - 200
[22:24:35 INF] End processing HTTP request after 209.4967ms - 200
[22:24:35 INF]   Ingestion: assets=105/111, resolved=43/157, pending=114, claims=1077, activeJobs=103, stable=0/4, jobStates=[BridgeSearching:9, Queued:90, ReadyWithoutUniverse:1, RetailMatched:1, RetailNoMatch:1, RetailSearching:3]
[22:24:35 INF] Start processing HTTP request GET https://www.wikidata.org/w/api.php?*
[22:24:35 INF] Sending HTTP request GET https://www.wikidata.org/w/api.php?*
[22:24:35 INF] Received HTTP response headers after 140.8067ms - 200
[22:24:35 INF] End processing HTTP request after 142.2632ms - 200
[22:24:35 INF] Cover art: downloaded poster for '1Q84' (1005.2 KB) → C:\temp\tuvima-library\.data\assets\artwork\work\e7c728c7-16fe-4f0f-97ea-38e6f5dc96d5\cover\73dd181894614e9d8ae140584a4a37ce.jpg
[22:24:35 INF] Start processing HTTP request GET https://www.wikidata.org/w/api.php?*
[22:24:35 INF] Sending HTTP request GET https://www.wikidata.org/w/api.php?*
[22:24:35 INF] Received HTTP response headers after 156.6044ms - 200
[22:24:35 INF] End processing HTTP request after 157.9883ms - 200
[22:24:36 INF] Start processing HTTP request GET https://www.wikidata.org/w/api.php?*
[22:24:36 INF] Sending HTTP request GET https://www.wikidata.org/w/api.php?*
[22:24:36 INF] Received HTTP response headers after 113.8995ms - 200
[22:24:36 INF] End processing HTTP request after 115.1463ms - 200
[22:24:36 INF] Start processing HTTP request GET https://www.wikidata.org/w/api.php?*
[22:24:36 INF] Sending HTTP request GET https://www.wikidata.org/w/api.php?*
[22:24:36 INF] Received HTTP response headers after 299.4261ms - 200
[22:24:36 INF] End processing HTTP request after 300.547ms - 200
[22:24:36 INF] Start processing HTTP request GET https://www.wikidata.org/w/api.php?*
[22:24:36 INF] Sending HTTP request GET https://www.wikidata.org/w/api.php?*
[22:24:36 INF] Received HTTP response headers after 113.9524ms - 200
[22:24:36 INF] End processing HTTP request after 116.4855ms - 200
[22:24:37 INF] Start processing HTTP request GET https://www.wikidata.org/w/api.php?*
[22:24:37 INF] Sending HTTP request GET https://www.wikidata.org/w/api.php?*
[22:24:37 INF] Received HTTP response headers after 144.8025ms - 200
[22:24:37 INF] End processing HTTP request after 146.9942ms - 200
[22:24:37 INF] Start processing HTTP request GET https://www.wikidata.org/w/api.php?*
[22:24:37 INF] Sending HTTP request GET https://www.wikidata.org/w/api.php?*
[22:24:37 INF] Received HTTP response headers after 150.0531ms - 200
[22:24:37 INF] End processing HTTP request after 151.2695ms - 200
[22:24:37 INF] Start processing HTTP request GET https://itunes.apple.com/lookup?*
[22:24:37 INF] Sending HTTP request GET https://itunes.apple.com/lookup?*
[22:24:37 INF] Start processing HTTP request GET https://www.wikidata.org/w/api.php?*
[22:24:37 INF] Sending HTTP request GET https://www.wikidata.org/w/api.php?*
[22:24:37 INF] Received HTTP response headers after 91.8085ms - 200
[22:24:37 INF] Execution attempt. Source: 'apple_api-standard//Standard-Retry', Operation Key: 'null', Result: '200', Handled: 'False', Attempt: '0', Execution Time: 92.6301ms
[22:24:37 INF] End processing HTTP request after 93.6093ms - 200
[22:24:37 INF] Received HTTP response headers after 85.6043ms - 200
[22:24:37 INF] End processing HTTP request after 87.0255ms - 200
[22:24:37 INF] Retail match found for entity ef7a5263-41d5-4702-b4e1-7a7b0a9324f2: 'Neuromancer' from apple_api (score: 1.00)
[22:24:37 INF] Post-pipeline confidence for entity ef7a5263-41d5-4702-b4e1-7a7b0a9324f2: 1.00
[22:24:37 INF] Entity ef7a5263-41d5-4702-b4e1-7a7b0a9324f2 meets organization threshold (1.00 >= 0.70), promoting
[22:24:37 INF] Moved C:\temp\tuvima-watch\books\Neuromancer.epub → C:\temp\tuvima-library\Books/Unknown/Neuromancer (1984)/Neuromancer (1984).epub
[22:24:37 INF] Promoted asset ef7a5263-41d5-4702-b4e1-7a7b0a9324f2 from staging to library: C:\temp\tuvima-watch\books\Neuromancer.epub → C:\temp\tuvima-library\Books/Unknown/Neuromancer (1984)/Neuromancer (1984).epub
[22:24:37 INF] Cover art: downloading 'Neuromancer' from https://is1-ssl.mzstatic.com/image/thumb/Publication124/v4/f7/cc/14/f7cc14cb-a7c3-46a1-dffa-1e6d3656462a/9781101146460.jpg/9999x9999bb.jpg → C:\temp\tuvima-library\.data\assets\artwork\work\41085454-9242-40e7-b294-37de3710b413\cover\106928d62aa74c09ac9b111b79ec19ed.jpg
[22:24:37 INF] Start processing HTTP request GET https://is1-ssl.mzstatic.com/image/thumb/Publication124/v4/f7/cc/14/f7cc14cb-a7c3-46a1-dffa-1e6d3656462a/9781101146460.jpg/9999x9999bb.jpg
[22:24:37 INF] Sending HTTP request GET https://is1-ssl.mzstatic.com/image/thumb/Publication124/v4/f7/cc/14/f7cc14cb-a7c3-46a1-dffa-1e6d3656462a/9781101146460.jpg/9999x9999bb.jpg
[22:24:37 INF] Received HTTP response headers after 11.9053ms - 200
[22:24:37 INF] Execution attempt. Source: 'cover_download-standard//Standard-Retry', Operation Key: 'null', Result: '200', Handled: 'False', Attempt: '0', Execution Time: 13.1494ms
[22:24:37 INF] End processing HTTP request after 14.0952ms - 200
[22:24:38 INF] Start processing HTTP request GET https://www.wikidata.org/w/api.php?*
[22:24:38 INF] Sending HTTP request GET https://www.wikidata.org/w/api.php?*
[22:24:38 INF] Received HTTP response headers after 88.6261ms - 200
[22:24:38 INF] End processing HTTP request after 91.1115ms - 200
[22:24:38 INF] Cover art: downloaded poster for 'Neuromancer' (685.8 KB) → C:\temp\tuvima-library\.data\assets\artwork\work\41085454-9242-40e7-b294-37de3710b413\cover\106928d62aa74c09ac9b111b79ec19ed.jpg
[22:24:38 INF] Start processing HTTP request GET https://www.wikidata.org/w/api.php?*
[22:24:38 INF] Sending HTTP request GET https://www.wikidata.org/w/api.php?*
[22:24:38 INF] Received HTTP response headers after 88.792ms - 200
[22:24:38 INF] End processing HTTP request after 90.499ms - 200
[22:24:38 INF] Start processing HTTP request GET https://www.wikidata.org/w/api.php?*
[22:24:38 INF] Sending HTTP request GET https://www.wikidata.org/w/api.php?*
[22:24:38 INF] Received HTTP response headers after 46.8029ms - 200
[22:24:38 INF] End processing HTTP request after 48.7724ms - 200
[22:24:39 INF] Start processing HTTP request GET https://www.wikidata.org/w/api.php?*
[22:24:39 INF] Sending HTTP request GET https://www.wikidata.org/w/api.php?*
[22:24:39 INF] Received HTTP response headers after 80.9252ms - 200
[22:24:39 INF] End processing HTTP request after 82.1598ms - 200
[22:24:39 INF] Start processing HTTP request GET https://www.wikidata.org/w/api.php?*
[22:24:39 INF] Sending HTTP request GET https://www.wikidata.org/w/api.php?*
[22:24:39 INF] Received HTTP response headers after 96.9983ms - 200
[22:24:39 INF] End processing HTTP request after 99.1437ms - 200
[22:24:39 INF] Start processing HTTP request GET https://www.wikidata.org/w/api.php?*
[22:24:39 INF] Sending HTTP request GET https://www.wikidata.org/w/api.php?*
[22:24:39 INF] Received HTTP response headers after 86.5209ms - 200
[22:24:39 INF] End processing HTTP request after 88.1565ms - 200
[22:24:40 INF] Start processing HTTP request GET https://www.wikidata.org/w/api.php?*
[22:24:40 INF] Sending HTTP request GET https://www.wikidata.org/w/api.php?*
[22:24:40 INF] Received HTTP response headers after 51.6631ms - 200
[22:24:40 INF] End processing HTTP request after 52.6201ms - 200
[22:24:40 INF]   Ingestion: assets=105/111, resolved=43/157, pending=114, claims=1086, activeJobs=103, stable=0/4, jobStates=[BridgeSearching:9, Queued:88, ReadyWithoutUniverse:1, RetailMatched:2, RetailNoMatch:1, RetailSearching:4]
[22:24:40 INF] Start processing HTTP request GET https://www.wikidata.org/w/api.php?*
[22:24:40 INF] Sending HTTP request GET https://www.wikidata.org/w/api.php?*
[22:24:40 INF] Received HTTP response headers after 98.8243ms - 200
[22:24:40 INF] End processing HTTP request after 100.2166ms - 200
[22:24:40 INF] Start processing HTTP request GET https://itunes.apple.com/search?*
[22:24:40 INF] Sending HTTP request GET https://itunes.apple.com/search?*
[22:24:40 INF] Start processing HTTP request GET https://www.wikidata.org/w/api.php?*
[22:24:40 INF] Sending HTTP request GET https://www.wikidata.org/w/api.php?*
[22:24:40 INF] Received HTTP response headers after 65.0863ms - 200
[22:24:40 INF] End processing HTTP request after 66.531ms - 200
[22:24:40 INF] Received HTTP response headers after 203.6231ms - 200
[22:24:40 INF] Execution attempt. Source: 'apple_api-standard//Standard-Retry', Operation Key: 'null', Result: '200', Handled: 'False', Attempt: '0', Execution Time: 204.2351ms
[22:24:40 INF] End processing HTTP request after 206.344ms - 200
[22:24:40 INF] Retail match found for entity 8935fd24-2cba-415e-9b97-1f026717ce01: 'Die Verwandlung' from apple_api (score: 1.00)
[22:24:41 INF] Post-pipeline confidence for entity 8935fd24-2cba-415e-9b97-1f026717ce01: 1.00
[22:24:41 INF] Entity 8935fd24-2cba-415e-9b97-1f026717ce01 meets organization threshold (1.00 >= 0.70), promoting
[22:24:41 INF] Moved C:\temp\tuvima-watch\books\Die Verwandlung.epub → C:\temp\tuvima-library\Books/Unknown/Die Verwandlung (1924)/Die Verwandlung (1924).epub
[22:24:41 INF] Promoted asset 8935fd24-2cba-415e-9b97-1f026717ce01 from staging to library: C:\temp\tuvima-watch\books\Die Verwandlung.epub → C:\temp\tuvima-library\Books/Unknown/Die Verwandlung (1924)/Die Verwandlung (1924).epub
[22:24:41 INF] Cover art: downloading 'Die Verwandlung' from https://is1-ssl.mzstatic.com/image/thumb/Publication124/v4/42/00/c5/4200c53c-1b09-6d07-22c6-185381a0852f/PD_Die_Verwandlung-Adj.jpg/9999x9999bb.jpg → C:\temp\tuvima-library\.data\assets\artwork\work\1b6a854c-cded-4eef-a103-49e703419e82\cover\d10640baa7cb49cf81f5077864e4f8dd.jpg
[22:24:41 INF] Start processing HTTP request GET https://is1-ssl.mzstatic.com/image/thumb/Publication124/v4/42/00/c5/4200c53c-1b09-6d07-22c6-185381a0852f/PD_Die_Verwandlung-Adj.jpg/9999x9999bb.jpg
[22:24:41 INF] Sending HTTP request GET https://is1-ssl.mzstatic.com/image/thumb/Publication124/v4/42/00/c5/4200c53c-1b09-6d07-22c6-185381a0852f/PD_Die_Verwandlung-Adj.jpg/9999x9999bb.jpg
[22:24:41 INF] Start processing HTTP request GET https://www.wikidata.org/w/api.php?*
[22:24:41 INF] Sending HTTP request GET https://www.wikidata.org/w/api.php?*
[22:24:41 INF] Received HTTP response headers after 76.8713ms - 200
[22:24:41 INF] End processing HTTP request after 79.0028ms - 200
[22:24:41 INF] Start processing HTTP request GET https://www.wikidata.org/w/api.php?*
[22:24:41 INF] Sending HTTP request GET https://www.wikidata.org/w/api.php?*
[22:24:41 INF] Received HTTP response headers after 291.0596ms - 200
[22:24:41 INF] End processing HTTP request after 292.6745ms - 200
[22:24:41 INF] Start processing HTTP request GET https://www.wikidata.org/w/api.php?*
[22:24:41 INF] Sending HTTP request GET https://www.wikidata.org/w/api.php?*
[22:24:41 INF] Received HTTP response headers after 95.7282ms - 200
[22:24:41 INF] End processing HTTP request after 106.9082ms - 200
[22:24:42 INF] Start processing HTTP request GET https://www.wikidata.org/w/api.php?*
[22:24:42 INF] Sending HTTP request GET https://www.wikidata.org/w/api.php?*
[22:24:42 INF] Received HTTP response headers after 51.2651ms - 200
[22:24:42 INF] End processing HTTP request after 58.0515ms - 200
[22:24:42 INF] Start processing HTTP request GET https://www.wikidata.org/w/api.php?*
[22:24:42 INF] Sending HTTP request GET https://www.wikidata.org/w/api.php?*
[22:24:42 INF] Received HTTP response headers after 115.1713ms - 200
[22:24:42 INF] End processing HTTP request after 127.2601ms - 200
[22:24:42 INF] Start processing HTTP request GET https://www.wikidata.org/w/api.php?*
[22:24:42 INF] Sending HTTP request GET https://www.wikidata.org/w/api.php?*
[22:24:42 INF] Received HTTP response headers after 129.1734ms - 200
[22:24:42 INF] End processing HTTP request after 130.1902ms - 200
[22:24:43 INF] Received HTTP response headers after 2029.8983ms - 200
[22:24:43 INF] Execution attempt. Source: 'cover_download-standard//Standard-Retry', Operation Key: 'null', Result: '200', Handled: 'False', Attempt: '0', Execution Time: 2033.4766ms
[22:24:43 INF] End processing HTTP request after 2034.7298ms - 200
[22:24:43 INF] Start processing HTTP request GET https://www.wikidata.org/w/api.php?*
[22:24:43 INF] Sending HTTP request GET https://www.wikidata.org/w/api.php?*
[22:24:43 INF] Received HTTP response headers after 95.6837ms - 200
[22:24:43 INF] End processing HTTP request after 97.2352ms - 200
[22:24:43 INF] Cover art: downloaded poster for 'Die Verwandlung' (147.0 KB) → C:\temp\tuvima-library\.data\assets\artwork\work\1b6a854c-cded-4eef-a103-49e703419e82\cover\d10640baa7cb49cf81f5077864e4f8dd.jpg
[22:24:43 INF] Start processing HTTP request GET https://www.wikidata.org/w/api.php?*
[22:24:43 INF] Sending HTTP request GET https://www.wikidata.org/w/api.php?*
[22:24:43 INF] Received HTTP response headers after 70.354ms - 200
[22:24:43 INF] End processing HTTP request after 72.8634ms - 200
[22:24:43 INF] Start processing HTTP request GET https://itunes.apple.com/search?*
[22:24:43 INF] Sending HTTP request GET https://itunes.apple.com/search?*
[22:24:43 INF] Start processing HTTP request GET https://www.wikidata.org/w/api.php?*
[22:24:43 INF] Sending HTTP request GET https://www.wikidata.org/w/api.php?*
[22:24:43 INF] Received HTTP response headers after 67.5775ms - 200
[22:24:43 INF] End processing HTTP request after 69.3543ms - 200
[22:24:43 INF] Received HTTP response headers after 115.427ms - 200
[22:24:43 INF] Execution attempt. Source: 'apple_api-standard//Standard-Retry', Operation Key: 'null', Result: '200', Handled: 'False', Attempt: '0', Execution Time: 115.9045ms
[22:24:43 INF] End processing HTTP request after 117.0913ms - 200
[22:24:43 INF] Retail match found for entity f68ef1e6-35a8-4d6f-8375-cb4978b777b3: 'Project Hail Mary' from apple_api (score: 1.00)
[22:24:43 INF] Post-pipeline confidence for entity f68ef1e6-35a8-4d6f-8375-cb4978b777b3: 0.89
[22:24:43 INF] Auto-resolving AmbiguousMediaType review for entity f68ef1e6-35a8-4d6f-8375-cb4978b777b3 (confidence: 0.89)
[22:24:43 INF] Entity f68ef1e6-35a8-4d6f-8375-cb4978b777b3 meets organization threshold (0.89 >= 0.70), promoting
[22:24:43 INF] Moved C:\temp\tuvima-watch\books\Project Hail Mary - Ray Porter.mp3 → C:\temp\tuvima-library\Audiobooks/Unknown/Project Hail Mary (2026)/Project Hail Mary.mp3
[22:24:43 INF] Promoted asset f68ef1e6-35a8-4d6f-8375-cb4978b777b3 from staging to library: C:\temp\tuvima-watch\books\Project Hail Mary - Ray Porter.mp3 → C:\temp\tuvima-library\Audiobooks/Unknown/Project Hail Mary (2026)/Project Hail Mary.mp3
[22:24:43 INF] Cover art: downloading 'Project Hail Mary' from https://is1-ssl.mzstatic.com/image/thumb/Music221/v4/2a/1a/fc/2a1afcc9-6179-5fdf-3bea-aec376486895/rm_image.jpg/9999x9999bb.jpg → C:\temp\tuvima-library\.data\assets\artwork\work\0d8dde54-ed42-4499-909a-f8a738a50615\cover\81b27e99ce5742919a7bf15e264daefc.jpg
[22:24:43 INF] Start processing HTTP request GET https://is1-ssl.mzstatic.com/image/thumb/Music221/v4/2a/1a/fc/2a1afcc9-6179-5fdf-3bea-aec376486895/rm_image.jpg/9999x9999bb.jpg
[22:24:43 INF] Sending HTTP request GET https://is1-ssl.mzstatic.com/image/thumb/Music221/v4/2a/1a/fc/2a1afcc9-6179-5fdf-3bea-aec376486895/rm_image.jpg/9999x9999bb.jpg
[22:24:44 INF] Received HTTP response headers after 115.5163ms - 200
[22:24:44 INF] Execution attempt. Source: 'cover_download-standard//Standard-Retry', Operation Key: 'null', Result: '200', Handled: 'False', Attempt: '0', Execution Time: 116.3235ms
[22:24:44 INF] End processing HTTP request after 116.9449ms - 200
[22:24:44 INF] Start processing HTTP request GET https://www.wikidata.org/w/api.php?*
[22:24:44 INF] Sending HTTP request GET https://www.wikidata.org/w/api.php?*
[22:24:44 INF] Received HTTP response headers after 88.6011ms - 200
[22:24:44 INF] End processing HTTP request after 90.2792ms - 200
[22:24:44 INF] Start processing HTTP request GET https://www.wikidata.org/w/api.php?*
[22:24:44 INF] Sending HTTP request GET https://www.wikidata.org/w/api.php?*
[22:24:44 INF] Cover art: downloaded poster for 'Project Hail Mary' (1201.9 KB) → C:\temp\tuvima-library\.data\assets\artwork\work\0d8dde54-ed42-4499-909a-f8a738a50615\cover\81b27e99ce5742919a7bf15e264daefc.jpg
[22:24:44 INF] Received HTTP response headers after 209.0878ms - 200
[22:24:44 INF] End processing HTTP request after 210.0538ms - 200
[22:24:44 INF] Start processing HTTP request GET https://www.wikidata.org/w/api.php?*
[22:24:44 INF] Sending HTTP request GET https://www.wikidata.org/w/api.php?*
[22:24:45 INF] Received HTTP response headers after 239.1836ms - 200
[22:24:45 INF] End processing HTTP request after 247.7995ms - 200
[22:24:45 INF] Start processing HTTP request GET https://www.wikidata.org/w/api.php?*
[22:24:45 INF] Sending HTTP request GET https://www.wikidata.org/w/api.php?*
[22:24:45 INF]   Ingestion: assets=105/111, resolved=42/157, pending=115, claims=1103, activeJobs=103, stable=0/4, jobStates=[BridgeSearching:9, Queued:86, ReadyWithoutUniverse:1, RetailMatched:4, RetailNoMatch:1, RetailSearching:4]
[22:24:45 INF] Received HTTP response headers after 287.4827ms - 200
[22:24:45 INF] End processing HTTP request after 291.3975ms - 200
[22:24:45 INF] Start processing HTTP request GET https://www.wikidata.org/w/api.php?*
[22:24:45 INF] Sending HTTP request GET https://www.wikidata.org/w/api.php?*
[22:24:45 INF] Received HTTP response headers after 95.4046ms - 200
[22:24:45 INF] End processing HTTP request after 98.086ms - 200
[22:24:45 INF] Start processing HTTP request GET https://www.wikidata.org/w/api.php?*
[22:24:45 INF] Sending HTTP request GET https://www.wikidata.org/w/api.php?*
[22:24:45 INF] Received HTTP response headers after 99.5382ms - 200
[22:24:45 INF] End processing HTTP request after 103.2979ms - 200
[22:24:46 INF] Start processing HTTP request GET https://www.wikidata.org/w/api.php?*
[22:24:46 INF] Sending HTTP request GET https://www.wikidata.org/w/api.php?*
[22:24:46 INF] Received HTTP response headers after 106.3491ms - 200
[22:24:46 INF] End processing HTTP request after 110.7608ms - 200
[22:24:46 INF] Start processing HTTP request GET https://www.wikidata.org/w/api.php?*
[22:24:46 INF] Sending HTTP request GET https://www.wikidata.org/w/api.php?*
[22:24:46 INF] Received HTTP response headers after 130.3394ms - 200
[22:24:46 INF] End processing HTTP request after 132.5761ms - 200
[22:24:46 INF] Start processing HTTP request GET https://itunes.apple.com/lookup?*
[22:24:46 INF] Sending HTTP request GET https://itunes.apple.com/lookup?*
[22:24:46 INF] Start processing HTTP request GET https://www.wikidata.org/w/api.php?*
[22:24:46 INF] Sending HTTP request GET https://www.wikidata.org/w/api.php?*
[22:24:46 INF] Received HTTP response headers after 47.0822ms - 200
[22:24:46 INF] Execution attempt. Source: 'apple_api-standard//Standard-Retry', Operation Key: 'null', Result: '200', Handled: 'False', Attempt: '0', Execution Time: 49.3153ms
[22:24:46 INF] End processing HTTP request after 50.7058ms - 200
[22:24:46 INF] apple_api/isbn_lookup: zero results from API, trying next strategy
[22:24:47 INF] Received HTTP response headers after 254.3351ms - 200
[22:24:47 INF] End processing HTTP request after 255.5962ms - 200
[22:24:47 INF] Start processing HTTP request GET https://www.wikidata.org/w/api.php?*
[22:24:47 INF] Sending HTTP request GET https://www.wikidata.org/w/api.php?*
[22:24:47 INF] Received HTTP response headers after 60.3805ms - 200
[22:24:47 INF] End processing HTTP request after 61.4996ms - 200
[22:24:47 INF] Start processing HTTP request GET https://www.wikidata.org/w/api.php?*
[22:24:47 INF] Sending HTTP request GET https://www.wikidata.org/w/api.php?*
[22:24:47 INF] Received HTTP response headers after 62.0114ms - 200
[22:24:47 INF] End processing HTTP request after 64.7908ms - 200
[22:24:47 INF] Start processing HTTP request GET https://www.wikidata.org/w/api.php?*
[22:24:47 INF] Sending HTTP request GET https://www.wikidata.org/w/api.php?*
[22:24:47 INF] Received HTTP response headers after 59.2548ms - 200
[22:24:47 INF] End processing HTTP request after 62.7026ms - 200
[22:24:48 INF] Start processing HTTP request GET https://www.wikidata.org/w/api.php?*
[22:24:48 INF] Sending HTTP request GET https://www.wikidata.org/w/api.php?*
[22:24:48 INF] Received HTTP response headers after 49.938ms - 200
[22:24:48 INF] End processing HTTP request after 55.8987ms - 200
[22:24:48 INF] Start processing HTTP request GET https://www.wikidata.org/w/api.php?*
[22:24:48 INF] Sending HTTP request GET https://www.wikidata.org/w/api.php?*
[22:24:48 INF] Received HTTP response headers after 66.5687ms - 200
[22:24:48 INF] End processing HTTP request after 68.5366ms - 200
[22:24:48 INF] Start processing HTTP request GET https://www.wikidata.org/w/api.php?*
[22:24:48 INF] Sending HTTP request GET https://www.wikidata.org/w/api.php?*
[22:24:48 INF] Received HTTP response headers after 71.804ms - 200
[22:24:48 INF] End processing HTTP request after 72.9625ms - 200
[22:24:49 INF] Start processing HTTP request GET https://www.wikidata.org/w/api.php?*
[22:24:49 INF] Sending HTTP request GET https://www.wikidata.org/w/api.php?*
[22:24:49 INF] Received HTTP response headers after 47.8763ms - 200
[22:24:49 INF] End processing HTTP request after 48.93ms - 200
[22:24:49 INF] Start processing HTTP request GET https://www.wikidata.org/w/api.php?*
[22:24:49 INF] Sending HTTP request GET https://www.wikidata.org/w/api.php?*
[22:24:49 INF] Received HTTP response headers after 73.2772ms - 200
[22:24:49 INF] End processing HTTP request after 74.8666ms - 200
[22:24:49 INF] Start processing HTTP request GET https://itunes.apple.com/lookup?*
[22:24:49 INF] Sending HTTP request GET https://itunes.apple.com/lookup?*
[22:24:49 INF] Start processing HTTP request GET https://www.wikidata.org/w/api.php?*
[22:24:49 INF] Sending HTTP request GET https://www.wikidata.org/w/api.php?*
[22:24:49 INF] Received HTTP response headers after 68.6462ms - 200
[22:24:49 INF] Execution attempt. Source: 'apple_api-standard//Standard-Retry', Operation Key: 'null', Result: '200', Handled: 'False', Attempt: '0', Execution Time: 69.4689ms
[22:24:49 INF] End processing HTTP request after 70.1806ms - 200
[22:24:49 INF] apple_api/isbn_lookup: rejected mismatched result 'The Hill We Climb' by 'Amanda Gorman' for requested 'Project Hail Mary' by 'Andy Weir' (title=0.00, author=0.00)
[22:24:49 INF] apple_api/isbn_lookup: zero results from API, trying next strategy
[22:24:49 INF] Received HTTP response headers after 99.8793ms - 200
[22:24:49 INF] End processing HTTP request after 101.466ms - 200
[22:24:50 INF] Start processing HTTP request GET https://www.wikidata.org/w/api.php?*
[22:24:50 INF] Sending HTTP request GET https://www.wikidata.org/w/api.php?*
[22:24:50 INF] Received HTTP response headers after 47.7849ms - 200
[22:24:50 INF] End processing HTTP request after 48.7522ms - 200
[22:24:50 INF]   Ingestion: assets=105/111, resolved=42/157, pending=115, claims=1103, activeJobs=103, stable=1/4, jobStates=[BridgeSearching:9, Queued:86, ReadyWithoutUniverse:1, RetailMatched:4, RetailNoMatch:1, RetailSearching:4]
[22:24:50 INF] Start processing HTTP request GET https://www.wikidata.org/w/api.php?*
[22:24:50 INF] Sending HTTP request GET https://www.wikidata.org/w/api.php?*
[22:24:50 INF] Received HTTP response headers after 81.3794ms - 200
[22:24:50 INF] End processing HTTP request after 82.8782ms - 200
[22:24:50 INF] Start processing HTTP request GET https://www.wikidata.org/w/api.php?*
[22:24:50 INF] Sending HTTP request GET https://www.wikidata.org/w/api.php?*
[22:24:50 INF] Received HTTP response headers after 56.4782ms - 200
[22:24:50 INF] End processing HTTP request after 63.7639ms - 200
[22:24:51 INF] Start processing HTTP request GET https://www.wikidata.org/w/api.php?*
[22:24:51 INF] Sending HTTP request GET https://www.wikidata.org/w/api.php?*
[22:24:51 INF] Received HTTP response headers after 78.9053ms - 200
[22:24:51 INF] End processing HTTP request after 82.9023ms - 200
[22:24:51 INF] Start processing HTTP request GET https://www.wikidata.org/w/api.php?*
[22:24:51 INF] Sending HTTP request GET https://www.wikidata.org/w/api.php?*
[22:24:51 INF] Received HTTP response headers after 94.1995ms - 200
[22:24:51 INF] End processing HTTP request after 96.1625ms - 200
[22:24:51 INF] Start processing HTTP request GET https://www.wikidata.org/w/api.php?*
[22:24:51 INF] Sending HTTP request GET https://www.wikidata.org/w/api.php?*
[22:24:51 INF] Received HTTP response headers after 153.1338ms - 200
[22:24:51 INF] End processing HTTP request after 154.1389ms - 200
[22:24:52 INF] Start processing HTTP request GET https://www.wikidata.org/w/api.php?*
[22:24:52 INF] Sending HTTP request GET https://www.wikidata.org/w/api.php?*
[22:24:52 INF] Received HTTP response headers after 88.5343ms - 200
[22:24:52 INF] End processing HTTP request after 89.5089ms - 200
[22:24:52 INF] Start processing HTTP request GET https://www.wikidata.org/w/api.php?*
[22:24:52 INF] Sending HTTP request GET https://www.wikidata.org/w/api.php?*
[22:24:52 INF] Received HTTP response headers after 120.864ms - 200
[22:24:52 INF] End processing HTTP request after 122.2386ms - 200
[22:24:52 INF] Start processing HTTP request GET https://itunes.apple.com/search?*
[22:24:52 INF] Sending HTTP request GET https://itunes.apple.com/search?*
[22:24:52 INF] Start processing HTTP request GET https://www.wikidata.org/w/api.php?*
[22:24:52 INF] Sending HTTP request GET https://www.wikidata.org/w/api.php?*
[22:24:52 INF] Received HTTP response headers after 122.8173ms - 200
[22:24:52 INF] End processing HTTP request after 125.2388ms - 200
[22:24:52 INF] Received HTTP response headers after 180.3106ms - 200
[22:24:52 INF] Execution attempt. Source: 'apple_api-standard//Standard-Retry', Operation Key: 'null', Result: '200', Handled: 'False', Attempt: '0', Execution Time: 181.5447ms
[22:24:52 INF] End processing HTTP request after 182.6312ms - 200
[22:24:53 INF] Retail match found for entity 9e40e9f6-8a70-45cd-a7c3-487de697d4c5: 'Le Petit Prince' from apple_api (score: 1.00)
[22:24:53 INF] Post-pipeline confidence for entity 9e40e9f6-8a70-45cd-a7c3-487de697d4c5: 0.89
[22:24:53 INF] Auto-resolving AmbiguousMediaType review for entity 9e40e9f6-8a70-45cd-a7c3-487de697d4c5 (confidence: 0.89)
[22:24:53 INF] Entity 9e40e9f6-8a70-45cd-a7c3-487de697d4c5 meets organization threshold (0.89 >= 0.70), promoting
[22:24:53 INF] Moved C:\temp\tuvima-watch\books\Le Petit Prince - Bernard Giraudeau.mp3 → C:\temp\tuvima-library\Audiobooks/Unknown/Le Petit Prince (2017)/Le Petit Prince.mp3
[22:24:53 INF] Promoted asset 9e40e9f6-8a70-45cd-a7c3-487de697d4c5 from staging to library: C:\temp\tuvima-watch\books\Le Petit Prince - Bernard Giraudeau.mp3 → C:\temp\tuvima-library\Audiobooks/Unknown/Le Petit Prince (2017)/Le Petit Prince.mp3
[22:24:53 INF] Cover art: downloading 'Le Petit Prince' from https://is1-ssl.mzstatic.com/image/thumb/Music115/v4/99/07/4f/99074f80-0442-b1c2-dd8f-f70f1954cb8c/9782075001380.jpg/9999x9999bb.jpg → C:\temp\tuvima-library\.data\assets\artwork\work\65e38c0e-e143-45b6-a039-4168c6f1060f\cover\4795c74cdb6142bdbec710dd0da04a7a.jpg
[22:24:53 INF] Start processing HTTP request GET https://is1-ssl.mzstatic.com/image/thumb/Music115/v4/99/07/4f/99074f80-0442-b1c2-dd8f-f70f1954cb8c/9782075001380.jpg/9999x9999bb.jpg
[22:24:53 INF] Sending HTTP request GET https://is1-ssl.mzstatic.com/image/thumb/Music115/v4/99/07/4f/99074f80-0442-b1c2-dd8f-f70f1954cb8c/9782075001380.jpg/9999x9999bb.jpg
[22:24:53 INF] Start processing HTTP request GET https://www.wikidata.org/w/api.php?*
[22:24:53 INF] Sending HTTP request GET https://www.wikidata.org/w/api.php?*
[22:24:53 INF] Received HTTP response headers after 105.1541ms - 200
[22:24:53 INF] End processing HTTP request after 107.6411ms - 200
[22:24:53 INF] Start processing HTTP request GET https://www.wikidata.org/w/api.php?*
[22:24:53 INF] Sending HTTP request GET https://www.wikidata.org/w/api.php?*
[22:24:53 INF] Received HTTP response headers after 106.2054ms - 200
[22:24:53 INF] End processing HTTP request after 107.7121ms - 200
[22:24:53 INF] Start processing HTTP request GET https://www.wikidata.org/w/api.php?*
[22:24:53 INF] Sending HTTP request GET https://www.wikidata.org/w/api.php?*
[22:24:54 INF] Received HTTP response headers after 987.3769ms - 200
[22:24:54 INF] Execution attempt. Source: 'cover_download-standard//Standard-Retry', Operation Key: 'null', Result: '200', Handled: 'False', Attempt: '0', Execution Time: 988.6925ms
[22:24:54 INF] End processing HTTP request after 989.1516ms - 200
[22:24:54 INF] Received HTTP response headers after 423.8262ms - 200
[22:24:54 INF] End processing HTTP request after 429.6169ms - 200
[22:24:54 INF] Start processing HTTP request GET https://www.wikidata.org/w/api.php?*
[22:24:54 INF] Sending HTTP request GET https://www.wikidata.org/w/api.php?*
[22:24:54 INF] Received HTTP response headers after 72.135ms - 200
[22:24:54 INF] End processing HTTP request after 75.2021ms - 200
[22:24:54 INF] Cover art: downloaded poster for 'Le Petit Prince' (849.9 KB) → C:\temp\tuvima-library\.data\assets\artwork\work\65e38c0e-e143-45b6-a039-4168c6f1060f\cover\4795c74cdb6142bdbec710dd0da04a7a.jpg
[22:24:54 INF] Start processing HTTP request GET https://www.wikidata.org/w/api.php?*
[22:24:54 INF] Sending HTTP request GET https://www.wikidata.org/w/api.php?*
[22:24:54 INF] Received HTTP response headers after 64.2936ms - 200
[22:24:54 INF] End processing HTTP request after 66.785ms - 200
[22:24:54 INF] Start processing HTTP request GET https://www.wikidata.org/w/api.php?*
[22:24:54 INF] Sending HTTP request GET https://www.wikidata.org/w/api.php?*
[22:24:54 INF] Received HTTP response headers after 52.313ms - 200
[22:24:54 INF] End processing HTTP request after 53.7041ms - 200
[22:24:55 INF] Start processing HTTP request GET https://www.wikidata.org/w/api.php?*
[22:24:55 INF] Sending HTTP request GET https://www.wikidata.org/w/api.php?*
[22:24:55 INF] Received HTTP response headers after 72.7135ms - 200
[22:24:55 INF] End processing HTTP request after 74.864ms - 200
[22:24:55 INF]   Ingestion: assets=105/111, resolved=41/157, pending=116, claims=1111, activeJobs=103, stable=0/4, jobStates=[BridgeSearching:9, Queued:85, ReadyWithoutUniverse:1, RetailMatched:5, RetailNoMatch:1, RetailSearching:4]
[22:24:55 INF] Start processing HTTP request GET https://www.wikidata.org/w/api.php?*
[22:24:55 INF] Sending HTTP request GET https://www.wikidata.org/w/api.php?*
[22:24:55 INF] Received HTTP response headers after 49.9042ms - 200
[22:24:55 INF] End processing HTTP request after 50.9237ms - 200
[22:24:55 INF] Start processing HTTP request GET https://itunes.apple.com/search?*
[22:24:55 INF] Sending HTTP request GET https://itunes.apple.com/search?*
[22:24:55 INF] Start processing HTTP request GET https://www.wikidata.org/w/api.php?*
[22:24:55 INF] Sending HTTP request GET https://www.wikidata.org/w/api.php?*
[22:24:55 INF] Received HTTP response headers after 169.0016ms - 200
[22:24:55 INF] Execution attempt. Source: 'apple_api-standard//Standard-Retry', Operation Key: 'null', Result: '200', Handled: 'False', Attempt: '0', Execution Time: 170.5718ms
[22:24:55 INF] End processing HTTP request after 171.4124ms - 200
[22:24:55 INF] Pipeline: entity ff467811-cb54-413a-a659-22d2c700b958 sent to review — trigger=RetailMatchFailed, confidence=0 %
[22:24:55 INF] No retail match for entity ff467811-cb54-413a-a659-22d2c700b958 — 1 candidates evaluated, best score: 0.00
[22:24:55 INF] Received HTTP response headers after 56.5413ms - 200
[22:24:55 INF] End processing HTTP request after 57.5949ms - 200
[22:24:56 INF] Start processing HTTP request GET https://www.wikidata.org/w/api.php?*
[22:24:56 INF] Sending HTTP request GET https://www.wikidata.org/w/api.php?*
[22:24:56 INF] Received HTTP response headers after 48.8335ms - 200
[22:24:56 INF] End processing HTTP request after 50.1678ms - 200
[22:24:56 INF] Start processing HTTP request GET https://www.wikidata.org/w/api.php?*
[22:24:56 INF] Sending HTTP request GET https://www.wikidata.org/w/api.php?*
[22:24:56 INF] Received HTTP response headers after 68.6885ms - 200
[22:24:56 INF] End processing HTTP request after 69.8241ms - 200
[22:24:56 INF] Start processing HTTP request GET https://www.wikidata.org/w/api.php?*
[22:24:56 INF] Sending HTTP request GET https://www.wikidata.org/w/api.php?*
[22:24:57 INF] Received HTTP response headers after 93.78ms - 200
[22:24:57 INF] End processing HTTP request after 94.8791ms - 200
[22:24:57 INF] Start processing HTTP request GET https://www.wikidata.org/w/api.php?*
[22:24:57 INF] Sending HTTP request GET https://www.wikidata.org/w/api.php?*
[22:24:57 INF] Received HTTP response headers after 42.5923ms - 200
[22:24:57 INF] End processing HTTP request after 43.6469ms - 200
[22:24:57 INF] Start processing HTTP request GET https://www.wikidata.org/w/api.php?*
[22:24:57 INF] Sending HTTP request GET https://www.wikidata.org/w/api.php?*
[22:24:57 INF] Received HTTP response headers after 59.8575ms - 200
[22:24:57 INF] End processing HTTP request after 63.1056ms - 200
[22:24:57 INF] Start processing HTTP request GET https://www.wikidata.org/w/api.php?*
[22:24:57 INF] Sending HTTP request GET https://www.wikidata.org/w/api.php?*
[22:24:58 INF] Received HTTP response headers after 91.3966ms - 200
[22:24:58 INF] End processing HTTP request after 95.4573ms - 200
[22:24:58 INF] Start processing HTTP request GET https://www.wikidata.org/w/api.php?*
[22:24:58 INF] Sending HTTP request GET https://www.wikidata.org/w/api.php?*
[22:24:58 INF] Received HTTP response headers after 97.392ms - 200
[22:24:58 INF] End processing HTTP request after 100.3808ms - 200
[22:24:58 INF] Start processing HTTP request GET https://www.wikidata.org/w/api.php?*
[22:24:58 INF] Sending HTTP request GET https://www.wikidata.org/w/api.php?*
[22:24:58 INF] Received HTTP response headers after 100.3714ms - 200
[22:24:58 INF] End processing HTTP request after 102.4569ms - 200
[22:24:58 INF] Start processing HTTP request GET https://itunes.apple.com/search?*
[22:24:58 INF] Sending HTTP request GET https://itunes.apple.com/search?*
[22:24:58 INF] Start processing HTTP request GET https://www.wikidata.org/w/api.php?*
[22:24:58 INF] Sending HTTP request GET https://www.wikidata.org/w/api.php?*
[22:24:58 INF] Received HTTP response headers after 217.6645ms - 200
[22:24:58 INF] Execution attempt. Source: 'apple_api-standard//Standard-Retry', Operation Key: 'null', Result: '200', Handled: 'False', Attempt: '0', Execution Time: 218.5637ms
[22:24:58 INF] End processing HTTP request after 219.8021ms - 200
[22:24:59 INF] Retail match found for entity c3132241-21f6-4c26-933f-81b477d5a4a8: 'Project Hail Mary' from apple_api (score: 1.00)
[22:24:59 INF] Post-pipeline confidence for entity c3132241-21f6-4c26-933f-81b477d5a4a8: 1.00
[22:24:59 INF] Entity c3132241-21f6-4c26-933f-81b477d5a4a8 meets organization threshold (1.00 >= 0.70), promoting
[22:24:59 INF] Moved C:\temp\tuvima-watch\books\Project Hail Mary.epub → C:\temp\tuvima-library\Books/Unknown/Project Hail Mary (2021)/Project Hail Mary (2021).epub
[22:24:59 INF] Promoted asset c3132241-21f6-4c26-933f-81b477d5a4a8 from staging to library: C:\temp\tuvima-watch\books\Project Hail Mary.epub → C:\temp\tuvima-library\Books/Unknown/Project Hail Mary (2021)/Project Hail Mary (2021).epub
[22:24:59 INF] Cover art: downloading 'Project Hail Mary' from https://is1-ssl.mzstatic.com/image/thumb/Publication211/v4/13/fb/63/13fb6355-fce2-0e4b-08b7-48452037759a/9780593135211.d.jpg/9999x9999bb.jpg → C:\temp\tuvima-library\.data\assets\artwork\work\f747b871-e47d-4b6a-86c9-b9f2cb4296b3\cover\87b5e6d9f4864c20b6a4cc9794428362.jpg
[22:24:59 INF] Start processing HTTP request GET https://is1-ssl.mzstatic.com/image/thumb/Publication211/v4/13/fb/63/13fb6355-fce2-0e4b-08b7-48452037759a/9780593135211.d.jpg/9999x9999bb.jpg
[22:24:59 INF] Sending HTTP request GET https://is1-ssl.mzstatic.com/image/thumb/Publication211/v4/13/fb/63/13fb6355-fce2-0e4b-08b7-48452037759a/9780593135211.d.jpg/9999x9999bb.jpg
[22:24:59 INF] Received HTTP response headers after 138.5097ms - 200
[22:24:59 INF] End processing HTTP request after 140.225ms - 200
[22:24:59 INF] Start processing HTTP request GET https://www.wikidata.org/w/api.php?*
[22:24:59 INF] Sending HTTP request GET https://www.wikidata.org/w/api.php?*
[22:24:59 INF] Received HTTP response headers after 59.7565ms - 200
[22:24:59 INF] End processing HTTP request after 61.6877ms - 200
[22:24:59 INF] Start processing HTTP request GET https://www.wikidata.org/w/api.php?*
[22:24:59 INF] Sending HTTP request GET https://www.wikidata.org/w/api.php?*
[22:24:59 INF] Received HTTP response headers after 65.8544ms - 200
[22:24:59 INF] End processing HTTP request after 67.8652ms - 200
[22:24:59 INF] Received HTTP response headers after 682.2453ms - 200
[22:24:59 INF] Execution attempt. Source: 'cover_download-standard//Standard-Retry', Operation Key: 'null', Result: '200', Handled: 'False', Attempt: '0', Execution Time: 683.0779ms
[22:24:59 INF] End processing HTTP request after 683.5834ms - 200
[22:24:59 INF] Start processing HTTP request GET https://www.wikidata.org/w/api.php?*
[22:24:59 INF] Sending HTTP request GET https://www.wikidata.org/w/api.php?*
[22:25:00 INF] Received HTTP response headers after 69.7588ms - 200
[22:25:00 INF] End processing HTTP request after 71.7821ms - 200
[22:25:00 INF] Cover art: downloaded poster for 'Project Hail Mary' (1220.0 KB) → C:\temp\tuvima-library\.data\assets\artwork\work\f747b871-e47d-4b6a-86c9-b9f2cb4296b3\cover\87b5e6d9f4864c20b6a4cc9794428362.jpg
[22:25:00 INF] Start processing HTTP request GET https://www.wikidata.org/w/api.php?*
[22:25:00 INF] Sending HTTP request GET https://www.wikidata.org/w/api.php?*
[22:25:00 INF] Received HTTP response headers after 65.2446ms - 200
[22:25:00 INF] End processing HTTP request after 66.8903ms - 200
[22:25:00 INF]   Ingestion: assets=105/111, resolved=42/157, pending=115, claims=1120, activeJobs=102, stable=0/4, jobStates=[BridgeSearching:9, Queued:83, ReadyWithoutUniverse:1, RetailMatched:6, RetailNoMatch:2, RetailSearching:4]
[22:25:00 INF] Start processing HTTP request GET https://www.wikidata.org/w/api.php?*
[22:25:00 INF] Sending HTTP request GET https://www.wikidata.org/w/api.php?*
[22:25:00 INF] Received HTTP response headers after 61.9254ms - 200
[22:25:00 INF] End processing HTTP request after 63.1827ms - 200
[22:25:00 INF] Start processing HTTP request GET https://www.wikidata.org/w/api.php?*
[22:25:00 INF] Sending HTTP request GET https://www.wikidata.org/w/api.php?*
[22:25:00 INF] Received HTTP response headers after 59.673ms - 200
[22:25:00 INF] End processing HTTP request after 62.3666ms - 200
[22:25:01 INF] Start processing HTTP request GET https://www.wikidata.org/w/api.php?*
[22:25:01 INF] Sending HTTP request GET https://www.wikidata.org/w/api.php?*
[22:25:01 INF] Received HTTP response headers after 79.2654ms - 200
[22:25:01 INF] End processing HTTP request after 80.6174ms - 200
[22:25:01 INF] Start processing HTTP request GET https://www.wikidata.org/w/api.php?*
[22:25:01 INF] Sending HTTP request GET https://www.wikidata.org/w/api.php?*
[22:25:01 INF] Received HTTP response headers after 115.7179ms - 200
[22:25:01 INF] End processing HTTP request after 117.4634ms - 200
[22:25:01 INF] Start processing HTTP request GET https://itunes.apple.com/search?*
[22:25:01 INF] Sending HTTP request GET https://itunes.apple.com/search?*
[22:25:01 INF] Received HTTP response headers after 129.2562ms - 200
[22:25:01 INF] Execution attempt. Source: 'apple_api-standard//Standard-Retry', Operation Key: 'null', Result: '200', Handled: 'False', Attempt: '0', Execution Time: 129.8682ms
[22:25:01 INF] End processing HTTP request after 130.5557ms - 200
[22:25:01 INF] Start processing HTTP request GET https://www.wikidata.org/w/api.php?*
[22:25:01 INF] Sending HTTP request GET https://www.wikidata.org/w/api.php?*
[22:25:01 INF] Retail match found for entity 10a1aaba-498a-4df0-a65f-cb73bf709b3a: 'Good Omens' from apple_api (score: 1.00)
[22:25:01 INF] Post-pipeline confidence for entity 10a1aaba-498a-4df0-a65f-cb73bf709b3a: 0.89
[22:25:01 INF] Auto-resolving AmbiguousMediaType review for entity 10a1aaba-498a-4df0-a65f-cb73bf709b3a (confidence: 0.89)
[22:25:01 INF] Entity 10a1aaba-498a-4df0-a65f-cb73bf709b3a meets organization threshold (0.89 >= 0.70), promoting
[22:25:01 INF] Moved C:\temp\tuvima-watch\books\Good Omens - Martin Jarvis.mp3 → C:\temp\tuvima-library\Audiobooks/Unknown/Good Omens (2015)/Good Omens.mp3
[22:25:01 INF] Promoted asset 10a1aaba-498a-4df0-a65f-cb73bf709b3a from staging to library: C:\temp\tuvima-watch\books\Good Omens - Martin Jarvis.mp3 → C:\temp\tuvima-library\Audiobooks/Unknown/Good Omens (2015)/Good Omens.mp3
[22:25:01 INF] Cover art: downloading 'Good Omens' from https://is1-ssl.mzstatic.com/image/thumb/Music113/v4/91/2e/30/912e30cf-a63a-b525-9c0f-31b21029c166/9781910281925.jpg/9999x9999bb.jpg → C:\temp\tuvima-library\.data\assets\artwork\work\e944461b-bbc6-43af-b57f-8f30c52af12d\cover\aee1a9108d5346efb4185614f55f5f4a.jpg
[22:25:01 INF] Start processing HTTP request GET https://is1-ssl.mzstatic.com/image/thumb/Music113/v4/91/2e/30/912e30cf-a63a-b525-9c0f-31b21029c166/9781910281925.jpg/9999x9999bb.jpg
[22:25:01 INF] Sending HTTP request GET https://is1-ssl.mzstatic.com/image/thumb/Music113/v4/91/2e/30/912e30cf-a63a-b525-9c0f-31b21029c166/9781910281925.jpg/9999x9999bb.jpg
[22:25:01 INF] Received HTTP response headers after 74.597ms - 200
[22:25:02 INF] End processing HTTP request after 78.0547ms - 200
[22:25:02 INF] Start processing HTTP request GET https://www.wikidata.org/w/api.php?*
[22:25:02 INF] Sending HTTP request GET https://www.wikidata.org/w/api.php?*
[22:25:02 INF] Received HTTP response headers after 47.3353ms - 200
[22:25:02 INF] End processing HTTP request after 48.9207ms - 200
[22:25:02 INF] Start processing HTTP request GET https://www.wikidata.org/w/api.php?*
[22:25:02 INF] Sending HTTP request GET https://www.wikidata.org/w/api.php?*
[22:25:02 INF] Received HTTP response headers after 642.279ms - 200
[22:25:02 INF] Execution attempt. Source: 'cover_download-standard//Standard-Retry', Operation Key: 'null', Result: '200', Handled: 'False', Attempt: '0', Execution Time: 644.4448ms
[22:25:02 INF] End processing HTTP request after 645.1627ms - 200
[22:25:02 INF] Received HTTP response headers after 96.519ms - 200
[22:25:02 INF] End processing HTTP request after 98.4845ms - 200
[22:25:02 INF] Start processing HTTP request GET https://www.wikidata.org/w/api.php?*
[22:25:02 INF] Sending HTTP request GET https://www.wikidata.org/w/api.php?*
[22:25:03 INF] Cover art: downloaded poster for 'Good Omens' (724.3 KB) → C:\temp\tuvima-library\.data\assets\artwork\work\e944461b-bbc6-43af-b57f-8f30c52af12d\cover\aee1a9108d5346efb4185614f55f5f4a.jpg
[22:25:03 INF] Received HTTP response headers after 102.7109ms - 200
[22:25:03 INF] End processing HTTP request after 104.6905ms - 200
[22:25:03 INF] Start processing HTTP request GET https://www.wikidata.org/w/api.php?*
[22:25:03 INF] Sending HTTP request GET https://www.wikidata.org/w/api.php?*
[22:25:03 INF] Received HTTP response headers after 112.9011ms - 200
[22:25:03 INF] End processing HTTP request after 114.0715ms - 200
[22:25:03 INF] Start processing HTTP request GET https://www.wikidata.org/w/api.php?*
[22:25:03 INF] Sending HTTP request GET https://www.wikidata.org/w/api.php?*
[22:25:03 INF] Received HTTP response headers after 85.2254ms - 200
[22:25:03 INF] End processing HTTP request after 86.4894ms - 200
[22:25:03 INF] Start processing HTTP request GET https://www.wikidata.org/w/api.php?*
[22:25:03 INF] Sending HTTP request GET https://www.wikidata.org/w/api.php?*
[22:25:04 INF] Received HTTP response headers after 321.3064ms - 200
[22:25:04 INF] End processing HTTP request after 322.2772ms - 200
[22:25:04 INF] Start processing HTTP request GET https://www.wikidata.org/w/api.php?*
[22:25:04 INF] Sending HTTP request GET https://www.wikidata.org/w/api.php?*
[22:25:04 INF] Received HTTP response headers after 220.4458ms - 200
[22:25:04 INF] End processing HTTP request after 221.4635ms - 200
[22:25:04 INF] Start processing HTTP request GET https://www.wikidata.org/w/api.php?*
[22:25:04 INF] Sending HTTP request GET https://www.wikidata.org/w/api.php?*
[22:25:04 INF] Received HTTP response headers after 89.2225ms - 200
[22:25:04 INF] End processing HTTP request after 90.4336ms - 200
[22:25:04 INF] Start processing HTTP request GET https://itunes.apple.com/search?*
[22:25:04 INF] Sending HTTP request GET https://itunes.apple.com/search?*
[22:25:04 INF] Received HTTP response headers after 119.2062ms - 200
[22:25:04 INF] Execution attempt. Source: 'apple_api-standard//Standard-Retry', Operation Key: 'null', Result: '200', Handled: 'False', Attempt: '0', Execution Time: 119.8703ms
[22:25:04 INF] End processing HTTP request after 121.3029ms - 200
[22:25:04 INF] Retail match found for entity 697fda1f-164f-4766-a4ce-1f80239e5e13: 'The Fellowship of the Ring (Lord of the Rings)' from apple_api (score: 1.00)
[22:25:04 INF] Post-pipeline confidence for entity 697fda1f-164f-4766-a4ce-1f80239e5e13: 0.88
[22:25:04 INF] Auto-resolving AmbiguousMediaType review for entity 697fda1f-164f-4766-a4ce-1f80239e5e13 (confidence: 0.88)
[22:25:04 INF] Entity 697fda1f-164f-4766-a4ce-1f80239e5e13 meets organization threshold (0.88 >= 0.70), promoting
[22:25:04 INF] Moved C:\temp\tuvima-watch\books\The Fellowship of the Ring - Rob Inglis.mp3 → C:\temp\tuvima-library\Audiobooks/Unknown/The Fellowship of the Ring (Lord of the Rings) (2021)/The Fellowship of the Ring (Lord of the Rings).mp3
[22:25:04 INF] Promoted asset 697fda1f-164f-4766-a4ce-1f80239e5e13 from staging to library: C:\temp\tuvima-watch\books\The Fellowship of the Ring - Rob Inglis.mp3 → C:\temp\tuvima-library\Audiobooks/Unknown/The Fellowship of the Ring (Lord of the Rings) (2021)/The Fellowship of the Ring (Lord of the Rings).mp3
[22:25:04 INF] Cover art: downloading 'The Fellowship of the Ring (Lord of the Rings)' from https://is1-ssl.mzstatic.com/image/thumb/Music116/v4/e8/60/a1/e860a1fe-3992-6ab6-319a-7de91c082814/9781705047576.jpg/9999x9999bb.jpg → C:\temp\tuvima-library\.data\assets\artwork\work\31d4e5af-8b4b-4922-9331-849fe466d443\cover\3dcfb2131a0b40ceb5e0c2460e4f9499.jpg
[22:25:04 INF] Start processing HTTP request GET https://is1-ssl.mzstatic.com/image/thumb/Music116/v4/e8/60/a1/e860a1fe-3992-6ab6-319a-7de91c082814/9781705047576.jpg/9999x9999bb.jpg
[22:25:04 INF] Sending HTTP request GET https://is1-ssl.mzstatic.com/image/thumb/Music116/v4/e8/60/a1/e860a1fe-3992-6ab6-319a-7de91c082814/9781705047576.jpg/9999x9999bb.jpg
[22:25:04 INF] Received HTTP response headers after 10.3672ms - 200
[22:25:04 INF] Execution attempt. Source: 'cover_download-standard//Standard-Retry', Operation Key: 'null', Result: '200', Handled: 'False', Attempt: '0', Execution Time: 10.8836ms
[22:25:04 INF] End processing HTTP request after 11.3929ms - 200
[22:25:04 INF] Start processing HTTP request GET https://www.wikidata.org/w/api.php?*
[22:25:04 INF] Sending HTTP request GET https://www.wikidata.org/w/api.php?*
[22:25:05 INF] Received HTTP response headers after 130.2955ms - 200
[22:25:05 INF] End processing HTTP request after 131.2681ms - 200
[22:25:05 INF] Start processing HTTP request GET https://www.wikidata.org/w/api.php?*
[22:25:05 INF] Sending HTTP request GET https://www.wikidata.org/w/api.php?*
[22:25:05 INF] Received HTTP response headers after 103.7944ms - 200
[22:25:05 INF] End processing HTTP request after 105.1798ms - 200
[22:25:05 INF]   Ingestion: assets=105/111, resolved=40/157, pending=117, claims=1135, activeJobs=102, stable=0/4, jobStates=[BridgeSearching:9, Queued:82, ReadyWithoutUniverse:1, RetailMatched:8, RetailNoMatch:2, RetailSearching:3]
[22:25:05 INF] Cover art: downloaded poster for 'The Fellowship of the Ring (Lord of the Rings)' (985.2 KB) → C:\temp\tuvima-library\.data\assets\artwork\work\31d4e5af-8b4b-4922-9331-849fe466d443\cover\3dcfb2131a0b40ceb5e0c2460e4f9499.jpg
[22:25:05 INF] Start processing HTTP request GET https://www.wikidata.org/w/api.php?*
[22:25:05 INF] Sending HTTP request GET https://www.wikidata.org/w/api.php?*
[22:25:05 INF] Received HTTP response headers after 105.1459ms - 200
[22:25:05 INF] End processing HTTP request after 106.4942ms - 200
[22:25:05 INF] Start processing HTTP request GET https://www.wikidata.org/w/api.php?*
[22:25:05 INF] Sending HTTP request GET https://www.wikidata.org/w/api.php?*
[22:25:06 INF] Received HTTP response headers after 105.8488ms - 200
[22:25:06 INF] End processing HTTP request after 110.2415ms - 200
[22:25:06 INF] Start processing HTTP request GET https://www.wikidata.org/w/api.php?*
[22:25:06 INF] Sending HTTP request GET https://www.wikidata.org/w/api.php?*
[22:25:06 INF] Received HTTP response headers after 116.2287ms - 200
[22:25:06 INF] End processing HTTP request after 118.0834ms - 200
[22:25:06 INF] Start processing HTTP request GET https://www.wikidata.org/w/api.php?*
[22:25:06 INF] Sending HTTP request GET https://www.wikidata.org/w/api.php?*
[22:25:06 INF] Received HTTP response headers after 257.9437ms - 200
[22:25:06 INF] End processing HTTP request after 262.2227ms - 200
[22:25:06 INF] Start processing HTTP request GET https://www.wikidata.org/w/api.php?*
[22:25:06 INF] Sending HTTP request GET https://www.wikidata.org/w/api.php?*
[22:25:07 INF] Received HTTP response headers after 72.475ms - 200
[22:25:07 INF] End processing HTTP request after 73.8502ms - 200
[22:25:07 INF] Start processing HTTP request GET https://www.wikidata.org/w/api.php?*
[22:25:07 INF] Sending HTTP request GET https://www.wikidata.org/w/api.php?*
[22:25:07 INF] Received HTTP response headers after 126.7447ms - 200
[22:25:07 INF] End processing HTTP request after 129.4002ms - 200
[22:25:07 INF] Start processing HTTP request GET https://www.wikidata.org/w/api.php?*
[22:25:07 INF] Sending HTTP request GET https://www.wikidata.org/w/api.php?*
[22:25:07 INF] Received HTTP response headers after 58.2687ms - 200
[22:25:07 INF] End processing HTTP request after 59.2192ms - 200
[22:25:07 INF] Start processing HTTP request GET https://itunes.apple.com/search?*
[22:25:07 INF] Sending HTTP request GET https://itunes.apple.com/search?*
[22:25:07 INF] Start processing HTTP request GET https://www.wikidata.org/w/api.php?*
[22:25:07 INF] Sending HTTP request GET https://www.wikidata.org/w/api.php?*
[22:25:07 INF] Received HTTP response headers after 206.9997ms - 200
[22:25:07 INF] Execution attempt. Source: 'apple_api-standard//Standard-Retry', Operation Key: 'null', Result: '200', Handled: 'False', Attempt: '0', Execution Time: 207.8875ms
[22:25:07 INF] End processing HTTP request after 209.1896ms - 200
[22:25:07 INF] Received HTTP response headers after 67.8733ms - 200
[22:25:07 INF] End processing HTTP request after 68.9476ms - 200
[22:25:08 INF] Retail match found for entity daa198d8-3724-4db5-ade0-fd086fd71160: 'The Road' from apple_api (score: 1.00)
[22:25:08 INF] Post-pipeline confidence for entity daa198d8-3724-4db5-ade0-fd086fd71160: 0.89
[22:25:08 INF] Auto-resolving AmbiguousMediaType review for entity daa198d8-3724-4db5-ade0-fd086fd71160 (confidence: 0.89)
[22:25:08 INF] Entity daa198d8-3724-4db5-ade0-fd086fd71160 meets organization threshold (0.89 >= 0.70), promoting
[22:25:08 INF] Moved C:\temp\tuvima-watch\books\The Road - Tom Stechschulte.mp3 → C:\temp\tuvima-library\Audiobooks/Unknown/The Road (2007)/The Road.mp3
[22:25:08 INF] Promoted asset daa198d8-3724-4db5-ade0-fd086fd71160 from staging to library: C:\temp\tuvima-watch\books\The Road - Tom Stechschulte.mp3 → C:\temp\tuvima-library\Audiobooks/Unknown/The Road (2007)/The Road.mp3
[22:25:08 INF] Cover art: downloading 'The Road' from https://is1-ssl.mzstatic.com/image/thumb/Music211/v4/c5/1a/23/c51a23f2-c831-8845-f0e6-ff032c4d1c1c/9781436100793.jpg/9999x9999bb.jpg → C:\temp\tuvima-library\.data\assets\artwork\work\7b37c858-48a3-49d8-bcf5-9fc1daf5d71e\cover\acc854e52d8649b0bf16bc21a899dbc6.jpg
[22:25:08 INF] Start processing HTTP request GET https://is1-ssl.mzstatic.com/image/thumb/Music211/v4/c5/1a/23/c51a23f2-c831-8845-f0e6-ff032c4d1c1c/9781436100793.jpg/9999x9999bb.jpg
[22:25:08 INF] Sending HTTP request GET https://is1-ssl.mzstatic.com/image/thumb/Music211/v4/c5/1a/23/c51a23f2-c831-8845-f0e6-ff032c4d1c1c/9781436100793.jpg/9999x9999bb.jpg
[22:25:08 INF] Start processing HTTP request GET https://www.wikidata.org/w/api.php?*
[22:25:08 INF] Sending HTTP request GET https://www.wikidata.org/w/api.php?*
[22:25:08 INF] Received HTTP response headers after 102.1503ms - 200
[22:25:08 INF] End processing HTTP request after 103.6587ms - 200
[22:25:08 INF] Start processing HTTP request GET https://www.wikidata.org/w/api.php?*
[22:25:08 INF] Sending HTTP request GET https://www.wikidata.org/w/api.php?*
[22:25:08 INF] Received HTTP response headers after 664.6617ms - 200
[22:25:08 INF] Execution attempt. Source: 'cover_download-standard//Standard-Retry', Operation Key: 'null', Result: '200', Handled: 'False', Attempt: '0', Execution Time: 665.6019ms
[22:25:08 INF] End processing HTTP request after 666.086ms - 200
[22:25:08 INF] Received HTTP response headers after 127.8837ms - 200
[22:25:08 INF] End processing HTTP request after 129.1449ms - 200
[22:25:08 INF] Start processing HTTP request GET https://www.wikidata.org/w/api.php?*
[22:25:08 INF] Sending HTTP request GET https://www.wikidata.org/w/api.php?*
[22:25:08 INF] Received HTTP response headers after 51.2095ms - 200
[22:25:08 INF] End processing HTTP request after 53.3613ms - 200
[22:25:09 INF] Cover art: downloaded poster for 'The Road' (887.0 KB) → C:\temp\tuvima-library\.data\assets\artwork\work\7b37c858-48a3-49d8-bcf5-9fc1daf5d71e\cover\acc854e52d8649b0bf16bc21a899dbc6.jpg
[22:25:09 INF] Start processing HTTP request GET https://www.wikidata.org/w/api.php?*
[22:25:09 INF] Sending HTTP request GET https://www.wikidata.org/w/api.php?*
[22:25:09 INF] Received HTTP response headers after 70.0359ms - 200
[22:25:09 INF] End processing HTTP request after 71.0012ms - 200
[22:25:09 INF] Start processing HTTP request GET https://www.wikidata.org/w/api.php?*
[22:25:09 INF] Sending HTTP request GET https://www.wikidata.org/w/api.php?*
[22:25:09 INF] Received HTTP response headers after 95.4928ms - 200
[22:25:09 INF] End processing HTTP request after 97.1683ms - 200
[22:25:09 INF] Start processing HTTP request GET https://www.wikidata.org/w/api.php?*
[22:25:09 INF] Sending HTTP request GET https://www.wikidata.org/w/api.php?*
[22:25:09 INF] Received HTTP response headers after 60.5733ms - 200
[22:25:09 INF] End processing HTTP request after 62.5229ms - 200
[22:25:10 INF] Start processing HTTP request GET https://www.wikidata.org/w/api.php?*
[22:25:10 INF] Sending HTTP request GET https://www.wikidata.org/w/api.php?*
[22:25:10 INF] Received HTTP response headers after 51.8543ms - 200
[22:25:10 INF] End processing HTTP request after 54.3907ms - 200
[22:25:10 INF]   Ingestion: assets=105/111, resolved=39/157, pending=118, claims=1143, activeJobs=102, stable=0/4, jobStates=[BridgeSearching:9, Queued:80, ReadyWithoutUniverse:1, RetailMatched:9, RetailNoMatch:2, RetailSearching:4]
[22:25:10 INF] Start processing HTTP request GET https://www.wikidata.org/w/api.php?*
[22:25:10 INF] Sending HTTP request GET https://www.wikidata.org/w/api.php?*
[22:25:10 INF] Received HTTP response headers after 88.7439ms - 200
[22:25:10 INF] End processing HTTP request after 90.0004ms - 200
[22:25:10 INF] Start processing HTTP request GET https://itunes.apple.com/lookup?*
[22:25:10 INF] Sending HTTP request GET https://itunes.apple.com/lookup?*
[22:25:10 INF] Received HTTP response headers after 11.2633ms - 200
[22:25:10 INF] Execution attempt. Source: 'apple_api-standard//Standard-Retry', Operation Key: 'null', Result: '200', Handled: 'False', Attempt: '0', Execution Time: 12.0647ms
[22:25:10 INF] End processing HTTP request after 17.8725ms - 200
[22:25:10 INF] Retail match found for entity 0cc70ced-d568-488d-9982-80e0767f9330: 'The Shining' from apple_api (score: 0.93)
[22:25:10 INF] Post-pipeline confidence for entity 0cc70ced-d568-488d-9982-80e0767f9330: 1.00
[22:25:10 INF] Entity 0cc70ced-d568-488d-9982-80e0767f9330 meets organization threshold (1.00 >= 0.70), promoting
[22:25:10 INF] Moved C:\temp\tuvima-watch\books\The Shining.epub → C:\temp\tuvima-library\Books/Unknown/The Shining (2008)/The Shining (2008).epub
[22:25:10 INF] Promoted asset 0cc70ced-d568-488d-9982-80e0767f9330 from staging to library: C:\temp\tuvima-watch\books\The Shining.epub → C:\temp\tuvima-library\Books/Unknown/The Shining (2008)/The Shining (2008).epub
[22:25:10 INF] Cover art: downloading 'The Shining' from https://is1-ssl.mzstatic.com/image/thumb/Publication221/v4/5e/c0/ce/5ec0ce00-5768-3c34-d72e-0377681b284f/9780385528863.d.jpg/9999x9999bb.jpg → C:\temp\tuvima-library\.data\assets\artwork\work\ff499dce-150a-47a5-ba44-9e9f65595543\cover\6ef606f699594a05a26fcc55f28e1c80.jpg
[22:25:10 INF] Start processing HTTP request GET https://is1-ssl.mzstatic.com/image/thumb/Publication221/v4/5e/c0/ce/5ec0ce00-5768-3c34-d72e-0377681b284f/9780385528863.d.jpg/9999x9999bb.jpg
[22:25:10 INF] Sending HTTP request GET https://is1-ssl.mzstatic.com/image/thumb/Publication221/v4/5e/c0/ce/5ec0ce00-5768-3c34-d72e-0377681b284f/9780385528863.d.jpg/9999x9999bb.jpg
[22:25:10 INF] Start processing HTTP request GET https://www.wikidata.org/w/api.php?*
[22:25:10 INF] Sending HTTP request GET https://www.wikidata.org/w/api.php?*
[22:25:11 INF] Received HTTP response headers after 82.1699ms - 200
[22:25:11 INF] End processing HTTP request after 83.3808ms - 200
[22:25:11 INF] Start processing HTTP request GET https://www.wikidata.org/w/api.php?*
[22:25:11 INF] Sending HTTP request GET https://www.wikidata.org/w/api.php?*
[22:25:11 INF] Received HTTP response headers after 52.6249ms - 200
[22:25:11 INF] End processing HTTP request after 53.8842ms - 200
[22:25:11 INF] Received HTTP response headers after 656.2197ms - 200
[22:25:11 INF] Execution attempt. Source: 'cover_download-standard//Standard-Retry', Operation Key: 'null', Result: '200', Handled: 'False', Attempt: '0', Execution Time: 658.2046ms
[22:25:11 INF] End processing HTTP request after 659.5838ms - 200
[22:25:11 INF] Start processing HTTP request GET https://www.wikidata.org/w/api.php?*
[22:25:11 INF] Sending HTTP request GET https://www.wikidata.org/w/api.php?*
[22:25:11 INF] Received HTTP response headers after 122.6482ms - 200
[22:25:11 INF] End processing HTTP request after 125.0944ms - 200
[22:25:11 INF] Start processing HTTP request GET https://www.wikidata.org/w/api.php?*
[22:25:11 INF] Sending HTTP request GET https://www.wikidata.org/w/api.php?*
[22:25:11 INF] Cover art: downloaded poster for 'The Shining' (996.8 KB) → C:\temp\tuvima-library\.data\assets\artwork\work\ff499dce-150a-47a5-ba44-9e9f65595543\cover\6ef606f699594a05a26fcc55f28e1c80.jpg
[22:25:12 INF] Received HTTP response headers after 58.2186ms - 200
[22:25:12 INF] End processing HTTP request after 72.6851ms - 200
[22:25:12 INF] Start processing HTTP request GET https://www.wikidata.org/w/api.php?*
[22:25:12 INF] Sending HTTP request GET https://www.wikidata.org/w/api.php?*
[22:25:12 INF] Received HTTP response headers after 54.3009ms - 200
[22:25:12 INF] End processing HTTP request after 57.1022ms - 200
[22:25:12 INF] Start processing HTTP request GET https://www.wikidata.org/w/api.php?*
[22:25:12 INF] Sending HTTP request GET https://www.wikidata.org/w/api.php?*
[22:25:12 INF] Received HTTP response headers after 87.5961ms - 200
[22:25:12 INF] End processing HTTP request after 92.1017ms - 200
[22:25:12 INF] Start processing HTTP request GET https://www.wikidata.org/w/api.php?*
[22:25:12 INF] Sending HTTP request GET https://www.wikidata.org/w/api.php?*
[22:25:13 INF] Received HTTP response headers after 87.3207ms - 200
[22:25:13 INF] End processing HTTP request after 92.9675ms - 200
[22:25:13 INF] Start processing HTTP request GET https://www.wikidata.org/w/api.php?*
[22:25:13 INF] Sending HTTP request GET https://www.wikidata.org/w/api.php?*
[22:25:13 INF] Received HTTP response headers after 72.645ms - 200
[22:25:13 INF] End processing HTTP request after 78.7893ms - 200
[22:25:13 INF] Start processing HTTP request GET https://www.wikidata.org/w/api.php?*
[22:25:13 INF] Sending HTTP request GET https://www.wikidata.org/w/api.php?*
[22:25:13 INF] Received HTTP response headers after 125.3396ms - 200
[22:25:13 INF] End processing HTTP request after 126.9559ms - 200
[22:25:13 INF] Start processing HTTP request GET https://itunes.apple.com/search?*
[22:25:13 INF] Sending HTTP request GET https://itunes.apple.com/search?*
[22:25:13 INF] Start processing HTTP request GET https://www.wikidata.org/w/api.php?*
[22:25:13 INF] Sending HTTP request GET https://www.wikidata.org/w/api.php?*
[22:25:13 INF] Received HTTP response headers after 201.117ms - 200
[22:25:13 INF] Execution attempt. Source: 'apple_api-standard//Standard-Retry', Operation Key: 'null', Result: '200', Handled: 'False', Attempt: '0', Execution Time: 202.3358ms
[22:25:13 INF] End processing HTTP request after 203.1219ms - 200
[22:25:13 INF] Pipeline: entity 6755b833-4d18-4c22-8026-0bf574bfe525 sent to review — trigger=PlaceholderTitle, confidence=0 %
[22:25:13 INF] No retail match for entity 6755b833-4d18-4c22-8026-0bf574bfe525 — 1 candidates evaluated, best score: 0.00
[22:25:14 INF] Received HTTP response headers after 88.7599ms - 200
[22:25:14 INF] End processing HTTP request after 109.7439ms - 200
[22:25:14 INF] Start processing HTTP request GET https://www.wikidata.org/w/api.php?*
[22:25:14 INF] Sending HTTP request GET https://www.wikidata.org/w/api.php?*
[22:25:14 INF] Received HTTP response headers after 67.9797ms - 200
[22:25:14 INF] End processing HTTP request after 69.7489ms - 200
[22:25:14 INF] Start processing HTTP request GET https://www.wikidata.org/w/api.php?*
[22:25:14 INF] Sending HTTP request GET https://www.wikidata.org/w/api.php?*
[22:25:14 INF] Received HTTP response headers after 230.0072ms - 200
[22:25:14 INF] End processing HTTP request after 231.6071ms - 200
[22:25:14 INF] Start processing HTTP request GET https://www.wikidata.org/w/api.php?*
[22:25:14 INF] Sending HTTP request GET https://www.wikidata.org/w/api.php?*
[22:25:15 INF] Received HTTP response headers after 74.6579ms - 200
[22:25:15 INF] End processing HTTP request after 76.2479ms - 200
[22:25:15 INF] Start processing HTTP request GET https://www.wikidata.org/w/api.php?*
[22:25:15 INF] Sending HTTP request GET https://www.wikidata.org/w/api.php?*
[22:25:15 INF] Received HTTP response headers after 139.4882ms - 200
[22:25:15 INF] End processing HTTP request after 140.4447ms - 200
[22:25:15 INF]   Ingestion: assets=105/111, resolved=40/157, pending=117, claims=1152, activeJobs=101, stable=0/4, jobStates=[BridgeSearching:9, Queued:78, ReadyWithoutUniverse:1, RetailMatched:10, RetailNoMatch:3, RetailSearching:4]
[22:25:15 INF] Start processing HTTP request GET https://www.wikidata.org/w/api.php?*
[22:25:15 INF] Sending HTTP request GET https://www.wikidata.org/w/api.php?*
[22:25:15 INF] Received HTTP response headers after 69.1684ms - 200
[22:25:15 INF] End processing HTTP request after 71.2252ms - 200
[22:25:15 INF] Start processing HTTP request GET https://www.wikidata.org/w/api.php?*
[22:25:15 INF] Sending HTTP request GET https://www.wikidata.org/w/api.php?*
[22:25:16 INF] Received HTTP response headers after 97.7359ms - 200
[22:25:16 INF] End processing HTTP request after 99.9932ms - 200
[22:25:16 INF] Start processing HTTP request GET https://www.wikidata.org/w/api.php?*
[22:25:16 INF] Sending HTTP request GET https://www.wikidata.org/w/api.php?*
[22:25:16 INF] Received HTTP response headers after 124.9778ms - 200
[22:25:16 INF] End processing HTTP request after 127.2554ms - 200
[22:25:16 INF] Start processing HTTP request GET https://www.wikidata.org/w/api.php?*
[22:25:16 INF] Sending HTTP request GET https://www.wikidata.org/w/api.php?*
[22:25:16 INF] Received HTTP response headers after 87.9794ms - 200
[22:25:16 INF] End processing HTTP request after 89.8896ms - 200
[22:25:16 INF] Start processing HTTP request GET https://itunes.apple.com/lookup?*
[22:25:16 INF] Sending HTTP request GET https://itunes.apple.com/lookup?*
[22:25:16 INF] Received HTTP response headers after 8.4635ms - 200
[22:25:16 INF] Execution attempt. Source: 'apple_api-standard//Standard-Retry', Operation Key: 'null', Result: '200', Handled: 'False', Attempt: '0', Execution Time: 9.0344ms
[22:25:16 INF] End processing HTTP request after 9.821ms - 200
[22:25:16 INF] Retail match found for entity 60ebe354-6d4d-4ea0-a384-d60501aa69e6: 'Leviathan Wakes' from apple_api (score: 1.00)
[22:25:16 INF] Post-pipeline confidence for entity 60ebe354-6d4d-4ea0-a384-d60501aa69e6: 1.00
[22:25:16 INF] Entity 60ebe354-6d4d-4ea0-a384-d60501aa69e6 meets organization threshold (1.00 >= 0.70), promoting
[22:25:16 INF] Moved C:\temp\tuvima-watch\books\Leviathan Wakes.epub → C:\temp\tuvima-library\Books/Unknown/Leviathan Wakes (2011)/Leviathan Wakes (2011).epub
[22:25:16 INF] Promoted asset 60ebe354-6d4d-4ea0-a384-d60501aa69e6 from staging to library: C:\temp\tuvima-watch\books\Leviathan Wakes.epub → C:\temp\tuvima-library\Books/Unknown/Leviathan Wakes (2011)/Leviathan Wakes (2011).epub
[22:25:16 INF] Cover art: downloading 'Leviathan Wakes' from https://is1-ssl.mzstatic.com/image/thumb/Publication124/v4/1d/08/2b/1d082b19-5f04-4f29-c2e8-e43265b4cb25/9780316134675.jpg/9999x9999bb.jpg → C:\temp\tuvima-library\.data\assets\artwork\work\86e2a9dd-ea09-4184-80a7-272394a54d8d\cover\985dae57268a4307b4f705bfba2ec911.jpg
[22:25:16 INF] Start processing HTTP request GET https://is1-ssl.mzstatic.com/image/thumb/Publication124/v4/1d/08/2b/1d082b19-5f04-4f29-c2e8-e43265b4cb25/9780316134675.jpg/9999x9999bb.jpg
[22:25:16 INF] Sending HTTP request GET https://is1-ssl.mzstatic.com/image/thumb/Publication124/v4/1d/08/2b/1d082b19-5f04-4f29-c2e8-e43265b4cb25/9780316134675.jpg/9999x9999bb.jpg
[22:25:16 INF] Start processing HTTP request GET https://www.wikidata.org/w/api.php?*
[22:25:16 INF] Sending HTTP request GET https://www.wikidata.org/w/api.php?*
[22:25:17 INF] Received HTTP response headers after 405.4528ms - 200
[22:25:17 INF] End processing HTTP request after 409.7003ms - 200
[22:25:17 INF] Start processing HTTP request GET https://www.wikidata.org/w/api.php?*
[22:25:17 INF] Sending HTTP request GET https://www.wikidata.org/w/api.php?*
[22:25:17 INF] Received HTTP response headers after 54.3061ms - 200
[22:25:17 INF] End processing HTTP request after 55.12ms - 200
[22:25:17 INF] Received HTTP response headers after 873.3774ms - 200
[22:25:17 INF] Execution attempt. Source: 'cover_download-standard//Standard-Retry', Operation Key: 'null', Result: '200', Handled: 'False', Attempt: '0', Execution Time: 878.5044ms
[22:25:17 INF] End processing HTTP request after 881.1849ms - 200
[22:25:17 INF] Start processing HTTP request GET https://www.wikidata.org/w/api.php?*
[22:25:17 INF] Sending HTTP request GET https://www.wikidata.org/w/api.php?*
[22:25:17 INF] Received HTTP response headers after 102.539ms - 200
[22:25:17 INF] End processing HTTP request after 110.7393ms - 200
[22:25:18 INF] Start processing HTTP request GET https://www.wikidata.org/w/api.php?*
[22:25:18 INF] Sending HTTP request GET https://www.wikidata.org/w/api.php?*
[22:25:18 INF] Received HTTP response headers after 61.4726ms - 200
[22:25:18 INF] End processing HTTP request after 62.7184ms - 200
[22:25:18 INF] Cover art: downloaded poster for 'Leviathan Wakes' (774.9 KB) → C:\temp\tuvima-library\.data\assets\artwork\work\86e2a9dd-ea09-4184-80a7-272394a54d8d\cover\985dae57268a4307b4f705bfba2ec911.jpg
[22:25:18 INF] Start processing HTTP request GET https://www.wikidata.org/w/api.php?*
[22:25:18 INF] Sending HTTP request GET https://www.wikidata.org/w/api.php?*
[22:25:18 INF] Received HTTP response headers after 52.606ms - 200
[22:25:18 INF] End processing HTTP request after 54.368ms - 200
[22:25:18 INF] Start processing HTTP request GET https://www.wikidata.org/w/api.php?*
[22:25:18 INF] Sending HTTP request GET https://www.wikidata.org/w/api.php?*
[22:25:18 INF] Received HTTP response headers after 59.2091ms - 200
[22:25:18 INF] End processing HTTP request after 60.413ms - 200
[22:25:19 INF] Start processing HTTP request GET https://www.wikidata.org/w/api.php?*
[22:25:19 INF] Sending HTTP request GET https://www.wikidata.org/w/api.php?*
[22:25:19 INF] Received HTTP response headers after 81.0667ms - 200
[22:25:19 INF] End processing HTTP request after 82.1001ms - 200
[22:25:19 INF] Start processing HTTP request GET https://www.wikidata.org/w/api.php?*
[22:25:19 INF] Sending HTTP request GET https://www.wikidata.org/w/api.php?*
[22:25:19 INF] Received HTTP response headers after 122.1041ms - 200
[22:25:19 INF] End processing HTTP request after 125.2474ms - 200
[22:25:19 INF] Start processing HTTP request GET https://www.wikidata.org/w/api.php?*
[22:25:19 INF] Sending HTTP request GET https://www.wikidata.org/w/api.php?*
[22:25:19 INF] Start processing HTTP request GET https://itunes.apple.com/search?*
[22:25:19 INF] Sending HTTP request GET https://itunes.apple.com/search?*
[22:25:19 INF] Received HTTP response headers after 51.0837ms - 200
[22:25:19 INF] End processing HTTP request after 52.2657ms - 200
[22:25:19 INF] Received HTTP response headers after 173.6763ms - 200
[22:25:19 INF] Execution attempt. Source: 'apple_api-standard//Standard-Retry', Operation Key: 'null', Result: '200', Handled: 'False', Attempt: '0', Execution Time: 174.9145ms
[22:25:19 INF] End processing HTTP request after 178.4734ms - 200
[22:25:19 INF] apple_api/audiobook_search: zero results from API, trying next strategy
[22:25:19 INF] Pipeline: entity 8cdbe663-e167-46e3-aec5-7c53fa234c4f sent to review — trigger=RetailMatchFailed, confidence=0 %
[22:25:19 INF] No retail match for entity 8cdbe663-e167-46e3-aec5-7c53fa234c4f — 0 candidates evaluated, best score: 0.00
[22:25:20 INF] Start processing HTTP request GET https://www.wikidata.org/w/api.php?*
[22:25:20 INF] Sending HTTP request GET https://www.wikidata.org/w/api.php?*
[22:25:20 INF] Received HTTP response headers after 65.8594ms - 200
[22:25:20 INF] End processing HTTP request after 77.8654ms - 200
[22:25:20 INF] Start processing HTTP request GET https://www.wikidata.org/w/api.php?*
[22:25:20 INF] Sending HTTP request GET https://www.wikidata.org/w/api.php?*
[22:25:20 INF]   Ingestion: assets=105/111, resolved=40/157, pending=117, claims=1161, activeJobs=100, stable=0/4, jobStates=[BridgeSearching:9, Queued:76, ReadyWithoutUniverse:1, RetailMatched:11, RetailNoMatch:4, RetailSearching:4]
[22:25:20 INF] Received HTTP response headers after 65.8326ms - 200
[22:25:20 INF] End processing HTTP request after 67.7583ms - 200
[22:25:20 INF] Start processing HTTP request GET https://www.wikidata.org/w/api.php?*
[22:25:20 INF] Sending HTTP request GET https://www.wikidata.org/w/api.php?*
[22:25:20 INF] Received HTTP response headers after 49.3958ms - 200
[22:25:20 INF] End processing HTTP request after 50.9182ms - 200
[22:25:21 INF] Start processing HTTP request GET https://www.wikidata.org/w/api.php?*
[22:25:21 INF] Sending HTTP request GET https://www.wikidata.org/w/api.php?*
[22:25:21 INF] Received HTTP response headers after 68.7461ms - 200
[22:25:21 INF] End processing HTTP request after 71.3785ms - 200
[22:25:21 INF] Start processing HTTP request GET https://www.wikidata.org/w/api.php?*
[22:25:21 INF] Sending HTTP request GET https://www.wikidata.org/w/api.php?*
[22:25:21 INF] Received HTTP response headers after 67.6673ms - 200
[22:25:21 INF] End processing HTTP request after 78.138ms - 200
[22:25:21 INF] Start processing HTTP request GET https://www.wikidata.org/w/api.php?*
[22:25:21 INF] Sending HTTP request GET https://www.wikidata.org/w/api.php?*
[22:25:21 INF] Received HTTP response headers after 61.7163ms - 200
[22:25:21 INF] End processing HTTP request after 63.7389ms - 200
[22:25:22 INF] Start processing HTTP request GET https://www.wikidata.org/w/api.php?*
[22:25:22 INF] Sending HTTP request GET https://www.wikidata.org/w/api.php?*
[22:25:22 INF] Received HTTP response headers after 107.6743ms - 200
[22:25:22 INF] End processing HTTP request after 113.318ms - 200
[22:25:22 INF] Start processing HTTP request GET https://www.wikidata.org/w/api.php?*
[22:25:22 INF] Sending HTTP request GET https://www.wikidata.org/w/api.php?*
[22:25:22 INF] Received HTTP response headers after 101.6132ms - 200
[22:25:22 INF] End processing HTTP request after 103.0662ms - 200
[22:25:22 INF] Start processing HTTP request GET https://www.wikidata.org/w/api.php?*
[22:25:22 INF] Sending HTTP request GET https://www.wikidata.org/w/api.php?*
[22:25:22 INF] Start processing HTTP request GET https://itunes.apple.com/lookup?*
[22:25:22 INF] Sending HTTP request GET https://itunes.apple.com/lookup?*
[22:25:22 INF] Received HTTP response headers after 63.694ms - 200
[22:25:22 INF] End processing HTTP request after 67.4729ms - 200
[22:25:22 INF] Received HTTP response headers after 54.8149ms - 200
[22:25:22 INF] Execution attempt. Source: 'apple_api-standard//Standard-Retry', Operation Key: 'null', Result: '200', Handled: 'False', Attempt: '0', Execution Time: 56.7671ms
[22:25:22 INF] End processing HTTP request after 57.3352ms - 200
[22:25:22 INF] apple_api/isbn_lookup: zero results from API, trying next strategy
[22:25:23 INF] Start processing HTTP request GET https://www.wikidata.org/w/api.php?*
[22:25:23 INF] Sending HTTP request GET https://www.wikidata.org/w/api.php?*
[22:25:23 INF] Received HTTP response headers after 87.5478ms - 200
[22:25:23 INF] End processing HTTP request after 90.103ms - 200
[22:25:23 INF] Start processing HTTP request GET https://www.wikidata.org/w/api.php?*
[22:25:23 INF] Sending HTTP request GET https://www.wikidata.org/w/api.php?*
[22:25:23 INF] Received HTTP response headers after 91.7269ms - 200
[22:25:23 INF] End processing HTTP request after 93.9244ms - 200
[22:25:23 INF] Start processing HTTP request GET https://www.wikidata.org/w/api.php?*
[22:25:23 INF] Sending HTTP request GET https://www.wikidata.org/w/api.php?*
[22:25:23 INF] Received HTTP response headers after 59.0991ms - 200
[22:25:23 INF] End processing HTTP request after 60.0565ms - 200
[22:25:24 INF] Start processing HTTP request GET https://www.wikidata.org/w/api.php?*
[22:25:24 INF] Sending HTTP request GET https://www.wikidata.org/w/api.php?*
[22:25:24 INF] Received HTTP response headers after 56.9475ms - 200
[22:25:24 INF] End processing HTTP request after 60.2189ms - 200
[22:25:24 INF] Start processing HTTP request GET https://www.wikidata.org/w/api.php?*
[22:25:24 INF] Sending HTTP request GET https://www.wikidata.org/w/api.php?*
[22:25:24 INF] Received HTTP response headers after 76.8922ms - 200
[22:25:24 INF] End processing HTTP request after 80.4547ms - 200
[22:25:24 INF] Start processing HTTP request GET https://www.wikidata.org/w/api.php?*
[22:25:24 INF] Sending HTTP request GET https://www.wikidata.org/w/api.php?*
[22:25:24 INF] Received HTTP response headers after 68.705ms - 200
[22:25:24 INF] End processing HTTP request after 69.8352ms - 200
[22:25:25 INF] Start processing HTTP request GET https://www.wikidata.org/w/api.php?*
[22:25:25 INF] Sending HTTP request GET https://www.wikidata.org/w/api.php?*
[22:25:25 INF] Received HTTP response headers after 76.1923ms - 200
[22:25:25 INF] End processing HTTP request after 78.5172ms - 200
[22:25:25 INF] Start processing HTTP request GET https://www.wikidata.org/w/api.php?*
[22:25:25 INF] Sending HTTP request GET https://www.wikidata.org/w/api.php?*
[22:25:25 INF]   Ingestion: assets=105/111, resolved=40/157, pending=117, claims=1161, activeJobs=100, stable=1/4, jobStates=[BridgeSearching:9, Queued:76, ReadyWithoutUniverse:1, RetailMatched:11, RetailNoMatch:4, RetailSearching:4]
[22:25:25 INF] Received HTTP response headers after 89.0189ms - 200
[22:25:25 INF] End processing HTTP request after 90.7519ms - 200
[22:25:25 INF] Start processing HTTP request GET https://www.wikidata.org/w/api.php?*
[22:25:25 INF] Sending HTTP request GET https://www.wikidata.org/w/api.php?*
[22:25:25 INF] Start processing HTTP request GET https://itunes.apple.com/lookup?*
[22:25:25 INF] Sending HTTP request GET https://itunes.apple.com/lookup?*
[22:25:25 INF] Received HTTP response headers after 138.6759ms - 200
[22:25:25 INF] End processing HTTP request after 140.448ms - 200
[22:25:25 INF] Received HTTP response headers after 153.4137ms - 200
[22:25:25 INF] Execution attempt. Source: 'apple_api-standard//Standard-Retry', Operation Key: 'null', Result: '200', Handled: 'False', Attempt: '0', Execution Time: 155.2898ms
[22:25:25 INF] End processing HTTP request after 156.6342ms - 200
[22:25:25 INF] Retail match found for entity 07db6d4e-ee6c-4c8a-8965-405c6295ed75: 'The Hobbit' from apple_api (score: 1.00)
[22:25:25 INF] Post-pipeline confidence for entity 07db6d4e-ee6c-4c8a-8965-405c6295ed75: 1.00
[22:25:25 INF] Entity 07db6d4e-ee6c-4c8a-8965-405c6295ed75 meets organization threshold (1.00 >= 0.70), promoting
[22:25:25 INF] Moved C:\temp\tuvima-watch\books\The Hobbit.epub → C:\temp\tuvima-library\Books/Unknown/The Hobbit (2012)/The Hobbit (2012).epub
[22:25:25 INF] Promoted asset 07db6d4e-ee6c-4c8a-8965-405c6295ed75 from staging to library: C:\temp\tuvima-watch\books\The Hobbit.epub → C:\temp\tuvima-library\Books/Unknown/The Hobbit (2012)/The Hobbit (2012).epub
[22:25:25 INF] Cover art: downloading 'The Hobbit' from https://is1-ssl.mzstatic.com/image/thumb/Publication116/v4/07/0f/b9/070fb9de-7731-0e87-d24f-bf930de62f12/9780544115552.jpg/9999x9999bb.jpg → C:\temp\tuvima-library\.data\assets\artwork\work\350c6767-154b-41be-8c69-e572d8b03ccd\cover\f95d2c71c40743deb01a1237f9a88744.jpg
[22:25:25 INF] Start processing HTTP request GET https://is1-ssl.mzstatic.com/image/thumb/Publication116/v4/07/0f/b9/070fb9de-7731-0e87-d24f-bf930de62f12/9780544115552.jpg/9999x9999bb.jpg
[22:25:25 INF] Sending HTTP request GET https://is1-ssl.mzstatic.com/image/thumb/Publication116/v4/07/0f/b9/070fb9de-7731-0e87-d24f-bf930de62f12/9780544115552.jpg/9999x9999bb.jpg
[22:25:26 INF] Start processing HTTP request GET https://www.wikidata.org/w/api.php?*
[22:25:26 INF] Sending HTTP request GET https://www.wikidata.org/w/api.php?*
[22:25:26 INF] Received HTTP response headers after 86.5588ms - 200
[22:25:26 INF] End processing HTTP request after 90.7363ms - 200
[22:25:26 INF] Start processing HTTP request GET https://www.wikidata.org/w/api.php?*
[22:25:26 INF] Sending HTTP request GET https://www.wikidata.org/w/api.php?*
[22:25:26 INF] Received HTTP response headers after 160.5916ms - 200
[22:25:26 INF] End processing HTTP request after 161.7448ms - 200
[22:25:26 INF] Received HTTP response headers after 592.2279ms - 200
[22:25:26 INF] Execution attempt. Source: 'cover_download-standard//Standard-Retry', Operation Key: 'null', Result: '200', Handled: 'False', Attempt: '0', Execution Time: 595.6001ms
[22:25:26 INF] End processing HTTP request after 597.9267ms - 200
[22:25:26 INF] Start processing HTTP request GET https://www.wikidata.org/w/api.php?*
[22:25:26 INF] Sending HTTP request GET https://www.wikidata.org/w/api.php?*
[22:25:26 INF] Cover art: downloaded poster for 'The Hobbit' (742.6 KB) → C:\temp\tuvima-library\.data\assets\artwork\work\350c6767-154b-41be-8c69-e572d8b03ccd\cover\f95d2c71c40743deb01a1237f9a88744.jpg
[22:25:26 INF] Received HTTP response headers after 257.2482ms - 200
[22:25:26 INF] End processing HTTP request after 261.1907ms - 200
[22:25:27 INF] Start processing HTTP request GET https://www.wikidata.org/w/api.php?*
[22:25:27 INF] Sending HTTP request GET https://www.wikidata.org/w/api.php?*
[22:25:27 INF] Received HTTP response headers after 111.4238ms - 200
[22:25:27 INF] End processing HTTP request after 113.2336ms - 200
[22:25:27 INF] Start processing HTTP request GET https://www.wikidata.org/w/api.php?*
[22:25:27 INF] Sending HTTP request GET https://www.wikidata.org/w/api.php?*
[22:25:27 INF] Received HTTP response headers after 111.108ms - 200
[22:25:27 INF] End processing HTTP request after 112.3433ms - 200
[22:25:27 INF] Start processing HTTP request GET https://www.wikidata.org/w/api.php?*
[22:25:27 INF] Sending HTTP request GET https://www.wikidata.org/w/api.php?*
[22:25:27 INF] Received HTTP response headers after 84.8145ms - 200
[22:25:27 INF] End processing HTTP request after 86.8637ms - 200
[22:25:28 INF] Start processing HTTP request GET https://www.wikidata.org/w/api.php?*
[22:25:28 INF] Sending HTTP request GET https://www.wikidata.org/w/api.php?*
[22:25:28 INF] Received HTTP response headers after 92.9501ms - 200
[22:25:28 INF] End processing HTTP request after 94.7805ms - 200
[22:25:28 INF] Start processing HTTP request GET https://www.wikidata.org/w/api.php?*
[22:25:28 INF] Sending HTTP request GET https://www.wikidata.org/w/api.php?*
[22:25:28 INF] Received HTTP response headers after 78.8022ms - 200
[22:25:28 INF] End processing HTTP request after 81.9872ms - 200
[22:25:28 INF] Start processing HTTP request GET https://www.wikidata.org/w/api.php?*
[22:25:28 INF] Sending HTTP request GET https://www.wikidata.org/w/api.php?*
[22:25:28 INF] Start processing HTTP request GET https://itunes.apple.com/search?*
[22:25:28 INF] Sending HTTP request GET https://itunes.apple.com/search?*
[22:25:28 INF] Received HTTP response headers after 185.3998ms - 200
[22:25:28 INF] End processing HTTP request after 186.7793ms - 200
[22:25:28 INF] Received HTTP response headers after 161.5293ms - 200
[22:25:28 INF] Execution attempt. Source: 'apple_api-standard//Standard-Retry', Operation Key: 'null', Result: '200', Handled: 'False', Attempt: '0', Execution Time: 162.3253ms
[22:25:28 INF] End processing HTTP request after 163.1082ms - 200
[22:25:28 INF] Retail match found for entity d2eca36e-430e-4d2c-ba6b-26fb86da7d57: 'Leviathan Wakes' from apple_api (score: 1.00)
[22:25:28 INF] Post-pipeline confidence for entity d2eca36e-430e-4d2c-ba6b-26fb86da7d57: 0.88
[22:25:28 INF] Auto-resolving AmbiguousMediaType review for entity d2eca36e-430e-4d2c-ba6b-26fb86da7d57 (confidence: 0.88)
[22:25:28 INF] Entity d2eca36e-430e-4d2c-ba6b-26fb86da7d57 meets organization threshold (0.88 >= 0.70), promoting
[22:25:28 INF] Moved C:\temp\tuvima-watch\books\Leviathan Wakes - Jefferson Mays.mp3 → C:\temp\tuvima-library\Audiobooks/Unknown/Leviathan Wakes (2017)/Leviathan Wakes.mp3
[22:25:28 INF] Promoted asset d2eca36e-430e-4d2c-ba6b-26fb86da7d57 from staging to library: C:\temp\tuvima-watch\books\Leviathan Wakes - Jefferson Mays.mp3 → C:\temp\tuvima-library\Audiobooks/Unknown/Leviathan Wakes (2017)/Leviathan Wakes.mp3
[22:25:29 INF] Cover art: downloading 'Leviathan Wakes' from https://is1-ssl.mzstatic.com/image/thumb/Music118/v4/6e/80/38/6e80388b-bbe7-1202-f098-7ae200c06997/9781478998938.jpg/9999x9999bb.jpg → C:\temp\tuvima-library\.data\assets\artwork\work\3ab04b91-3450-4e6c-a90d-630ea9288d08\cover\27f92db5f63b41bb949007047f217281.jpg
[22:25:29 INF] Start processing HTTP request GET https://is1-ssl.mzstatic.com/image/thumb/Music118/v4/6e/80/38/6e80388b-bbe7-1202-f098-7ae200c06997/9781478998938.jpg/9999x9999bb.jpg
[22:25:29 INF] Sending HTTP request GET https://is1-ssl.mzstatic.com/image/thumb/Music118/v4/6e/80/38/6e80388b-bbe7-1202-f098-7ae200c06997/9781478998938.jpg/9999x9999bb.jpg
[22:25:29 INF] Start processing HTTP request GET https://www.wikidata.org/w/api.php?*
[22:25:29 INF] Sending HTTP request GET https://www.wikidata.org/w/api.php?*
[22:25:29 INF] Received HTTP response headers after 61.9559ms - 200
[22:25:29 INF] End processing HTTP request after 63.4842ms - 200
[22:25:29 INF] Start processing HTTP request GET https://www.wikidata.org/w/api.php?*
[22:25:29 INF] Sending HTTP request GET https://www.wikidata.org/w/api.php?*
[22:25:29 INF] Received HTTP response headers after 69.1423ms - 200
[22:25:29 INF] End processing HTTP request after 70.1298ms - 200
[22:25:29 INF] Received HTTP response headers after 622.4032ms - 200
[22:25:29 INF] Execution attempt. Source: 'cover_download-standard//Standard-Retry', Operation Key: 'null', Result: '200', Handled: 'False', Attempt: '0', Execution Time: 625.0711ms
[22:25:29 INF] End processing HTTP request after 626.7931ms - 200
[22:25:29 INF] Start processing HTTP request GET https://www.wikidata.org/w/api.php?*
[22:25:29 INF] Sending HTTP request GET https://www.wikidata.org/w/api.php?*
[22:25:29 INF] Received HTTP response headers after 75.2368ms - 200
[22:25:29 INF] End processing HTTP request after 76.2656ms - 200
[22:25:30 INF] Start processing HTTP request GET https://www.wikidata.org/w/api.php?*
[22:25:30 INF] Sending HTTP request GET https://www.wikidata.org/w/api.php?*
[22:25:30 INF] Cover art: downloaded poster for 'Leviathan Wakes' (776.4 KB) → C:\temp\tuvima-library\.data\assets\artwork\work\3ab04b91-3450-4e6c-a90d-630ea9288d08\cover\27f92db5f63b41bb949007047f217281.jpg
[22:25:30 INF] Received HTTP response headers after 88.7156ms - 200
[22:25:30 INF] End processing HTTP request after 91.5484ms - 200
[22:25:30 INF] Start processing HTTP request GET https://www.wikidata.org/w/api.php?*
[22:25:30 INF] Sending HTTP request GET https://www.wikidata.org/w/api.php?*
[22:25:30 INF] VibeBatchService: scanning for entities needing vibe tags
[22:25:30 INF] PluginScheduledSegmentService: next run in 03:34:29.5942291
[22:25:30 INF] Received HTTP response headers after 48.8825ms - 200
[22:25:30 INF] End processing HTTP request after 51.8277ms - 200
[22:25:30 INF]   Ingestion: assets=105/111, resolved=39/157, pending=118, claims=1177, activeJobs=100, stable=0/4, jobStates=[BridgeSearching:9, Queued:74, ReadyWithoutUniverse:1, RetailMatched:13, RetailNoMatch:4, RetailSearching:4]
[22:25:30 INF] VibeBatchService: tagged 0 entities
[22:25:30 INF] VibeBatchService: next run in 05:34:29.4666626
[22:25:30 INF] Start processing HTTP request GET https://www.wikidata.org/w/api.php?*
[22:25:30 INF] Sending HTTP request GET https://www.wikidata.org/w/api.php?*
[22:25:30 INF] Received HTTP response headers after 43.8362ms - 200
[22:25:30 INF] End processing HTTP request after 44.8561ms - 200
[22:25:31 INF] Start processing HTTP request GET https://www.wikidata.org/w/api.php?*
[22:25:31 INF] Sending HTTP request GET https://www.wikidata.org/w/api.php?*
[22:25:31 INF] Received HTTP response headers after 124.7703ms - 200
[22:25:31 INF] End processing HTTP request after 125.8413ms - 200
[22:25:31 INF] Start processing HTTP request GET https://www.wikidata.org/w/api.php?*
[22:25:31 INF] Sending HTTP request GET https://www.wikidata.org/w/api.php?*
[22:25:31 INF] Received HTTP response headers after 88.3415ms - 200
[22:25:31 INF] End processing HTTP request after 89.335ms - 200
[22:25:31 INF] Start processing HTTP request GET https://www.wikidata.org/w/api.php?*
[22:25:31 INF] Sending HTTP request GET https://www.wikidata.org/w/api.php?*
[22:25:31 INF] Start processing HTTP request GET https://itunes.apple.com/search?*
[22:25:31 INF] Sending HTTP request GET https://itunes.apple.com/search?*
[22:25:31 INF] Received HTTP response headers after 101.0046ms - 200
[22:25:31 INF] End processing HTTP request after 103.3045ms - 200
[22:25:31 INF] Received HTTP response headers after 89.2943ms - 200
[22:25:31 INF] Execution attempt. Source: 'apple_api-standard//Standard-Retry', Operation Key: 'null', Result: '200', Handled: 'False', Attempt: '0', Execution Time: 95.1822ms
[22:25:31 INF] End processing HTTP request after 96.5168ms - 200
[22:25:31 INF] apple_api/ebook_search: zero results from API, trying next strategy
[22:25:31 INF] Pipeline: entity 8afa0763-506e-4704-a4c3-ab5507976108 sent to review — trigger=RetailMatchFailed, confidence=0 %
[22:25:31 INF] No retail match for entity 8afa0763-506e-4704-a4c3-ab5507976108 — 0 candidates evaluated, best score: 0.00
[22:25:32 INF] Start processing HTTP request GET https://www.wikidata.org/w/api.php?*
[22:25:32 INF] Sending HTTP request GET https://www.wikidata.org/w/api.php?*
[22:25:32 INF] Received HTTP response headers after 90.8779ms - 200
[22:25:32 INF] End processing HTTP request after 92.9999ms - 200
[22:25:32 INF] Start processing HTTP request GET https://www.wikidata.org/w/api.php?*
[22:25:32 INF] Sending HTTP request GET https://www.wikidata.org/w/api.php?*
[22:25:32 INF] Received HTTP response headers after 84.0994ms - 200
[22:25:32 INF] End processing HTTP request after 85.3061ms - 200
[22:25:32 INF] Start processing HTTP request GET https://www.wikidata.org/w/api.php?*
[22:25:32 INF] Sending HTTP request GET https://www.wikidata.org/w/api.php?*
[22:25:32 INF] Received HTTP response headers after 109.0789ms - 200
[22:25:32 INF] End processing HTTP request after 110.0492ms - 200
[22:25:33 INF] Start processing HTTP request GET https://www.wikidata.org/w/api.php?*
[22:25:33 INF] Sending HTTP request GET https://www.wikidata.org/w/api.php?*
[22:25:33 INF] Received HTTP response headers after 71.7278ms - 200
[22:25:33 INF] End processing HTTP request after 74.2242ms - 200
[22:25:33 INF] Start processing HTTP request GET https://www.wikidata.org/w/api.php?*
[22:25:33 INF] Sending HTTP request GET https://www.wikidata.org/w/api.php?*
[22:25:33 INF] Received HTTP response headers after 247.9863ms - 200
[22:25:33 INF] End processing HTTP request after 249.6228ms - 200
[22:25:33 INF] Start processing HTTP request GET https://www.wikidata.org/w/api.php?*
[22:25:33 INF] Sending HTTP request GET https://www.wikidata.org/w/api.php?*
[22:25:33 INF] Received HTTP response headers after 49.9567ms - 200
[22:25:33 INF] End processing HTTP request after 51.3396ms - 200
[22:25:34 INF] Start processing HTTP request GET https://www.wikidata.org/w/api.php?*
[22:25:34 INF] Sending HTTP request GET https://www.wikidata.org/w/api.php?*
[22:25:34 INF] Received HTTP response headers after 53.4752ms - 200
[22:25:34 INF] End processing HTTP request after 54.8552ms - 200
[22:25:34 INF] Start processing HTTP request GET https://www.wikidata.org/w/api.php?*
[22:25:34 INF] Sending HTTP request GET https://www.wikidata.org/w/api.php?*
[22:25:34 INF] Received HTTP response headers after 108.6164ms - 200
[22:25:34 INF] End processing HTTP request after 113.9019ms - 200
[22:25:34 INF] Start processing HTTP request GET https://www.wikidata.org/w/api.php?*
[22:25:34 INF] Sending HTTP request GET https://www.wikidata.org/w/api.php?*
[22:25:34 INF] Start processing HTTP request GET https://itunes.apple.com/search?*
[22:25:34 INF] Sending HTTP request GET https://itunes.apple.com/search?*
[22:25:34 INF] Received HTTP response headers after 51.6687ms - 200
[22:25:34 INF] End processing HTTP request after 52.5306ms - 200
[22:25:35 INF] Start processing HTTP request GET https://www.wikidata.org/w/api.php?*
[22:25:35 INF] Sending HTTP request GET https://www.wikidata.org/w/api.php?*
[22:25:35 INF] Received HTTP response headers after 334.0781ms - 200
[22:25:35 INF] Execution attempt. Source: 'apple_api-standard//Standard-Retry', Operation Key: 'null', Result: '200', Handled: 'False', Attempt: '0', Execution Time: 334.6954ms
[22:25:35 INF] End processing HTTP request after 335.3689ms - 200
[22:25:35 INF] Received HTTP response headers after 68.1906ms - 200
[22:25:35 INF] End processing HTTP request after 69.1901ms - 200
[22:25:35 INF] Retail match found for entity dd276ebb-d76c-411b-aea0-06f515061a3f: 'The Name of the Wind: Kingkiller Chronicle, Book 1 (Unabridged)' from apple_api (score: 1.00)
[22:25:35 INF] Post-pipeline confidence for entity dd276ebb-d76c-411b-aea0-06f515061a3f: 0.88
[22:25:35 INF] Auto-resolving AmbiguousMediaType review for entity dd276ebb-d76c-411b-aea0-06f515061a3f (confidence: 0.88)
[22:25:35 INF] Entity dd276ebb-d76c-411b-aea0-06f515061a3f meets organization threshold (0.88 >= 0.70), promoting
[22:25:35 INF] Moved C:\temp\tuvima-watch\books\The Name of the Wind - Nick Podehl.mp3 → C:\temp\tuvima-library\Audiobooks/Unknown/The Name of the Wind_ Kingkiller Chronicle, Book 1 (Unabridged) (2009)/The Name of the Wind_ Kingkiller Chronicle, Book 1 (Unabridged).mp3
[22:25:35 INF] Promoted asset dd276ebb-d76c-411b-aea0-06f515061a3f from staging to library: C:\temp\tuvima-watch\books\The Name of the Wind - Nick Podehl.mp3 → C:\temp\tuvima-library\Audiobooks/Unknown/The Name of the Wind_ Kingkiller Chronicle, Book 1 (Unabridged) (2009)/The Name of the Wind_ Kingkiller Chronicle, Book 1 (Unabridged).mp3
[22:25:35 INF] Cover art: downloading 'The Name of the Wind: Kingkiller Chronicle, Book 1 (Unabridged)' from https://is1-ssl.mzstatic.com/image/thumb/Music123/v4/2d/e5/44/2de54455-4c57-2c7f-6c89-001dd9244fd1/rm_image.jpg/9999x9999bb.jpg → C:\temp\tuvima-library\.data\assets\artwork\work\4a92b5f1-7fe5-4c98-8f58-b6f9ebff518d\cover\2b358976827b44718de88dd2935122a3.jpg
[22:25:35 INF] Start processing HTTP request GET https://is1-ssl.mzstatic.com/image/thumb/Music123/v4/2d/e5/44/2de54455-4c57-2c7f-6c89-001dd9244fd1/rm_image.jpg/9999x9999bb.jpg
[22:25:35 INF] Sending HTTP request GET https://is1-ssl.mzstatic.com/image/thumb/Music123/v4/2d/e5/44/2de54455-4c57-2c7f-6c89-001dd9244fd1/rm_image.jpg/9999x9999bb.jpg
[22:25:35 INF] Received HTTP response headers after 218.4053ms - 200
[22:25:35 INF] Execution attempt. Source: 'cover_download-standard//Standard-Retry', Operation Key: 'null', Result: '200', Handled: 'False', Attempt: '0', Execution Time: 220.5199ms
[22:25:35 INF] End processing HTTP request after 220.9418ms - 200
[22:25:35 INF] Start processing HTTP request GET https://www.wikidata.org/w/api.php?*
[22:25:35 INF] Sending HTTP request GET https://www.wikidata.org/w/api.php?*
[22:25:35 INF] Received HTTP response headers after 86.9586ms - 200
[22:25:35 INF] End processing HTTP request after 92.0871ms - 200
[22:25:35 INF]   Ingestion: assets=105/111, resolved=39/157, pending=118, claims=1184, activeJobs=99, stable=0/4, jobStates=[BridgeSearching:9, Queued:73, ReadyWithoutUniverse:1, RetailMatched:14, RetailNoMatch:5, RetailSearching:3]
[22:25:35 INF] Start processing HTTP request GET https://www.wikidata.org/w/api.php?*
[22:25:35 INF] Sending HTTP request GET https://www.wikidata.org/w/api.php?*
[22:25:35 INF] Received HTTP response headers after 48.9148ms - 200
[22:25:35 INF] End processing HTTP request after 49.9563ms - 200
[22:25:35 INF] Cover art: downloaded poster for 'The Name of the Wind: Kingkiller Chronicle, Book 1 (Unabridged)' (1500.6 KB) → C:\temp\tuvima-library\.data\assets\artwork\work\4a92b5f1-7fe5-4c98-8f58-b6f9ebff518d\cover\2b358976827b44718de88dd2935122a3.jpg
[22:25:36 INF] Start processing HTTP request GET https://www.wikidata.org/w/api.php?*
[22:25:36 INF] Sending HTTP request GET https://www.wikidata.org/w/api.php?*
[22:25:36 INF] Received HTTP response headers after 103.1341ms - 200
[22:25:36 INF] End processing HTTP request after 104.1645ms - 200
[22:25:36 INF] Start processing HTTP request GET https://www.wikidata.org/w/api.php?*
[22:25:36 INF] Sending HTTP request GET https://www.wikidata.org/w/api.php?*
[22:25:36 INF] Received HTTP response headers after 109.1394ms - 200
[22:25:36 INF] End processing HTTP request after 110.3405ms - 200
[22:25:36 INF] Start processing HTTP request GET https://www.wikidata.org/w/api.php?*
[22:25:36 INF] Sending HTTP request GET https://www.wikidata.org/w/api.php?*
[22:25:36 INF] Received HTTP response headers after 89.72ms - 200
[22:25:36 INF] End processing HTTP request after 91.1288ms - 200
[22:25:37 INF] Start processing HTTP request GET https://www.wikidata.org/w/api.php?*
[22:25:37 INF] Sending HTTP request GET https://www.wikidata.org/w/api.php?*
[22:25:37 INF] Received HTTP response headers after 66.9492ms - 200
[22:25:37 INF] End processing HTTP request after 68.53ms - 200
[22:25:37 INF] Start processing HTTP request GET https://www.wikidata.org/w/api.php?*
[22:25:37 INF] Sending HTTP request GET https://www.wikidata.org/w/api.php?*
[22:25:37 INF] Received HTTP response headers after 119.544ms - 200
[22:25:37 INF] End processing HTTP request after 120.7033ms - 200
[22:25:37 INF] Start processing HTTP request GET https://www.wikidata.org/w/api.php?*
[22:25:37 INF] Sending HTTP request GET https://www.wikidata.org/w/api.php?*
[22:25:37 INF] Start processing HTTP request GET https://itunes.apple.com/lookup?*
[22:25:37 INF] Sending HTTP request GET https://itunes.apple.com/lookup?*
[22:25:37 INF] Received HTTP response headers after 60.6013ms - 200
[22:25:37 INF] End processing HTTP request after 61.6539ms - 200
[22:25:37 INF] wikidata_reconciliation: Stage2 - rejected 1be037f0-f088-4f00-acee-758c75a678f0 -> Q719960: P31 does not match Audiobooks
[22:25:37 INF] Received HTTP response headers after 62.6891ms - 200
[22:25:37 INF] Execution attempt. Source: 'apple_api-standard//Standard-Retry', Operation Key: 'null', Result: '200', Handled: 'False', Attempt: '0', Execution Time: 66.9902ms
[22:25:37 INF] End processing HTTP request after 68.2158ms - 200
[22:25:37 INF] apple_api/isbn_lookup: zero results from API, trying next strategy
[22:25:38 INF] Start processing HTTP request GET https://www.wikidata.org/w/api.php?*
[22:25:38 INF] Sending HTTP request GET https://www.wikidata.org/w/api.php?*
[22:25:38 INF] Received HTTP response headers after 54.2397ms - 200
[22:25:38 INF] End processing HTTP request after 55.4298ms - 200
[22:25:38 INF] wikidata_reconciliation: Stage2 - rejected 1be037f0-f088-4f00-acee-758c75a678f0 -> Q116783524: P31 does not match Audiobooks
[22:25:38 INF] Start processing HTTP request GET https://www.wikidata.org/w/api.php?*
[22:25:38 INF] Sending HTTP request GET https://www.wikidata.org/w/api.php?*
[22:25:38 INF] Received HTTP response headers after 59.1753ms - 200
[22:25:38 INF] End processing HTTP request after 61.8056ms - 200
[22:25:38 INF] wikidata_reconciliation: Stage2 - rejected 1be037f0-f088-4f00-acee-758c75a678f0 -> Q117706379: P31 does not match Audiobooks
[22:25:38 INF] Start processing HTTP request GET https://www.wikidata.org/w/api.php?*
[22:25:38 INF] Sending HTTP request GET https://www.wikidata.org/w/api.php?*
[22:25:38 INF] Received HTTP response headers after 53.7515ms - 200
[22:25:38 INF] End processing HTTP request after 55.132ms - 200
[22:25:38 INF] wikidata_reconciliation: Stage2 - rejected 1be037f0-f088-4f00-acee-758c75a678f0 -> Q118213987: P31 does not match Audiobooks
[22:25:39 INF] Start processing HTTP request GET https://www.wikidata.org/w/api.php?*
[22:25:39 INF] Sending HTTP request GET https://www.wikidata.org/w/api.php?*
[22:25:39 INF] Received HTTP response headers after 43.136ms - 200
[22:25:39 INF] End processing HTTP request after 45.231ms - 200
[22:25:39 INF] wikidata_reconciliation: Stage2 - rejected 1be037f0-f088-4f00-acee-758c75a678f0 -> Q126106498: P31 does not match Audiobooks
[22:25:39 INF] wikidata_reconciliation: Stage2 — 04410f7a-d342-4107-9b0a-5239ef382b55 not resolved
[22:25:39 INF] Start processing HTTP request GET https://www.wikidata.org/w/api.php?*
[22:25:39 INF] Sending HTTP request GET https://www.wikidata.org/w/api.php?*
[22:25:39 INF] Received HTTP response headers after 59.3349ms - 200
[22:25:39 INF] End processing HTTP request after 63.7269ms - 200
[22:25:39 INF] wikidata_reconciliation: Stage2 — resolved 8ae891a6-2331-4a8c-871a-4ff7ca94b288 → Q47209 via TextSearch (isEdition=False, claims=8, bridgeIds=2)
[22:25:39 INF] Start processing HTTP request GET https://www.wikidata.org/w/api.php?*
[22:25:39 INF] Sending HTTP request GET https://www.wikidata.org/w/api.php?*
[22:25:39 INF] Received HTTP response headers after 48.027ms - 200
[22:25:39 INF] End processing HTTP request after 49.6488ms - 200
[22:25:39 INF] wikidata_reconciliation: Stage2 — resolved a89fb5b1-aca2-4234-8a14-3e817aef4073 → Q125657547 via TextSearch (isEdition=True, claims=5, bridgeIds=3)
[22:25:39 INF] wikidata_reconciliation: Stage2 — resolved 41562c46-dab8-49e9-b34e-e4bc74426cfb → Q125657547 via TextSearch (isEdition=True, claims=5, bridgeIds=3)
[22:25:40 INF] Start processing HTTP request GET https://www.wikidata.org/w/api.php?*
[22:25:40 INF] Sending HTTP request GET https://www.wikidata.org/w/api.php?*
[22:25:40 INF] Received HTTP response headers after 52.705ms - 200
[22:25:40 INF] End processing HTTP request after 54.294ms - 200
[22:25:40 INF] wikidata_reconciliation: Stage2 — resolved c5aeed2b-85ff-46c0-943f-193d4597147e → Q25338 via TextSearch (isEdition=False, claims=3, bridgeIds=2)
[22:25:40 INF] wikidata_reconciliation: Stage2 — resolved 7012fc4b-9e71-4f5d-b2bb-ddb445ebce3c → Q150827 via TextSearch (isEdition=False, claims=4, bridgeIds=2)
[22:25:40 INF] wikidata_reconciliation: Stage2 — resolved 37111151-12ad-45cc-a1b5-4aeaa09cc742 → Q5019811 via TextSearch (isEdition=False, claims=6, bridgeIds=1)
[22:25:40 INF] wikidata_reconciliation: Stage2 — resolved 83dbd56c-1091-4905-8f78-e69931d81cc9 → Q1052459 via TextSearch (isEdition=False, claims=3, bridgeIds=2)
[22:25:40 INF] Start processing HTTP request GET https://www.wikidata.org/w/api.php?*
[22:25:40 INF] Sending HTTP request GET https://www.wikidata.org/w/api.php?*
[22:25:40 INF] Received HTTP response headers after 101.3969ms - 200
[22:25:40 INF] End processing HTTP request after 102.7196ms - 200
[22:25:40 INF]   Ingestion: assets=105/111, resolved=39/157, pending=118, claims=1184, activeJobs=99, stable=1/4, jobStates=[BridgeSearching:9, Queued:72, ReadyWithoutUniverse:1, RetailMatched:14, RetailNoMatch:5, RetailSearching:4]
[22:25:40 INF] Start processing HTTP request GET https://www.wikidata.org/w/api.php?*
[22:25:40 INF] Sending HTTP request GET https://www.wikidata.org/w/api.php?*
[22:25:40 INF] Start processing HTTP request GET https://itunes.apple.com/lookup?*
[22:25:40 INF] Sending HTTP request GET https://itunes.apple.com/lookup?*
[22:25:40 INF] Received HTTP response headers after 86.2082ms - 200
[22:25:40 INF] Execution attempt. Source: 'apple_api-standard//Standard-Retry', Operation Key: 'null', Result: '200', Handled: 'False', Attempt: '0', Execution Time: 87.8038ms
[22:25:40 INF] End processing HTTP request after 88.7932ms - 200
[22:25:40 INF] apple_api/isbn_lookup: zero results from API, trying next strategy
[22:25:40 INF] Received HTTP response headers after 158.5201ms - 200
[22:25:40 INF] End processing HTTP request after 163.3874ms - 200
[22:25:41 INF] Start processing HTTP request GET https://www.wikidata.org/w/api.php?*
[22:25:41 INF] Sending HTTP request GET https://www.wikidata.org/w/api.php?*
[22:25:41 INF] Received HTTP response headers after 121.9542ms - 200
[22:25:41 INF] End processing HTTP request after 125.6014ms - 200
[22:25:41 INF] Start processing HTTP request GET https://www.wikidata.org/w/api.php?*
[22:25:41 INF] Sending HTTP request GET https://www.wikidata.org/w/api.php?*
[22:25:41 INF] Received HTTP response headers after 261.4179ms - 200
[22:25:41 INF] End processing HTTP request after 278.5944ms - 200
[22:25:41 INF] Start processing HTTP request GET https://www.wikidata.org/w/api.php?*
[22:25:41 INF] Sending HTTP request GET https://www.wikidata.org/w/api.php?*
[22:25:41 INF] Received HTTP response headers after 83.1441ms - 200
[22:25:41 INF] End processing HTTP request after 96.4141ms - 200
[22:25:42 INF] Start processing HTTP request GET https://www.wikidata.org/w/api.php?*
[22:25:42 INF] Sending HTTP request GET https://www.wikidata.org/w/api.php?*
[22:25:42 INF] Received HTTP response headers after 117.7688ms - 200
[22:25:42 INF] End processing HTTP request after 127.5457ms - 200
[22:25:42 INF] Start processing HTTP request GET https://www.wikidata.org/w/api.php?*
[22:25:42 INF] Sending HTTP request GET https://www.wikidata.org/w/api.php?*
[22:25:42 INF] Received HTTP response headers after 264.6624ms - 200
[22:25:42 INF] End processing HTTP request after 265.717ms - 200
[22:25:42 INF] Start processing HTTP request GET https://www.wikidata.org/w/api.php?*
[22:25:42 INF] Sending HTTP request GET https://www.wikidata.org/w/api.php?*
[22:25:42 INF] Received HTTP response headers after 116.6113ms - 200
[22:25:42 INF] End processing HTTP request after 117.7543ms - 200
[22:25:43 INF] Start processing HTTP request GET https://www.wikidata.org/w/api.php?*
[22:25:43 INF] Sending HTTP request GET https://www.wikidata.org/w/api.php?*
[22:25:43 INF] Received HTTP response headers after 134.673ms - 200
[22:25:43 INF] End processing HTTP request after 135.9336ms - 200
[22:25:43 INF] Start processing HTTP request GET https://www.wikidata.org/w/api.php?*
[22:25:43 INF] Sending HTTP request GET https://www.wikidata.org/w/api.php?*
[22:25:43 INF] Received HTTP response headers after 94.7705ms - 200
[22:25:43 INF] End processing HTTP request after 95.9782ms - 200
[22:25:43 INF] Start processing HTTP request GET https://www.wikidata.org/w/api.php?*
[22:25:43 INF] Sending HTTP request GET https://www.wikidata.org/w/api.php?*
[22:25:43 INF] Start processing HTTP request GET https://itunes.apple.com/lookup?*
[22:25:43 INF] Sending HTTP request GET https://itunes.apple.com/lookup?*
[22:25:43 INF] Received HTTP response headers after 89.5935ms - 200
[22:25:43 INF] Execution attempt. Source: 'apple_api-standard//Standard-Retry', Operation Key: 'null', Result: '200', Handled: 'False', Attempt: '0', Execution Time: 90.4119ms
[22:25:43 INF] End processing HTTP request after 91.2962ms - 200
[22:25:43 INF] apple_api/isbn_lookup: zero results from API, trying next strategy
[22:25:43 INF] Received HTTP response headers after 177.9154ms - 200
[22:25:43 INF] End processing HTTP request after 179.1006ms - 200
[22:25:44 INF] Start processing HTTP request GET https://www.wikidata.org/w/api.php?*
[22:25:44 INF] Sending HTTP request GET https://www.wikidata.org/w/api.php?*
[22:25:44 INF] Received HTTP response headers after 80.0819ms - 200
[22:25:44 INF] End processing HTTP request after 81.1243ms - 200
[22:25:44 INF] Start processing HTTP request GET https://www.wikidata.org/w/api.php?*
[22:25:44 INF] Sending HTTP request GET https://www.wikidata.org/w/api.php?*
[22:25:44 INF] Received HTTP response headers after 94.0013ms - 200
[22:25:44 INF] End processing HTTP request after 96.2103ms - 200
[22:25:44 INF] Start processing HTTP request GET https://www.wikidata.org/w/api.php?*
[22:25:44 INF] Sending HTTP request GET https://www.wikidata.org/w/api.php?*
[22:25:44 INF] Received HTTP response headers after 91.1103ms - 200
[22:25:44 INF] End processing HTTP request after 92.022ms - 200
[22:25:45 INF] Start processing HTTP request GET https://www.wikidata.org/w/api.php?*
[22:25:45 INF] Sending HTTP request GET https://www.wikidata.org/w/api.php?*
[22:25:45 INF] Received HTTP response headers after 92.862ms - 200
[22:25:45 INF] End processing HTTP request after 93.799ms - 200
[22:25:45 INF] Start processing HTTP request GET https://www.wikidata.org/w/api.php?*
[22:25:45 INF] Sending HTTP request GET https://www.wikidata.org/w/api.php?*
[22:25:45 INF] Received HTTP response headers after 73.9117ms - 200
[22:25:45 INF] End processing HTTP request after 75.0596ms - 200
[22:25:45 INF]   Ingestion: assets=105/111, resolved=39/157, pending=118, claims=1184, activeJobs=99, stable=2/4, jobStates=[BridgeSearching:9, Queued:72, ReadyWithoutUniverse:1, RetailMatched:14, RetailNoMatch:5, RetailSearching:4]
[22:25:45 INF] Start processing HTTP request GET https://www.wikidata.org/w/api.php?*
[22:25:45 INF] Sending HTTP request GET https://www.wikidata.org/w/api.php?*
[22:25:45 INF] Received HTTP response headers after 81.6512ms - 200
[22:25:45 INF] End processing HTTP request after 82.8631ms - 200
[22:25:45 INF] wikidata_reconciliation: Stage2 — resolved 1be037f0-f088-4f00-acee-758c75a678f0 → Q43361 via TextSearch (isEdition=False, claims=9, bridgeIds=2)
[22:25:45 INF] wikidata_reconciliation: Stage2 — 04410f7a-d342-4107-9b0a-5239ef382b55 not resolved
[22:25:45 INF] Wikidata: distributing results — 8 of 9 job(s) have a resolved QID
[22:25:46 INF] Start processing HTTP request GET https://www.wikidata.org/w/api.php?*
[22:25:46 INF] Sending HTTP request GET https://www.wikidata.org/w/api.php?*
[22:25:46 INF] Received HTTP response headers after 65.0433ms - 200
[22:25:46 INF] End processing HTTP request after 70.2669ms - 200
[22:25:46 INF] Start processing HTTP request GET https://www.wikidata.org/w/api.php?*
[22:25:46 INF] Sending HTTP request GET https://www.wikidata.org/w/api.php?*
[22:25:46 INF] Received HTTP response headers after 105.8596ms - 200
[22:25:46 INF] End processing HTTP request after 107.8954ms - 200
[22:25:46 INF] wikidata_reconciliation: Data Extension for Q43361 — requesting 51 properties: [P31, P50, P57, P58, P86, P110, P161, P175, P577, P1476, P136, P179, P1545, P449, P674, P840, P921, P8345, P1434, P144, P4584, P212, P957, P5749, P4947, P4983, P4835, P7043, P345, P6395, P9586, P9751, P9750, P6381, P6398, P2281, P2850, P10110, P5905, P1190, P434, P435, P436, P5813, P4404, P2969, P648, P6262, P747, Len, Den]
[22:25:46 INF] Start processing HTTP request GET https://www.wikidata.org/w/api.php?*
[22:25:46 INF] Sending HTTP request GET https://www.wikidata.org/w/api.php?*
[22:25:46 INF] Start processing HTTP request GET https://itunes.apple.com/lookup?*
[22:25:46 INF] Sending HTTP request GET https://itunes.apple.com/lookup?*
[22:25:47 INF] Received HTTP response headers after 290.083ms - 200
[22:25:47 INF] Execution attempt. Source: 'apple_api-standard//Standard-Retry', Operation Key: 'null', Result: '200', Handled: 'False', Attempt: '0', Execution Time: 291.2334ms
[22:25:47 INF] End processing HTTP request after 292.2729ms - 200
[22:25:47 INF] Retail match found for entity 9c86ba08-8211-4cee-8c4d-277f5b01e61d: 'The Road' from apple_api (score: 1.00)
[22:25:47 INF] Post-pipeline confidence for entity 9c86ba08-8211-4cee-8c4d-277f5b01e61d: 1.00
[22:25:47 INF] Entity 9c86ba08-8211-4cee-8c4d-277f5b01e61d meets organization threshold (1.00 >= 0.70), promoting
[22:25:47 INF] Moved C:\temp\tuvima-watch\books\The Road.epub → C:\temp\tuvima-library\Books/Unknown/The Road (2006)/The Road (2006).epub
[22:25:47 INF] Promoted asset 9c86ba08-8211-4cee-8c4d-277f5b01e61d from staging to library: C:\temp\tuvima-watch\books\The Road.epub → C:\temp\tuvima-library\Books/Unknown/The Road (2006)/The Road (2006).epub
[22:25:47 INF] Cover art: downloading 'The Road' from https://is1-ssl.mzstatic.com/image/thumb/Publication118/v4/b4/1c/35/b41c35f8-ed9a-aa67-8bf2-9504cdcfaed3/9780307267450.jpg/9999x9999bb.jpg → C:\temp\tuvima-library\.data\assets\artwork\work\4e4dddf9-0951-495e-a569-c8ea7adc6f9d\cover\75ef2e3456eb4de4a86a2600b84d86c8.jpg
[22:25:47 INF] Start processing HTTP request GET https://is1-ssl.mzstatic.com/image/thumb/Publication118/v4/b4/1c/35/b41c35f8-ed9a-aa67-8bf2-9504cdcfaed3/9780307267450.jpg/9999x9999bb.jpg
[22:25:47 INF] Sending HTTP request GET https://is1-ssl.mzstatic.com/image/thumb/Publication118/v4/b4/1c/35/b41c35f8-ed9a-aa67-8bf2-9504cdcfaed3/9780307267450.jpg/9999x9999bb.jpg
[22:25:47 INF] Received HTTP response headers after 780.018ms - 200
[22:25:47 INF] End processing HTTP request after 781.2091ms - 200
[22:25:47 INF] Start processing HTTP request GET https://www.wikidata.org/w/api.php?*
[22:25:47 INF] Sending HTTP request GET https://www.wikidata.org/w/api.php?*
[22:25:48 INF] Received HTTP response headers after 596.2297ms - 200
[22:25:48 INF] End processing HTTP request after 600.8658ms - 200
[22:25:48 INF] Start processing HTTP request GET https://www.wikidata.org/w/api.php?*
[22:25:48 INF] Sending HTTP request GET https://www.wikidata.org/w/api.php?*
[22:25:48 INF] Received HTTP response headers after 57.0212ms - 200
[22:25:48 INF] End processing HTTP request after 58.1151ms - 200
[22:25:48 INF] wikidata_reconciliation: Data Extension returned 16 properties for Q43361: [P1434, P577, P50, P31, P435, P840, P136, P179, P674, P1476, P648, P747, P6262, P8345, P921, P110]
[22:25:48 INF] Start processing HTTP request GET https://www.wikidata.org/w/api.php?*
[22:25:48 INF] Sending HTTP request GET https://www.wikidata.org/w/api.php?*
[22:25:48 INF] Received HTTP response headers after 1388.1376ms - 200
[22:25:48 INF] Execution attempt. Source: 'cover_download-standard//Standard-Retry', Operation Key: 'null', Result: '200', Handled: 'False', Attempt: '0', Execution Time: 1388.7069ms
[22:25:48 INF] End processing HTTP request after 1391.7698ms - 200
[22:25:48 INF] Received HTTP response headers after 131.6048ms - 200
[22:25:48 INF] End processing HTTP request after 132.8682ms - 200
[22:25:48 INF] wikidata_reconciliation: fetched 172 work claims for Q43361 (audiobook edition pivot: False)
[22:25:48 INF] Cover art: downloaded poster for 'The Road' (281.4 KB) → C:\temp\tuvima-library\.data\assets\artwork\work\4e4dddf9-0951-495e-a569-c8ea7adc6f9d\cover\75ef2e3456eb4de4a86a2600b84d86c8.jpg
[22:25:48 INF] Start processing HTTP request GET https://www.wikidata.org/w/api.php?*
[22:25:48 INF] Sending HTTP request GET https://www.wikidata.org/w/api.php?*
[22:25:48 INF] Received HTTP response headers after 54.3712ms - 200
[22:25:48 INF] End processing HTTP request after 55.4084ms - 200
[22:25:48 INF] Start processing HTTP request GET https://en.wikipedia.org/w/api.php?*
[22:25:48 INF] Sending HTTP request GET https://en.wikipedia.org/w/api.php?*
[22:25:48 INF] Received HTTP response headers after 86.8244ms - 200
[22:25:48 INF] End processing HTTP request after 87.5717ms - 200
[22:25:48 INF] wikidata_reconciliation: Wikipedia description for Q43361 (en): 2033 chars
[22:25:49 INF] Start processing HTTP request GET https://en.wikipedia.org/w/api.php?*
[22:25:49 INF] Sending HTTP request GET https://en.wikipedia.org/w/api.php?*
[22:25:49 INF] Received HTTP response headers after 82.4806ms - 200
[22:25:49 INF] End processing HTTP request after 84.3511ms - 200
[22:25:49 INF] Start processing HTTP request GET https://en.wikipedia.org/w/api.php?*
[22:25:49 INF] Sending HTTP request GET https://en.wikipedia.org/w/api.php?*
[22:25:49 INF] Received HTTP response headers after 150.2283ms - 200
[22:25:49 INF] End processing HTTP request after 153.0234ms - 200
[22:25:49 INF] wikidata_reconciliation: Wikipedia plot section 'Plot' for Q43361: 3704 chars
[22:25:49 INF] Start processing HTTP request GET https://www.wikidata.org/w/api.php?*
[22:25:49 INF] Sending HTTP request GET https://www.wikidata.org/w/api.php?*
[22:25:49 INF] Start processing HTTP request GET https://itunes.apple.com/search?*
[22:25:49 INF] Sending HTTP request GET https://itunes.apple.com/search?*
[22:25:49 INF] Received HTTP response headers after 78.6302ms - 200
[22:25:49 INF] End processing HTTP request after 81.9834ms - 200
[22:25:49 INF] wikidata_reconciliation: Data Extension for Q47209 — requesting 51 properties: [P31, P50, P57, P58, P86, P110, P161, P175, P577, P1476, P136, P179, P1545, P449, P674, P840, P921, P8345, P1434, P144, P4584, P212, P957, P5749, P4947, P4983, P4835, P7043, P345, P6395, P9586, P9751, P9750, P6381, P6398, P2281, P2850, P10110, P5905, P1190, P434, P435, P436, P5813, P4404, P2969, P648, P6262, P747, Len, Den]
[22:25:49 INF] Received HTTP response headers after 194.1309ms - 200
[22:25:49 INF] Execution attempt. Source: 'apple_api-standard//Standard-Retry', Operation Key: 'null', Result: '200', Handled: 'False', Attempt: '0', Execution Time: 195.1949ms
[22:25:49 INF] End processing HTTP request after 198.5079ms - 200
[22:25:50 INF] Retail match ambiguous for entity 55d5f7d8-ee5f-46ba-b57f-fd323814cac1: 'The Long Walk' (score: 0.68)
[22:25:50 INF] Start processing HTTP request GET https://www.wikidata.org/w/api.php?*
[22:25:50 INF] Sending HTTP request GET https://www.wikidata.org/w/api.php?*
[22:25:50 INF] Received HTTP response headers after 386.1034ms - 200
[22:25:50 INF] End processing HTTP request after 387.4928ms - 200
[22:25:50 INF] wikidata_reconciliation: Data Extension returned 16 properties for Q47209: [P1434, P50, P31, P435, P136, P674, P1476, P840, P747, P8345, P921, P179, P577, P648, P110, P6262]
[22:25:50 INF] Start processing HTTP request GET https://www.wikidata.org/w/api.php?*
[22:25:50 INF] Sending HTTP request GET https://www.wikidata.org/w/api.php?*
[22:25:50 INF]   Ingestion: assets=105/111, resolved=40/157, pending=117, claims=1202, activeJobs=99, stable=0/4, jobStates=[BridgeSearching:9, Queued:70, ReadyWithoutUniverse:1, RetailMatched:15, RetailMatchedNeedsReview:1, RetailNoMatch:5, RetailSearching:4]
[22:25:50 INF] Received HTTP response headers after 96.3695ms - 200
[22:25:50 INF] End processing HTTP request after 97.0877ms - 200
[22:25:50 INF] wikidata_reconciliation: fetched 70 work claims for Q47209 (audiobook edition pivot: False)
[22:25:50 INF] Start processing HTTP request GET https://www.wikidata.org/w/api.php?*
[22:25:50 INF] Sending HTTP request GET https://www.wikidata.org/w/api.php?*
[22:25:50 INF] Received HTTP response headers after 63.1215ms - 200
[22:25:50 INF] End processing HTTP request after 64.8576ms - 200
[22:25:50 INF] Start processing HTTP request GET https://en.wikipedia.org/w/api.php?*
[22:25:50 INF] Sending HTTP request GET https://en.wikipedia.org/w/api.php?*
[22:25:50 INF] Received HTTP response headers after 59.9495ms - 200
[22:25:50 INF] End processing HTTP request after 61.5406ms - 200
[22:25:50 INF] wikidata_reconciliation: Wikipedia description for Q47209 (en): 1778 chars
[22:25:51 INF] Start processing HTTP request GET https://en.wikipedia.org/w/api.php?*
[22:25:51 INF] Sending HTTP request GET https://en.wikipedia.org/w/api.php?*
[22:25:51 INF] Received HTTP response headers after 66.2914ms - 200
[22:25:51 INF] End processing HTTP request after 68.9907ms - 200
[22:25:51 INF] Start processing HTTP request GET https://en.wikipedia.org/w/api.php?*
[22:25:51 INF] Sending HTTP request GET https://en.wikipedia.org/w/api.php?*
[22:25:51 INF] Received HTTP response headers after 109.0715ms - 200
[22:25:51 INF] End processing HTTP request after 111.8082ms - 200
[22:25:51 INF] wikidata_reconciliation: Wikipedia plot section 'Plot' for Q47209: 3454 chars
[22:25:51 INF] Start processing HTTP request GET https://www.wikidata.org/w/api.php?*
[22:25:51 INF] Sending HTTP request GET https://www.wikidata.org/w/api.php?*
[22:25:51 INF] Received HTTP response headers after 46.1043ms - 200
[22:25:51 INF] End processing HTTP request after 47.7248ms - 200
[22:25:51 INF] Start processing HTTP request GET https://www.wikidata.org/w/api.php?*
[22:25:51 INF] Sending HTTP request GET https://www.wikidata.org/w/api.php?*
[22:25:52 INF] Received HTTP response headers after 86.7735ms - 200
[22:25:52 INF] End processing HTTP request after 88.0257ms - 200
[22:25:52 INF] wikidata_reconciliation: Data Extension for Q190192 — requesting 51 properties: [P31, P50, P57, P58, P86, P110, P161, P175, P577, P1476, P136, P179, P1545, P449, P674, P840, P921, P8345, P1434, P144, P4584, P212, P957, P5749, P4947, P4983, P4835, P7043, P345, P6395, P9586, P9751, P9750, P6381, P6398, P2281, P2850, P10110, P5905, P1190, P434, P435, P436, P5813, P4404, P2969, P648, P6262, P747, Len, Den]
[22:25:52 INF] Start processing HTTP request GET https://www.wikidata.org/w/api.php?*
[22:25:52 INF] Sending HTTP request GET https://www.wikidata.org/w/api.php?*
[22:25:52 INF] Received HTTP response headers after 380.2633ms - 200
[22:25:52 INF] End processing HTTP request after 381.4949ms - 200
[22:25:52 INF] wikidata_reconciliation: Data Extension returned 14 properties for Q190192: [P31, P50, P136, P674, P577, P179, P921, P648, P435, P1476, P6262, P8345, P840, P747]
[22:25:52 INF] Start processing HTTP request GET https://www.wikidata.org/w/api.php?*
[22:25:52 INF] Sending HTTP request GET https://www.wikidata.org/w/api.php?*
[22:25:52 INF] Start processing HTTP request GET https://itunes.apple.com/search?*
[22:25:52 INF] Received HTTP response headers after 96.1152ms - 200
[22:25:52 INF] Sending HTTP request GET https://itunes.apple.com/search?*
[22:25:52 INF] End processing HTTP request after 97.1973ms - 200
[22:25:52 INF] wikidata_reconciliation: fetched 94 work claims for Q190192 (audiobook edition pivot: False)
[22:25:53 INF] Start processing HTTP request GET https://www.wikidata.org/w/api.php?*
[22:25:53 INF] Sending HTTP request GET https://www.wikidata.org/w/api.php?*
[22:25:53 INF] Received HTTP response headers after 272.1352ms - 200
[22:25:53 INF] Execution attempt. Source: 'apple_api-standard//Standard-Retry', Operation Key: 'null', Result: '200', Handled: 'False', Attempt: '0', Execution Time: 272.8802ms
[22:25:53 INF] End processing HTTP request after 275.3983ms - 200
[22:25:53 INF] Retail match found for entity 312d6a0d-c396-4baf-a3e0-9020354df502: 'Cien años de soledad' from apple_api (score: 1.00)
[22:25:53 INF] Post-pipeline confidence for entity 312d6a0d-c396-4baf-a3e0-9020354df502: 1.00
[22:25:53 INF] Received HTTP response headers after 57.5731ms - 200
[22:25:53 INF] Entity 312d6a0d-c396-4baf-a3e0-9020354df502 meets organization threshold (1.00 >= 0.70), promoting
[22:25:53 INF] End processing HTTP request after 58.636ms - 200
[22:25:53 INF] Start processing HTTP request GET https://en.wikipedia.org/w/api.php?*
[22:25:53 INF] Sending HTTP request GET https://en.wikipedia.org/w/api.php?*
[22:25:53 INF] Moved C:\temp\tuvima-watch\books\Cien años de soledad.epub → C:\temp\tuvima-library\Books/Unknown/Cien años de soledad (2015)/Cien años de soledad (2015).epub
[22:25:53 INF] Promoted asset 312d6a0d-c396-4baf-a3e0-9020354df502 from staging to library: C:\temp\tuvima-watch\books\Cien años de soledad.epub → C:\temp\tuvima-library\Books/Unknown/Cien años de soledad (2015)/Cien años de soledad (2015).epub
[22:25:53 INF] Cover art: downloading 'Cien años de soledad' from https://is1-ssl.mzstatic.com/image/thumb/Publication211/v4/98/9d/25/989d2556-68fc-03d4-d686-c97df9f70648/9788439731764.jpg/9999x9999bb.jpg → C:\temp\tuvima-library\.data\assets\artwork\work\a55db9c3-3954-420c-800a-2befc3440255\cover\29f19ca2b1044f568a807e4526cf94a7.jpg
[22:25:53 INF] Start processing HTTP request GET https://is1-ssl.mzstatic.com/image/thumb/Publication211/v4/98/9d/25/989d2556-68fc-03d4-d686-c97df9f70648/9788439731764.jpg/9999x9999bb.jpg
[22:25:53 INF] Sending HTTP request GET https://is1-ssl.mzstatic.com/image/thumb/Publication211/v4/98/9d/25/989d2556-68fc-03d4-d686-c97df9f70648/9788439731764.jpg/9999x9999bb.jpg
[22:25:53 INF] Received HTTP response headers after 68.5943ms - 200
[22:25:53 INF] End processing HTTP request after 71.5891ms - 200
[22:25:53 INF] wikidata_reconciliation: Wikipedia description for Q190192 (en): 2925 chars
[22:25:53 INF] Received HTTP response headers after 181.3038ms - 200
[22:25:53 INF] Execution attempt. Source: 'cover_download-standard//Standard-Retry', Operation Key: 'null', Result: '200', Handled: 'False', Attempt: '0', Execution Time: 182.2398ms
[22:25:53 INF] End processing HTTP request after 183.9177ms - 200
[22:25:53 INF] Start processing HTTP request GET https://en.wikipedia.org/w/api.php?*
[22:25:53 INF] Sending HTTP request GET https://en.wikipedia.org/w/api.php?*
[22:25:53 INF] Received HTTP response headers after 77.0703ms - 200
[22:25:53 INF] End processing HTTP request after 79.8946ms - 200
[22:25:53 INF] Start processing HTTP request GET https://en.wikipedia.org/w/api.php?*
[22:25:53 INF] Sending HTTP request GET https://en.wikipedia.org/w/api.php?*
[22:25:53 INF] Received HTTP response headers after 103.5031ms - 200
[22:25:53 INF] End processing HTTP request after 107.9356ms - 200
[22:25:53 INF] wikidata_reconciliation: Wikipedia plot section 'Plot' for Q190192: 8121 chars
[22:25:53 INF] Start processing HTTP request GET https://www.wikidata.org/w/api.php?*
[22:25:53 INF] Sending HTTP request GET https://www.wikidata.org/w/api.php?*
[22:25:53 INF] Received HTTP response headers after 43.9177ms - 200
[22:25:53 INF] End processing HTTP request after 44.9469ms - 200
[22:25:53 INF] wikidata_reconciliation: Data Extension for Q25338 — requesting 51 properties: [P31, P50, P57, P58, P86, P110, P161, P175, P577, P1476, P136, P179, P1545, P449, P674, P840, P921, P8345, P1434, P144, P4584, P212, P957, P5749, P4947, P4983, P4835, P7043, P345, P6395, P9586, P9751, P9750, P6381, P6398, P2281, P2850, P10110, P5905, P1190, P434, P435, P436, P5813, P4404, P2969, P648, P6262, P747, Len, Den]
[22:25:54 INF] Start processing HTTP request GET https://www.wikidata.org/w/api.php?*
[22:25:54 INF] Sending HTTP request GET https://www.wikidata.org/w/api.php?*
[22:25:54 INF] Cover art: downloaded poster for 'Cien años de soledad' (1095.7 KB) → C:\temp\tuvima-library\.data\assets\artwork\work\a55db9c3-3954-420c-800a-2befc3440255\cover\29f19ca2b1044f568a807e4526cf94a7.jpg
[22:25:54 INF] Received HTTP response headers after 397.4871ms - 200
[22:25:54 INF] End processing HTTP request after 398.886ms - 200
[22:25:54 INF] Start processing HTTP request GET https://www.wikidata.org/w/api.php?*
[22:25:54 INF] Sending HTTP request GET https://www.wikidata.org/w/api.php?*
[22:25:54 INF] Received HTTP response headers after 174.541ms - 200
[22:25:54 INF] End processing HTTP request after 176.3833ms - 200
[22:25:54 INF] wikidata_reconciliation: Data Extension returned 11 properties for Q25338: [P747, P136, P435, P110, P674, P50, P1476, P31, P577, P648, P921]
[22:25:54 INF] Start processing HTTP request GET https://www.wikidata.org/w/api.php?*
[22:25:54 INF] Sending HTTP request GET https://www.wikidata.org/w/api.php?*
[22:25:55 INF] Received HTTP response headers after 103.3742ms - 200
[22:25:55 INF] End processing HTTP request after 105.5679ms - 200
[22:25:55 INF] Start processing HTTP request GET https://www.wikidata.org/w/api.php?*
[22:25:55 INF] Sending HTTP request GET https://www.wikidata.org/w/api.php?*
[22:25:55 INF] Received HTTP response headers after 69.6401ms - 200
[22:25:55 INF] End processing HTTP request after 71.08ms - 200
[22:25:55 INF] wikidata_reconciliation: fetched 94 work claims for Q25338 (audiobook edition pivot: False)
[22:25:55 INF]   Ingestion: assets=105/111, resolved=40/157, pending=117, claims=1211, activeJobs=99, stable=0/4, jobStates=[BridgeSearching:9, Queued:69, ReadyWithoutUniverse:1, RetailMatched:16, RetailMatchedNeedsReview:1, RetailNoMatch:5, RetailSearching:4]
[22:25:55 INF] Start processing HTTP request GET https://www.wikidata.org/w/api.php?*
[22:25:55 INF] Sending HTTP request GET https://www.wikidata.org/w/api.php?*
[22:25:55 INF] Received HTTP response headers after 59.0864ms - 200
[22:25:55 INF] End processing HTTP request after 60.5542ms - 200
[22:25:55 INF] Start processing HTTP request GET https://en.wikipedia.org/w/api.php?*
[22:25:55 INF] Sending HTTP request GET https://en.wikipedia.org/w/api.php?*
[22:25:55 INF] Received HTTP response headers after 70.5658ms - 200
[22:25:55 INF] End processing HTTP request after 72.3829ms - 200
[22:25:55 INF] wikidata_reconciliation: Wikipedia description for Q25338 (en): 1155 chars
[22:25:55 INF] Start processing HTTP request GET https://itunes.apple.com/search?*
[22:25:55 INF] Sending HTTP request GET https://itunes.apple.com/search?*
[22:25:55 INF] Received HTTP response headers after 199.0901ms - 200
[22:25:55 INF] Execution attempt. Source: 'apple_api-standard//Standard-Retry', Operation Key: 'null', Result: '200', Handled: 'False', Attempt: '0', Execution Time: 200.3185ms
[22:25:55 INF] End processing HTTP request after 203.1124ms - 200
[22:25:56 INF] Start processing HTTP request GET https://en.wikipedia.org/w/api.php?*
[22:25:56 INF] Sending HTTP request GET https://en.wikipedia.org/w/api.php?*
[22:25:56 INF] Retail match found for entity 950f964c-668a-423b-847b-4887028bde26: 'The Hobbit' from apple_api (score: 1.00)
[22:25:56 INF] Post-pipeline confidence for entity 950f964c-668a-423b-847b-4887028bde26: 0.89
[22:25:56 INF] Auto-resolving AmbiguousMediaType review for entity 950f964c-668a-423b-847b-4887028bde26 (confidence: 0.89)
[22:25:56 INF] Entity 950f964c-668a-423b-847b-4887028bde26 meets organization threshold (0.89 >= 0.70), promoting
[22:25:56 INF] Moved C:\temp\tuvima-watch\books\The Hobbit - Andy Serkis.mp3 → C:\temp\tuvima-library\Audiobooks/Unknown/The Hobbit (2007)/The Hobbit.mp3
[22:25:56 INF] Promoted asset 950f964c-668a-423b-847b-4887028bde26 from staging to library: C:\temp\tuvima-watch\books\The Hobbit - Andy Serkis.mp3 → C:\temp\tuvima-library\Audiobooks/Unknown/The Hobbit (2007)/The Hobbit.mp3
[22:25:56 INF] Received HTTP response headers after 88.3264ms - 200
[22:25:56 INF] End processing HTTP request after 98.7405ms - 200
[22:25:56 INF] Cover art: downloading 'The Hobbit' from https://is1-ssl.mzstatic.com/image/thumb/Music124/v4/65/c9/cf/65c9cf66-c71c-1afe-72c3-4ba0f52221a4/9781405629423.jpg/9999x9999bb.jpg → C:\temp\tuvima-library\.data\assets\artwork\work\d20b8d2b-0689-40b2-8e68-e318d891c6a1\cover\957930ee4cf24bbd9d7c086dd96ec8ac.jpg
[22:25:56 INF] Start processing HTTP request GET https://is1-ssl.mzstatic.com/image/thumb/Music124/v4/65/c9/cf/65c9cf66-c71c-1afe-72c3-4ba0f52221a4/9781405629423.jpg/9999x9999bb.jpg
[22:25:56 INF] Sending HTTP request GET https://is1-ssl.mzstatic.com/image/thumb/Music124/v4/65/c9/cf/65c9cf66-c71c-1afe-72c3-4ba0f52221a4/9781405629423.jpg/9999x9999bb.jpg
[22:25:56 INF] Received HTTP response headers after 18.1115ms - 200
[22:25:56 INF] Execution attempt. Source: 'cover_download-standard//Standard-Retry', Operation Key: 'null', Result: '200', Handled: 'False', Attempt: '0', Execution Time: 23.5497ms
[22:25:56 INF] End processing HTTP request after 31.0441ms - 200
[22:25:56 INF] Start processing HTTP request GET https://en.wikipedia.org/w/api.php?*
[22:25:56 INF] Sending HTTP request GET https://en.wikipedia.org/w/api.php?*
[22:25:56 INF] Received HTTP response headers after 126.7079ms - 200
[22:25:56 INF] End processing HTTP request after 129.2917ms - 200
[22:25:56 INF] wikidata_reconciliation: Wikipedia plot section 'Plot' for Q25338: 7613 chars
[22:25:56 INF] Start processing HTTP request GET https://www.wikidata.org/w/api.php?*
[22:25:56 INF] Sending HTTP request GET https://www.wikidata.org/w/api.php?*
[22:25:56 INF] Received HTTP response headers after 45.8043ms - 200
[22:25:56 INF] End processing HTTP request after 49.2332ms - 200
[22:25:56 INF] Cover art: downloaded poster for 'The Hobbit' (584.3 KB) → C:\temp\tuvima-library\.data\assets\artwork\work\d20b8d2b-0689-40b2-8e68-e318d891c6a1\cover\957930ee4cf24bbd9d7c086dd96ec8ac.jpg
[22:25:56 INF] Start processing HTTP request GET https://www.wikidata.org/w/api.php?*
[22:25:56 INF] Sending HTTP request GET https://www.wikidata.org/w/api.php?*
[22:25:56 INF] Received HTTP response headers after 64.0082ms - 200
[22:25:56 INF] End processing HTTP request after 69.865ms - 200
[22:25:56 INF] wikidata_reconciliation: Data Extension for Q150827 — requesting 51 properties: [P31, P50, P57, P58, P86, P110, P161, P175, P577, P1476, P136, P179, P1545, P449, P674, P840, P921, P8345, P1434, P144, P4584, P212, P957, P5749, P4947, P4983, P4835, P7043, P345, P6395, P9586, P9751, P9750, P6381, P6398, P2281, P2850, P10110, P5905, P1190, P434, P435, P436, P5813, P4404, P2969, P648, P6262, P747, Len, Den]
[22:25:57 INF] Start processing HTTP request GET https://www.wikidata.org/w/api.php?*
[22:25:57 INF] Sending HTTP request GET https://www.wikidata.org/w/api.php?*
[22:25:57 INF] Received HTTP response headers after 478.2739ms - 200
[22:25:57 INF] End processing HTTP request after 481.9403ms - 200
[22:25:57 INF] Start processing HTTP request GET https://www.wikidata.org/w/api.php?*
[22:25:57 INF] Sending HTTP request GET https://www.wikidata.org/w/api.php?*
[22:25:58 INF] Received HTTP response headers after 366.3457ms - 200
[22:25:58 INF] End processing HTTP request after 368.8586ms - 200
[22:25:58 INF] wikidata_reconciliation: Data Extension returned 10 properties for Q150827: [P136, P674, P1476, P648, P577, P435, P747, P31, P50, P6262]
[22:25:58 INF] Start processing HTTP request GET https://www.wikidata.org/w/api.php?*
[22:25:58 INF] Sending HTTP request GET https://www.wikidata.org/w/api.php?*
[22:25:58 INF] Received HTTP response headers after 106.4515ms - 200
[22:25:58 INF] End processing HTTP request after 108.5242ms - 200
[22:25:58 INF] wikidata_reconciliation: fetched 66 work claims for Q150827 (audiobook edition pivot: False)
[22:25:58 INF] Start processing HTTP request GET https://www.wikidata.org/w/api.php?*
[22:25:58 INF] Sending HTTP request GET https://www.wikidata.org/w/api.php?*
[22:25:58 INF] Received HTTP response headers after 70.8395ms - 200
[22:25:58 INF] End processing HTTP request after 71.9025ms - 200
[22:25:58 INF] Start processing HTTP request GET https://en.wikipedia.org/w/api.php?*
[22:25:58 INF] Sending HTTP request GET https://en.wikipedia.org/w/api.php?*
[22:25:58 INF] Received HTTP response headers after 61.8943ms - 200
[22:25:58 INF] End processing HTTP request after 63.9036ms - 200
[22:25:58 INF] wikidata_reconciliation: Wikipedia description for Q150827 (en): 1927 chars
[22:25:58 INF] Start processing HTTP request GET https://itunes.apple.com/lookup?*
[22:25:58 INF] Start processing HTTP request GET https://en.wikipedia.org/w/api.php?*
[22:25:58 INF] Sending HTTP request GET https://itunes.apple.com/lookup?*
[22:25:58 INF] Sending HTTP request GET https://en.wikipedia.org/w/api.php?*
[22:25:58 INF] Received HTTP response headers after 51.1271ms - 200
[22:25:58 INF] Execution attempt. Source: 'apple_api-standard//Standard-Retry', Operation Key: 'null', Result: '200', Handled: 'False', Attempt: '0', Execution Time: 52.8137ms
[22:25:58 INF] End processing HTTP request after 53.5497ms - 200
[22:25:58 INF] apple_api/isbn_lookup: zero results from API, trying next strategy
[22:25:58 INF] Received HTTP response headers after 91.5563ms - 200
[22:25:58 INF] End processing HTTP request after 94.6716ms - 200
[22:25:59 INF] Start processing HTTP request GET https://en.wikipedia.org/w/api.php?*
[22:25:59 INF] Sending HTTP request GET https://en.wikipedia.org/w/api.php?*
[22:25:59 INF] Received HTTP response headers after 149.3085ms - 200
[22:25:59 INF] End processing HTTP request after 152.9379ms - 200
[22:25:59 INF] wikidata_reconciliation: Wikipedia plot section 'Plot summary' for Q150827: 4260 chars
[22:25:59 INF] Start processing HTTP request GET https://www.wikidata.org/w/api.php?*
[22:25:59 INF] Sending HTTP request GET https://www.wikidata.org/w/api.php?*
[22:25:59 INF] Received HTTP response headers after 50.789ms - 200
[22:25:59 INF] End processing HTTP request after 52.4627ms - 200
[22:25:59 INF] wikidata_reconciliation: Data Extension for Q5019811 — requesting 51 properties: [P31, P50, P57, P58, P86, P110, P161, P175, P577, P1476, P136, P179, P1545, P449, P674, P840, P921, P8345, P1434, P144, P4584, P212, P957, P5749, P4947, P4983, P4835, P7043, P345, P6395, P9586, P9751, P9750, P6381, P6398, P2281, P2850, P10110, P5905, P1190, P434, P435, P436, P5813, P4404, P2969, P648, P6262, P747, Len, Den]
[22:25:59 INF] Start processing HTTP request GET https://www.wikidata.org/w/api.php?*
[22:25:59 INF] Sending HTTP request GET https://www.wikidata.org/w/api.php?*
[22:25:59 INF] Received HTTP response headers after 158.2653ms - 200
[22:25:59 INF] End processing HTTP request after 159.2537ms - 200
[22:25:59 INF] wikidata_reconciliation: Data Extension returned 9 properties for Q5019811: [P31, P50, P136, P577, P179, P1476, P648, P747, P674]
[22:25:59 INF] Start processing HTTP request GET https://www.wikidata.org/w/api.php?*
[22:25:59 INF] Sending HTTP request GET https://www.wikidata.org/w/api.php?*
[22:25:59 INF] Received HTTP response headers after 47.8842ms - 200
[22:25:59 INF] End processing HTTP request after 49.1343ms - 200
[22:25:59 INF] wikidata_reconciliation: fetched 27 work claims for Q5019811 (audiobook edition pivot: False)
[22:26:00 INF] Start processing HTTP request GET https://www.wikidata.org/w/api.php?*
[22:26:00 INF] Sending HTTP request GET https://www.wikidata.org/w/api.php?*
[22:26:00 INF] Received HTTP response headers after 63.9144ms - 200
[22:26:00 INF] End processing HTTP request after 67.3603ms - 200
[22:26:00 INF] Start processing HTTP request GET https://en.wikipedia.org/w/api.php?*
[22:26:00 INF] Sending HTTP request GET https://en.wikipedia.org/w/api.php?*
[22:26:00 INF] Received HTTP response headers after 42.5144ms - 200
[22:26:00 INF] End processing HTTP request after 43.2247ms - 200
[22:26:00 INF] wikidata_reconciliation: Wikipedia description for Q5019811 (en): 586 chars
[22:26:00 INF]   Ingestion: assets=105/111, resolved=39/157, pending=118, claims=1219, activeJobs=99, stable=0/4, jobStates=[BridgeSearching:9, Queued:68, ReadyWithoutUniverse:1, RetailMatched:17, RetailMatchedNeedsReview:1, RetailNoMatch:5, RetailSearching:4]
[22:26:00 INF] Start processing HTTP request GET https://en.wikipedia.org/w/api.php?*
[22:26:00 INF] Sending HTTP request GET https://en.wikipedia.org/w/api.php?*
[22:26:00 INF] Received HTTP response headers after 94.4338ms - 200
[22:26:00 INF] End processing HTTP request after 97.5896ms - 200
[22:26:01 INF] Start processing HTTP request GET https://en.wikipedia.org/w/api.php?*
[22:26:01 INF] Sending HTTP request GET https://en.wikipedia.org/w/api.php?*
[22:26:01 INF] Received HTTP response headers after 111.8731ms - 200
[22:26:01 INF] End processing HTTP request after 115.7203ms - 200
[22:26:01 INF] wikidata_reconciliation: Wikipedia plot section 'Plot summary' for Q5019811: 7279 chars
[22:26:01 INF] Start processing HTTP request GET https://www.wikidata.org/w/api.php?*
[22:26:01 INF] Sending HTTP request GET https://www.wikidata.org/w/api.php?*
[22:26:01 INF] Received HTTP response headers after 55.4561ms - 200
[22:26:01 INF] End processing HTTP request after 57.3556ms - 200
[22:26:01 INF] wikidata_reconciliation: Data Extension for Q1052459 — requesting 51 properties: [P31, P50, P57, P58, P86, P110, P161, P175, P577, P1476, P136, P179, P1545, P449, P674, P840, P921, P8345, P1434, P144, P4584, P212, P957, P5749, P4947, P4983, P4835, P7043, P345, P6395, P9586, P9751, P9750, P6381, P6398, P2281, P2850, P10110, P5905, P1190, P434, P435, P436, P5813, P4404, P2969, P648, P6262, P747, Len, Den]
[22:26:01 INF] Start processing HTTP request GET https://www.wikidata.org/w/api.php?*
[22:26:01 INF] Sending HTTP request GET https://www.wikidata.org/w/api.php?*
[22:26:01 INF] Received HTTP response headers after 236.8018ms - 200
[22:26:01 INF] End processing HTTP request after 238.3797ms - 200
[22:26:01 INF] wikidata_reconciliation: Data Extension returned 10 properties for Q1052459: [P31, P50, P136, P435, P577, P648, P1476, P6262, P674, P747]
[22:26:01 INF] Start processing HTTP request GET https://itunes.apple.com/search?*
[22:26:01 INF] Sending HTTP request GET https://itunes.apple.com/search?*
[22:26:01 INF] Start processing HTTP request GET https://www.wikidata.org/w/api.php?*
[22:26:01 INF] Sending HTTP request GET https://www.wikidata.org/w/api.php?*
[22:26:01 INF] Received HTTP response headers after 57.8621ms - 200
[22:26:01 INF] End processing HTTP request after 58.9085ms - 200
[22:26:01 INF] wikidata_reconciliation: fetched 32 work claims for Q1052459 (audiobook edition pivot: False)
[22:26:01 INF] Received HTTP response headers after 164.9986ms - 200
[22:26:01 INF] Execution attempt. Source: 'apple_api-standard//Standard-Retry', Operation Key: 'null', Result: '200', Handled: 'False', Attempt: '0', Execution Time: 165.6523ms
[22:26:01 INF] End processing HTTP request after 166.7283ms - 200
[22:26:01 INF] apple_api/ebook_search: rejected mismatched result '『ダンス・ダンス・ダンス』は100%のミステリー小説' by '檀原一仁' for requested 'ノルウェイの森' by '村上春樹' (title=0.00, author=0.00)
[22:26:01 INF] apple_api/ebook_search: zero results from API, trying next strategy
[22:26:01 INF] Pipeline: entity 8485f15a-ac4c-48ba-aff1-9eb8c3474a1a sent to review — trigger=RetailMatchFailed, confidence=0 %
[22:26:01 INF] No retail match for entity 8485f15a-ac4c-48ba-aff1-9eb8c3474a1a — 0 candidates evaluated, best score: 0.00
[22:26:02 INF] Start processing HTTP request GET https://www.wikidata.org/w/api.php?*
[22:26:02 INF] Sending HTTP request GET https://www.wikidata.org/w/api.php?*
[22:26:02 INF] Received HTTP response headers after 62.2389ms - 200
[22:26:02 INF] End processing HTTP request after 67.1842ms - 200
[22:26:02 INF] Start processing HTTP request GET https://en.wikipedia.org/w/api.php?*
[22:26:02 INF] Sending HTTP request GET https://en.wikipedia.org/w/api.php?*
[22:26:02 INF] Received HTTP response headers after 59.6612ms - 200
[22:26:02 INF] End processing HTTP request after 60.7386ms - 200
[22:26:02 INF] wikidata_reconciliation: Wikipedia description for Q1052459 (en): 969 chars
[22:26:02 INF] Start processing HTTP request GET https://en.wikipedia.org/w/api.php?*
[22:26:02 INF] Sending HTTP request GET https://en.wikipedia.org/w/api.php?*
[22:26:02 INF] Received HTTP response headers after 91.2539ms - 200
[22:26:02 INF] End processing HTTP request after 92.6129ms - 200
[22:26:02 INF] Start processing HTTP request GET https://en.wikipedia.org/w/api.php?*
[22:26:02 INF] Sending HTTP request GET https://en.wikipedia.org/w/api.php?*
[22:26:03 INF] Received HTTP response headers after 114.6277ms - 200
[22:26:03 INF] End processing HTTP request after 118.7577ms - 200
[22:26:03 INF] wikidata_reconciliation: Wikipedia plot section 'Plot summary' for Q1052459: 3622 chars
[22:26:03 INF] Wikidata: QID dedup saved 1 FetchAsync call(s) across 1 unique QID group(s)
[22:26:03 INF] Wikidata: 'Harry Potter and the Philosopher's Stone' identified as Q43361 via retail_text [entity 2eeb4d48-ea39-4141-9074-a5bc7a7f69d4]
[22:26:03 INF] Start processing HTTP request GET https://www.wikidata.org/w/api.php?*
[22:26:03 INF] Sending HTTP request GET https://www.wikidata.org/w/api.php?*
[22:26:03 INF] Received HTTP response headers after 58.6417ms - 200
[22:26:03 INF] End processing HTTP request after 63.1718ms - 200
[22:26:03 INF] Start processing HTTP request GET https://www.wikidata.org/w/api.php?*
[22:26:03 INF] Sending HTTP request GET https://www.wikidata.org/w/api.php?*
[22:26:03 INF] Received HTTP response headers after 69.1138ms - 200
[22:26:03 INF] End processing HTTP request after 70.3073ms - 200
[22:26:03 INF] Start processing HTTP request GET https://www.wikidata.org/w/api.php?*
[22:26:03 INF] Sending HTTP request GET https://www.wikidata.org/w/api.php?*
[22:26:03 INF] Received HTTP response headers after 72.8586ms - 200
[22:26:03 INF] End processing HTTP request after 74.3506ms - 200
[22:26:04 INF] Start processing HTTP request GET https://www.wikidata.org/w/api.php?*
[22:26:04 INF] Sending HTTP request GET https://www.wikidata.org/w/api.php?*
[22:26:04 INF] Received HTTP response headers after 204.7948ms - 200
[22:26:04 INF] End processing HTTP request after 209.3296ms - 200
[22:26:04 INF] Start processing HTTP request GET https://www.wikidata.org/w/api.php?*
[22:26:04 INF] Sending HTTP request GET https://www.wikidata.org/w/api.php?*
[22:26:04 INF] Received HTTP response headers after 61.179ms - 200
[22:26:04 INF] End processing HTTP request after 66.6285ms - 200
[22:26:04 INF] Start processing HTTP request GET https://itunes.apple.com/lookup?*
[22:26:04 INF] Sending HTTP request GET https://itunes.apple.com/lookup?*
[22:26:04 INF] Hydrated Wikidata series manifest Q8337 (Harry Potter) with 9 named items
[22:26:04 INF] CollectionAssignment: added 3 relationship(s) to collection a3412539-2371-47ad-bdf1-96dab86b36c9
[22:26:04 INF] Received HTTP response headers after 87.9589ms - 200
[22:26:04 INF] Execution attempt. Source: 'apple_api-standard//Standard-Retry', Operation Key: 'null', Result: '200', Handled: 'False', Attempt: '0', Execution Time: 91.7952ms
[22:26:04 INF] End processing HTTP request after 95.1121ms - 200
[22:26:04 INF] apple_api/isbn_lookup: zero results from API, trying next strategy
[22:26:04 INF] Post-pipeline confidence for entity 2eeb4d48-ea39-4141-9074-a5bc7a7f69d4: 1.00
[22:26:04 INF] Entity 2eeb4d48-ea39-4141-9074-a5bc7a7f69d4 meets organization threshold (0.97 >= 0.70), promoting
[22:26:05 INF] Cover art: skipped 'Harry Potter and the Philosopher's Stone' — already cached on disk (C:\temp\tuvima-library\.data\assets\artwork\work\f7d29ff9-faa1-4105-b5e9-3b2414a15fe1\cover\6f789f784110459fa6cacc9ecdcfc95a.jpg)
[22:26:05 INF] Person extraction for entity 5626fe88-4993-429d-a69b-080b4e61cb60: 0 person ref(s)
[22:26:05 INF] Start processing HTTP request GET https://www.wikidata.org/w/api.php?*
[22:26:05 INF] Sending HTTP request GET https://www.wikidata.org/w/api.php?*
[22:26:05 INF]   Ingestion: assets=105/111, resolved=40/157, pending=117, claims=1408, activeJobs=97, stable=0/4, jobStates=[BridgeSearching:7, QidNoMatch:1, QidResolved:1, Queued:67, ReadyWithoutUniverse:1, RetailMatched:17, RetailMatchedNeedsReview:1, RetailNoMatch:6, RetailSearching:4]
[22:26:05 INF] Received HTTP response headers after 152.5672ms - 200
[22:26:05 INF] End processing HTTP request after 153.2667ms - 200
[22:26:05 INF] Start processing HTTP request GET https://www.wikidata.org/w/api.php?*
[22:26:05 INF] Sending HTTP request GET https://www.wikidata.org/w/api.php?*
[22:26:05 INF] Received HTTP response headers after 128.0347ms - 200
[22:26:05 INF] End processing HTTP request after 130.8863ms - 200
[22:26:06 INF] Start processing HTTP request GET https://www.wikidata.org/w/api.php?*
[22:26:06 INF] Sending HTTP request GET https://www.wikidata.org/w/api.php?*
[22:26:06 INF] Received HTTP response headers after 108.2464ms - 200
[22:26:06 INF] End processing HTTP request after 111.8959ms - 200
[22:26:06 INF] Start processing HTTP request GET https://www.wikidata.org/w/api.php?*
[22:26:06 INF] Sending HTTP request GET https://www.wikidata.org/w/api.php?*
[22:26:06 INF] Received HTTP response headers after 300.9808ms - 200
[22:26:06 INF] End processing HTTP request after 303.7232ms - 200
[22:26:06 INF] Start processing HTTP request GET https://www.wikidata.org/w/api.php?*
[22:26:06 INF] Sending HTTP request GET https://www.wikidata.org/w/api.php?*
[22:26:06 INF] Received HTTP response headers after 59.0675ms - 200
[22:26:06 INF] End processing HTTP request after 59.9233ms - 200
[22:26:07 INF] Start processing HTTP request GET https://www.wikidata.org/w/api.php?*
[22:26:07 INF] Sending HTTP request GET https://www.wikidata.org/w/api.php?*
[22:26:07 INF] Received HTTP response headers after 68.3795ms - 200
[22:26:07 INF] End processing HTTP request after 74.1387ms - 200
[22:26:07 INF] Start processing HTTP request GET https://www.wikidata.org/w/api.php?*
[22:26:07 INF] Sending HTTP request GET https://www.wikidata.org/w/api.php?*
[22:26:07 INF] Received HTTP response headers after 95.5699ms - 200
[22:26:07 INF] End processing HTTP request after 97.2383ms - 200
[22:26:07 INF] Start processing HTTP request GET https://itunes.apple.com/search?*
[22:26:07 INF] Sending HTTP request GET https://itunes.apple.com/search?*
[22:26:07 INF] Start processing HTTP request GET https://www.wikidata.org/w/api.php?*
[22:26:07 INF] Sending HTTP request GET https://www.wikidata.org/w/api.php?*
[22:26:07 INF] Received HTTP response headers after 56.9831ms - 200
[22:26:07 INF] End processing HTTP request after 58.0212ms - 200
[22:26:07 INF] Received HTTP response headers after 210.1107ms - 200
[22:26:07 INF] Execution attempt. Source: 'apple_api-standard//Standard-Retry', Operation Key: 'null', Result: '200', Handled: 'False', Attempt: '0', Execution Time: 211.3505ms
[22:26:07 INF] End processing HTTP request after 212.2083ms - 200
[22:26:08 INF] Retail match ambiguous for entity 2ebed7d9-70ec-4b38-bf8b-4e9aa117c156: 'The Talisman' (score: 0.76)
[22:26:08 INF] Start processing HTTP request GET https://www.wikidata.org/w/api.php?*
[22:26:08 INF] Sending HTTP request GET https://www.wikidata.org/w/api.php?*
[22:26:08 INF] Received HTTP response headers after 63.4852ms - 200
[22:26:08 INF] End processing HTTP request after 66.2712ms - 200
[22:26:08 INF] Start processing HTTP request GET https://www.wikidata.org/w/api.php?*
[22:26:08 INF] Sending HTTP request GET https://www.wikidata.org/w/api.php?*
[22:26:08 INF] Received HTTP response headers after 60.7212ms - 200
[22:26:08 INF] End processing HTTP request after 62.9275ms - 200
[22:26:08 INF] Start processing HTTP request GET https://www.wikidata.org/w/api.php?*
[22:26:08 INF] Sending HTTP request GET https://www.wikidata.org/w/api.php?*
[22:26:08 INF] Received HTTP response headers after 66.2409ms - 200
[22:26:08 INF] End processing HTTP request after 69.7838ms - 200
[22:26:09 INF] Start processing HTTP request GET https://www.wikidata.org/w/api.php?*
[22:26:09 INF] Sending HTTP request GET https://www.wikidata.org/w/api.php?*
[22:26:09 INF] Received HTTP response headers after 102.7825ms - 200
[22:26:09 INF] End processing HTTP request after 103.8252ms - 200
[22:26:09 INF] Start processing HTTP request GET https://www.wikidata.org/w/api.php?*
[22:26:09 INF] Sending HTTP request GET https://www.wikidata.org/w/api.php?*
[22:26:09 INF] Received HTTP response headers after 141.4776ms - 200
[22:26:09 INF] End processing HTTP request after 142.7564ms - 200
[22:26:09 INF] Start processing HTTP request GET https://www.wikidata.org/w/api.php?*
[22:26:09 INF] Sending HTTP request GET https://www.wikidata.org/w/api.php?*
[22:26:09 INF] Received HTTP response headers after 57.9662ms - 200
[22:26:09 INF] End processing HTTP request after 59.9432ms - 200
[22:26:10 INF] Start processing HTTP request GET https://www.wikidata.org/w/api.php?*
[22:26:10 INF] Sending HTTP request GET https://www.wikidata.org/w/api.php?*
[22:26:10 INF] Received HTTP response headers after 75.5867ms - 200
[22:26:10 INF] End processing HTTP request after 77.2504ms - 200
[22:26:10 INF] Start processing HTTP request GET https://www.wikidata.org/w/api.php?*
[22:26:10 INF] Sending HTTP request GET https://www.wikidata.org/w/api.php?*
[22:26:10 INF]   Ingestion: assets=105/111, resolved=41/157, pending=116, claims=1417, activeJobs=97, stable=0/4, jobStates=[BridgeSearching:7, QidNoMatch:1, QidResolved:1, Queued:66, ReadyWithoutUniverse:1, RetailMatched:17, RetailMatchedNeedsReview:2, RetailNoMatch:6, RetailSearching:4]
[22:26:10 INF] Start processing HTTP request GET https://itunes.apple.com/lookup?*
[22:26:10 INF] Sending HTTP request GET https://itunes.apple.com/lookup?*
[22:26:10 INF] Received HTTP response headers after 8.2073ms - 200
[22:26:10 INF] Execution attempt. Source: 'apple_api-standard//Standard-Retry', Operation Key: 'null', Result: '200', Handled: 'False', Attempt: '0', Execution Time: 9.3885ms
[22:26:10 INF] End processing HTTP request after 10.206ms - 200
[22:26:10 INF] apple_api/isbn_lookup: zero results from API, trying next strategy
[22:26:10 INF] Received HTTP response headers after 328.2431ms - 200
[22:26:10 INF] End processing HTTP request after 329.1618ms - 200
[22:26:10 INF] Start processing HTTP request GET https://www.wikidata.org/w/api.php?*
[22:26:10 INF] Sending HTTP request GET https://www.wikidata.org/w/api.php?*
[22:26:10 INF] Received HTTP response headers after 89.2323ms - 200
[22:26:10 INF] End processing HTTP request after 90.8505ms - 200
[22:26:11 INF] Start processing HTTP request GET https://www.wikidata.org/w/api.php?*
[22:26:11 INF] Sending HTTP request GET https://www.wikidata.org/w/api.php?*
[22:26:11 INF] Received HTTP response headers after 45.3667ms - 200
[22:26:11 INF] End processing HTTP request after 49.945ms - 200
[22:26:11 INF] Start processing HTTP request GET https://www.wikidata.org/w/api.php?*
[22:26:11 INF] Sending HTTP request GET https://www.wikidata.org/w/api.php?*
[22:26:11 INF] Received HTTP response headers after 64.9798ms - 200
[22:26:11 INF] End processing HTTP request after 66.1838ms - 200
[22:26:11 INF] Start processing HTTP request GET https://www.wikidata.org/w/api.php?*
[22:26:11 INF] Sending HTTP request GET https://www.wikidata.org/w/api.php?*
[22:26:11 INF] Received HTTP response headers after 57.8992ms - 200
[22:26:11 INF] End processing HTTP request after 59.5606ms - 200
[22:26:12 INF] Start processing HTTP request GET https://www.wikidata.org/w/api.php?*
[22:26:12 INF] Sending HTTP request GET https://www.wikidata.org/w/api.php?*
[22:26:12 INF] Received HTTP response headers after 57.3569ms - 200
[22:26:12 INF] End processing HTTP request after 60.2353ms - 200
[22:26:12 INF] Start processing HTTP request GET https://www.wikidata.org/w/api.php?*
[22:26:12 INF] Sending HTTP request GET https://www.wikidata.org/w/api.php?*
[22:26:12 INF] Received HTTP response headers after 76.3307ms - 200
[22:26:12 INF] End processing HTTP request after 77.4162ms - 200
[22:26:12 INF] Start processing HTTP request GET https://www.wikidata.org/w/api.php?*
[22:26:12 INF] Sending HTTP request GET https://www.wikidata.org/w/api.php?*
[22:26:12 INF] Received HTTP response headers after 72.301ms - 200
[22:26:12 INF] End processing HTTP request after 73.3725ms - 200
[22:26:13 INF] Start processing HTTP request GET https://www.wikidata.org/w/api.php?*
[22:26:13 INF] Sending HTTP request GET https://www.wikidata.org/w/api.php?*
[22:26:13 INF] Received HTTP response headers after 82.0279ms - 200
[22:26:13 INF] End processing HTTP request after 84.6168ms - 200
[22:26:13 INF] Start processing HTTP request GET https://www.wikidata.org/w/api.php?*
[22:26:13 INF] Sending HTTP request GET https://www.wikidata.org/w/api.php?*
[22:26:13 INF] Received HTTP response headers after 106.7719ms - 200
[22:26:13 INF] End processing HTTP request after 107.7501ms - 200
[22:26:13 INF] Start processing HTTP request GET https://itunes.apple.com/search?*
[22:26:13 INF] Sending HTTP request GET https://itunes.apple.com/search?*
[22:26:13 INF] Start processing HTTP request GET https://www.wikidata.org/w/api.php?*
[22:26:13 INF] Sending HTTP request GET https://www.wikidata.org/w/api.php?*
[22:26:13 INF] Received HTTP response headers after 171.8775ms - 200
[22:26:13 INF] Execution attempt. Source: 'apple_api-standard//Standard-Retry', Operation Key: 'null', Result: '200', Handled: 'False', Attempt: '0', Execution Time: 172.688ms
[22:26:13 INF] End processing HTTP request after 173.6449ms - 200
[22:26:13 INF] Retail match found for entity 1a12fe9e-f7d5-46e6-83c1-f6e13017b2e8: 'The Fellowship Of The Ring' from apple_api (score: 1.00)
[22:26:13 INF] Post-pipeline confidence for entity 1a12fe9e-f7d5-46e6-83c1-f6e13017b2e8: 1.00
[22:26:13 INF] Entity 1a12fe9e-f7d5-46e6-83c1-f6e13017b2e8 meets organization threshold (1.00 >= 0.70), promoting
[22:26:13 INF] Moved C:\temp\tuvima-watch\books\The Fellowship of the Ring.epub → C:\temp\tuvima-library\Books/Unknown/The Fellowship of the Ring (2012)/The Fellowship of the Ring (2012).epub
[22:26:13 INF] Promoted asset 1a12fe9e-f7d5-46e6-83c1-f6e13017b2e8 from staging to library: C:\temp\tuvima-watch\books\The Fellowship of the Ring.epub → C:\temp\tuvima-library\Books/Unknown/The Fellowship of the Ring (2012)/The Fellowship of the Ring (2012).epub
[22:26:13 INF] Cover art: downloading 'The Fellowship of the Ring' from https://is1-ssl.mzstatic.com/image/thumb/Publication116/v4/07/1a/f4/071af4f1-c83c-aec8-6c09-27f15c42d22d/9780547952017.jpg/9999x9999bb.jpg → C:\temp\tuvima-library\.data\assets\artwork\work\9b27bd19-fadb-48d3-95d3-bb84e20db615\cover\396f68c3c4ae4266ac5ca241696cd324.jpg
[22:26:13 INF] Start processing HTTP request GET https://is1-ssl.mzstatic.com/image/thumb/Publication116/v4/07/1a/f4/071af4f1-c83c-aec8-6c09-27f15c42d22d/9780547952017.jpg/9999x9999bb.jpg
[22:26:13 INF] Sending HTTP request GET https://is1-ssl.mzstatic.com/image/thumb/Publication116/v4/07/1a/f4/071af4f1-c83c-aec8-6c09-27f15c42d22d/9780547952017.jpg/9999x9999bb.jpg
[22:26:14 INF] Received HTTP response headers after 45.6329ms - 200
[22:26:14 INF] Execution attempt. Source: 'cover_download-standard//Standard-Retry', Operation Key: 'null', Result: '200', Handled: 'False', Attempt: '0', Execution Time: 46.6939ms
[22:26:14 INF] End processing HTTP request after 47.4756ms - 200
[22:26:14 INF] Received HTTP response headers after 197.8227ms - 200
[22:26:14 INF] End processing HTTP request after 201.406ms - 200
[22:26:14 INF] Start processing HTTP request GET https://www.wikidata.org/w/api.php?*
[22:26:14 INF] Sending HTTP request GET https://www.wikidata.org/w/api.php?*
[22:26:14 INF] Received HTTP response headers after 100.1363ms - 200
[22:26:14 INF] End processing HTTP request after 101.3297ms - 200
[22:26:14 INF] Cover art: downloaded poster for 'The Fellowship of the Ring' (400.2 KB) → C:\temp\tuvima-library\.data\assets\artwork\work\9b27bd19-fadb-48d3-95d3-bb84e20db615\cover\396f68c3c4ae4266ac5ca241696cd324.jpg
[22:26:14 INF] TV: searching TMDB for show 'Shogun' — 1 episode(s) queued
[22:26:14 INF] Start processing HTTP request GET https://api.themoviedb.org/3/search/tv?*
[22:26:14 INF] Sending HTTP request GET https://api.themoviedb.org/3/search/tv?*
[22:26:14 INF] Received HTTP response headers after 73.0712ms - 200
[22:26:14 INF] Execution attempt. Source: 'tmdb-standard//Standard-Retry', Operation Key: 'null', Result: '200', Handled: 'False', Attempt: '0', Execution Time: 73.7743ms
[22:26:14 INF] End processing HTTP request after 74.2923ms - 200
[22:26:14 INF] TV: TMDB show search matched tv_id=126308 (score=1.00) for 'Shogun'
[22:26:14 INF] Start processing HTTP request GET https://api.themoviedb.org/3/tv/126308?*
[22:26:14 INF] Sending HTTP request GET https://api.themoviedb.org/3/tv/126308?*
[22:26:14 INF] Received HTTP response headers after 58.8936ms - 200
[22:26:14 INF] Execution attempt. Source: 'tmdb-standard//Standard-Retry', Operation Key: 'null', Result: '200', Handled: 'False', Attempt: '0', Execution Time: 59.4262ms
[22:26:14 INF] End processing HTTP request after 59.952ms - 200
[22:26:14 INF] Start processing HTTP request GET https://api.themoviedb.org/3/tv/126308/season/1?*
[22:26:14 INF] Sending HTTP request GET https://api.themoviedb.org/3/tv/126308/season/1?*
[22:26:14 INF] Start processing HTTP request GET https://www.wikidata.org/w/api.php?*
[22:26:14 INF] Sending HTTP request GET https://www.wikidata.org/w/api.php?*
[22:26:14 INF] Received HTTP response headers after 46.7817ms - 200
[22:26:14 INF] Execution attempt. Source: 'tmdb-standard//Standard-Retry', Operation Key: 'null', Result: '200', Handled: 'False', Attempt: '0', Execution Time: 49.4811ms
[22:26:14 INF] End processing HTTP request after 50.248ms - 200
[22:26:14 INF] TV: matched show 'Shogun' on TMDB (tv_id=126308), fetched 10 episode(s) — applying to 1 queued episode(s)
[22:26:14 INF] Start processing HTTP request GET https://image.tmdb.org/t/p/w500/8uib4EWHrAnhUg08pFLAnoo50rf.jpg
[22:26:14 INF] Sending HTTP request GET https://image.tmdb.org/t/p/w500/8uib4EWHrAnhUg08pFLAnoo50rf.jpg
[22:26:14 INF] Received HTTP response headers after 130.3828ms - 200
[22:26:14 INF] End processing HTTP request after 131.4176ms - 200
[22:26:14 INF] Person reconciliation auto-accepted: 'Isaac Asimov' (Author) -> Q34981 'Isaac Asimov' (score=0.81)
[22:26:14 INF] Person enrichment writeback: Isaac Asimov -> Isaac Asimov (Q34981) (role: Author)
[22:26:14 INF] Persisted reconciled person 'Isaac Asimov' (Q34981) linked to asset 5626fe88-4993-429d-a69b-080b4e61cb60 as Author
[22:26:14 INF] Received HTTP response headers after 108.7534ms - 200
[22:26:14 INF] Execution attempt. Source: 'tmdb-standard//Standard-Retry', Operation Key: 'null', Result: '200', Handled: 'False', Attempt: '0', Execution Time: 109.739ms
[22:26:14 INF] End processing HTTP request after 110.5783ms - 200
[22:26:14 INF] TV: downloaded TMDB episode still for Work ab2ccf1b-c991-4f8c-aa6d-4a854459253a (32840 bytes)
[22:26:14 INF] TV: 'Shogun' S1E1 — 'Anjin' matched on TMDB (score 0.90) [entity f286809c-bc8e-4579-a1cc-06992c67e2dc]
[22:26:14 INF] Post-pipeline confidence for entity f286809c-bc8e-4579-a1cc-06992c67e2dc: 1.00
[22:26:14 INF] Auto-resolving LowConfidence review for entity f286809c-bc8e-4579-a1cc-06992c67e2dc (confidence: 1.00)
[22:26:14 INF] Entity f286809c-bc8e-4579-a1cc-06992c67e2dc meets organization threshold (1.00 >= 0.70), promoting
[22:26:14 INF] Moved C:\temp\tuvima-watch\tv\Shogun S01E01.mp4 → C:\temp\tuvima-library\TV/Shogun/Season 01/Shogun - s01e01 - Anjin.mp4
[22:26:14 INF] Promoted asset f286809c-bc8e-4579-a1cc-06992c67e2dc from staging to library: C:\temp\tuvima-watch\tv\Shogun S01E01.mp4 → C:\temp\tuvima-library\TV/Shogun/Season 01/Shogun - s01e01 - Anjin.mp4
[22:26:14 INF] Cover art: downloading 'Shōgun' from https://image.tmdb.org/t/p/w500/7O4iVfOMQmdCSxhOg1WnzG1AgYT.jpg → C:\temp\tuvima-library\.data\assets\artwork\work\4a01173c-8472-4cfc-a3e7-3e0c9cf3411e\cover\97719c45f2464450a35dadf517506885.jpg
[22:26:14 INF] Start processing HTTP request GET https://image.tmdb.org/t/p/w500/7O4iVfOMQmdCSxhOg1WnzG1AgYT.jpg
[22:26:14 INF] Sending HTTP request GET https://image.tmdb.org/t/p/w500/7O4iVfOMQmdCSxhOg1WnzG1AgYT.jpg
[22:26:14 INF] Start processing HTTP request GET https://www.wikidata.org/w/api.php?*
[22:26:14 INF] Sending HTTP request GET https://www.wikidata.org/w/api.php?*
[22:26:14 INF] Received HTTP response headers after 88.1532ms - 200
[22:26:14 INF] Execution attempt. Source: 'cover_download-standard//Standard-Retry', Operation Key: 'null', Result: '200', Handled: 'False', Attempt: '0', Execution Time: 88.6841ms
[22:26:14 INF] End processing HTTP request after 89.1071ms - 200
[22:26:15 INF] Cover art: downloaded poster for 'Shōgun' (77.3 KB) → C:\temp\tuvima-library\.data\assets\artwork\work\4a01173c-8472-4cfc-a3e7-3e0c9cf3411e\cover\97719c45f2464450a35dadf517506885.jpg
[22:26:15 INF] Received HTTP response headers after 347.6511ms - 200
[22:26:15 INF] End processing HTTP request after 351.1588ms - 200
[22:26:15 INF] Start processing HTTP request GET https://www.wikidata.org/w/api.php?*
[22:26:15 INF] Sending HTTP request GET https://www.wikidata.org/w/api.php?*
[22:26:15 INF] Received HTTP response headers after 60.8846ms - 200
[22:26:15 INF] End processing HTTP request after 61.6761ms - 200
[22:26:15 INF] Start processing HTTP request GET https://en.wikipedia.org/w/api.php?*
[22:26:15 INF] Sending HTTP request GET https://en.wikipedia.org/w/api.php?*
[22:26:15 INF] Received HTTP response headers after 64.562ms - 200
[22:26:15 INF] End processing HTTP request after 65.3409ms - 200
[22:26:15 INF] wikidata_reconciliation: Wikipedia description for Q34981 (en): 2194 chars
[22:26:15 INF]   Ingestion: assets=105/111, resolved=41/157, pending=117, claims=1684, activeJobs=97, stable=0/4, jobStates=[BridgeSearching:7, QidNoMatch:1, QidResolved:1, Queued:65, ReadyWithoutUniverse:1, RetailMatched:19, RetailMatchedNeedsReview:2, RetailNoMatch:6, RetailSearching:3]
[22:26:15 INF] Start processing HTTP request GET https://en.wikipedia.org/w/api.php?*
[22:26:15 INF] Sending HTTP request GET https://en.wikipedia.org/w/api.php?*
[22:26:15 INF] Received HTTP response headers after 75.4102ms - 200
[22:26:15 INF] End processing HTTP request after 76.8732ms - 200
[22:26:15 INF] Start processing HTTP request GET https://en.wikipedia.org/w/api.php?*
[22:26:15 INF] Sending HTTP request GET https://en.wikipedia.org/w/api.php?*
[22:26:16 INF] Received HTTP response headers after 284.315ms - 200
[22:26:16 INF] End processing HTTP request after 286.2158ms - 200
[22:26:16 INF] wikidata_reconciliation: Wikipedia plot section 'Overview' for Q34981: 3646 chars
[22:26:16 INF] wikidata_reconciliation: fetched 44 person claims for QID Q34981
[22:26:16 INF] Start processing HTTP request GET https://commons.wikimedia.org/wiki/Special:FilePath/Isaac.Asimov01.jpg
[22:26:16 INF] Sending HTTP request GET https://commons.wikimedia.org/wiki/Special:FilePath/Isaac.Asimov01.jpg
[22:26:16 INF] Received HTTP response headers after 160.8864ms - 200
[22:26:16 INF] Execution attempt. Source: 'headshot_download-standard//Standard-Retry', Operation Key: 'null', Result: '200', Handled: 'False', Attempt: '0', Execution Time: 161.4225ms
[22:26:16 INF] End processing HTTP request after 163.9543ms - 200
[22:26:16 INF] Person Isaac Asimov: headshot downloaded to C:\temp\tuvima-library\.data\assets\people\b1be176c-a595-4c74-91b2-b8f7da5935e7\headshot.jpg
[22:26:16 INF] [PERF] Person enrichment b1be176c-a595-4c74-91b2-b8f7da5935e7 ("Isaac Asimov"): 262ms (QID=Q34981, pseudonym=False)
[22:26:16 INF] Harvested 44 claims from wikidata_reconciliation for entity b1be176c-a595-4c74-91b2-b8f7da5935e7
[22:26:16 INF] Start processing HTTP request GET https://www.wikidata.org/w/api.php?*
[22:26:16 INF] Sending HTTP request GET https://www.wikidata.org/w/api.php?*
[22:26:16 INF] Received HTTP response headers after 104.5983ms - 200
[22:26:16 INF] End processing HTTP request after 105.4804ms - 200
[22:26:16 INF] Start processing HTTP request GET https://itunes.apple.com/search?*
[22:26:16 INF] Sending HTTP request GET https://itunes.apple.com/search?*
[22:26:16 INF] Start processing HTTP request GET https://www.wikidata.org/w/api.php?*
[22:26:16 INF] Sending HTTP request GET https://www.wikidata.org/w/api.php?*
[22:26:17 INF] Received HTTP response headers after 99.4121ms - 200
[22:26:17 INF] End processing HTTP request after 101.5451ms - 200
[22:26:17 INF] Received HTTP response headers after 239.2144ms - 200
[22:26:17 INF] Execution attempt. Source: 'apple_api-standard//Standard-Retry', Operation Key: 'null', Result: '200', Handled: 'False', Attempt: '0', Execution Time: 243.3023ms
[22:26:17 INF] End processing HTTP request after 244.7192ms - 200
[22:26:17 INF] Retail match found for entity 3cd95383-e913-4d92-af47-d0ef1b285a1d: '1Q84 - 1.Kitap' from apple_api (score: 1.00)
[22:26:17 INF] Post-pipeline confidence for entity 3cd95383-e913-4d92-af47-d0ef1b285a1d: 0.89
[22:26:17 INF] Auto-resolving AmbiguousMediaType review for entity 3cd95383-e913-4d92-af47-d0ef1b285a1d (confidence: 0.89)
[22:26:17 INF] Entity 3cd95383-e913-4d92-af47-d0ef1b285a1d meets organization threshold (0.89 >= 0.70), promoting
[22:26:17 INF] Moved C:\temp\tuvima-watch\books\1Q84 - Allison Hiroto.mp3 → C:\temp\tuvima-library\Audiobooks/Unknown/1Q84 - 1.Kitap (2024)/1Q84 - 1.Kitap.mp3
[22:26:17 INF] Promoted asset 3cd95383-e913-4d92-af47-d0ef1b285a1d from staging to library: C:\temp\tuvima-watch\books\1Q84 - Allison Hiroto.mp3 → C:\temp\tuvima-library\Audiobooks/Unknown/1Q84 - 1.Kitap (2024)/1Q84 - 1.Kitap.mp3
[22:26:17 INF] Cover art: downloading '1Q84 - 1.Kitap' from https://is1-ssl.mzstatic.com/image/thumb/Music211/v4/8d/7b/c1/8d7bc106-cac6-7d6d-c4a2-c7e400436dc6/9786256162693.jpg/9999x9999bb.jpg → C:\temp\tuvima-library\.data\assets\artwork\work\b6c3e206-a062-43fd-a598-775a5f0406a4\cover\8cbfe315ae934f8dafd12c4d7a29825b.jpg
[22:26:17 INF] Start processing HTTP request GET https://is1-ssl.mzstatic.com/image/thumb/Music211/v4/8d/7b/c1/8d7bc106-cac6-7d6d-c4a2-c7e400436dc6/9786256162693.jpg/9999x9999bb.jpg
[22:26:17 INF] Sending HTTP request GET https://is1-ssl.mzstatic.com/image/thumb/Music211/v4/8d/7b/c1/8d7bc106-cac6-7d6d-c4a2-c7e400436dc6/9786256162693.jpg/9999x9999bb.jpg
[22:26:17 INF] Received HTTP response headers after 65.9701ms - 200
[22:26:17 INF] Execution attempt. Source: 'cover_download-standard//Standard-Retry', Operation Key: 'null', Result: '200', Handled: 'False', Attempt: '0', Execution Time: 70.778ms
[22:26:17 INF] End processing HTTP request after 71.6739ms - 200
[22:26:17 INF] Start processing HTTP request GET https://www.wikidata.org/w/api.php?*
[22:26:17 INF] Sending HTTP request GET https://www.wikidata.org/w/api.php?*
[22:26:17 INF] Received HTTP response headers after 110.4562ms - 200
[22:26:17 INF] End processing HTTP request after 111.7254ms - 200
[22:26:17 INF] Start processing HTTP request GET https://www.wikidata.org/w/api.php?*
[22:26:17 INF] Sending HTTP request GET https://www.wikidata.org/w/api.php?*
[22:26:17 INF] Cover art: downloaded poster for '1Q84 - 1.Kitap' (343.6 KB) → C:\temp\tuvima-library\.data\assets\artwork\work\b6c3e206-a062-43fd-a598-775a5f0406a4\cover\8cbfe315ae934f8dafd12c4d7a29825b.jpg
[22:26:17 INF] Received HTTP response headers after 242.3888ms - 200
[22:26:17 INF] End processing HTTP request after 245.902ms - 200
[22:26:17 INF] Start processing HTTP request GET https://www.wikidata.org/w/api.php?*
[22:26:17 INF] Sending HTTP request GET https://www.wikidata.org/w/api.php?*
[22:26:17 INF] Received HTTP response headers after 50.9322ms - 200
[22:26:17 INF] End processing HTTP request after 52.4642ms - 200
[22:26:18 INF] Start processing HTTP request GET https://www.wikidata.org/w/api.php?*
[22:26:18 INF] Sending HTTP request GET https://www.wikidata.org/w/api.php?*
[22:26:18 INF] Received HTTP response headers after 95.1627ms - 200
[22:26:18 INF] End processing HTTP request after 98.3695ms - 200
[22:26:18 INF] Start processing HTTP request GET https://www.wikidata.org/w/api.php?*
[22:26:18 INF] Sending HTTP request GET https://www.wikidata.org/w/api.php?*
[22:26:18 INF] Received HTTP response headers after 176.2224ms - 200
[22:26:18 INF] End processing HTTP request after 177.7352ms - 200
[22:26:18 INF] Start processing HTTP request GET https://www.wikidata.org/w/api.php?*
[22:26:18 INF] Sending HTTP request GET https://www.wikidata.org/w/api.php?*
[22:26:18 INF] Received HTTP response headers after 55.2377ms - 200
[22:26:18 INF] End processing HTTP request after 56.6087ms - 200
[22:26:19 INF] Start processing HTTP request GET https://www.wikidata.org/w/api.php?*
[22:26:19 INF] Sending HTTP request GET https://www.wikidata.org/w/api.php?*
[22:26:19 INF] Received HTTP response headers after 98.7295ms - 200
[22:26:19 INF] End processing HTTP request after 99.6774ms - 200
[22:26:19 INF] Start processing HTTP request GET https://www.wikidata.org/w/api.php?*
[22:26:19 INF] Sending HTTP request GET https://www.wikidata.org/w/api.php?*
[22:26:19 INF] Received HTTP response headers after 131.6513ms - 200
[22:26:19 INF] End processing HTTP request after 137.0959ms - 200
[22:26:19 INF] Start processing HTTP request GET https://itunes.apple.com/search?*
[22:26:19 INF] Sending HTTP request GET https://itunes.apple.com/search?*
[22:26:19 INF] Start processing HTTP request GET https://www.wikidata.org/w/api.php?*
[22:26:19 INF] Sending HTTP request GET https://www.wikidata.org/w/api.php?*
[22:26:19 INF] Received HTTP response headers after 70.3491ms - 200
[22:26:19 INF] End processing HTTP request after 75.2855ms - 200
[22:26:19 INF] Received HTTP response headers after 217.7794ms - 200
[22:26:19 INF] Execution attempt. Source: 'apple_api-standard//Standard-Retry', Operation Key: 'null', Result: '200', Handled: 'False', Attempt: '0', Execution Time: 220.2029ms
[22:26:19 INF] End processing HTTP request after 221.4193ms - 200
[22:26:20 INF] Retail match found for entity 18dbdc4e-1b35-4653-bc2a-8a36d26c0e88: 'Dune' from apple_api (score: 1.00)
[22:26:20 INF] Post-pipeline confidence for entity 18dbdc4e-1b35-4653-bc2a-8a36d26c0e88: 1.00
[22:26:20 INF] Entity 18dbdc4e-1b35-4653-bc2a-8a36d26c0e88 meets organization threshold (1.00 >= 0.70), promoting
[22:26:20 INF] Moved C:\temp\tuvima-watch\books\Dune.epub → C:\temp\tuvima-library\Books/Unknown/Dune (1975)/Dune (1975).epub
[22:26:20 INF] Promoted asset 18dbdc4e-1b35-4653-bc2a-8a36d26c0e88 from staging to library: C:\temp\tuvima-watch\books\Dune.epub → C:\temp\tuvima-library\Books/Unknown/Dune (1975)/Dune (1975).epub
[22:26:20 INF] Cover art: downloading 'Dune' from https://is1-ssl.mzstatic.com/image/thumb/Publication122/v4/85/70/2f/85702f34-2982-e2ee-d883-b5ffc3ae0897/9781101658055.d.jpg/9999x9999bb.jpg → C:\temp\tuvima-library\.data\assets\artwork\work\1a6f9ef9-ee54-4935-9eb2-768c885736ec\cover\9ced6b822dd14be5b33050e061459210.jpg
[22:26:20 INF] Start processing HTTP request GET https://is1-ssl.mzstatic.com/image/thumb/Publication122/v4/85/70/2f/85702f34-2982-e2ee-d883-b5ffc3ae0897/9781101658055.d.jpg/9999x9999bb.jpg
[22:26:20 INF] Sending HTTP request GET https://is1-ssl.mzstatic.com/image/thumb/Publication122/v4/85/70/2f/85702f34-2982-e2ee-d883-b5ffc3ae0897/9781101658055.d.jpg/9999x9999bb.jpg
[22:26:20 INF] Received HTTP response headers after 77.2082ms - 200
[22:26:20 INF] Execution attempt. Source: 'cover_download-standard//Standard-Retry', Operation Key: 'null', Result: '200', Handled: 'False', Attempt: '0', Execution Time: 78.2334ms
[22:26:20 INF] End processing HTTP request after 78.7723ms - 200
[22:26:20 INF] Start processing HTTP request GET https://www.wikidata.org/w/api.php?*
[22:26:20 INF] Sending HTTP request GET https://www.wikidata.org/w/api.php?*
[22:26:20 INF] Received HTTP response headers after 46.1859ms - 200
[22:26:20 INF] End processing HTTP request after 50.3025ms - 200
[22:26:20 INF] Cover art: downloaded poster for 'Dune' (433.5 KB) → C:\temp\tuvima-library\.data\assets\artwork\work\1a6f9ef9-ee54-4935-9eb2-768c885736ec\cover\9ced6b822dd14be5b33050e061459210.jpg
[22:26:20 INF] Start processing HTTP request GET https://www.wikidata.org/w/api.php?*
[22:26:20 INF] Sending HTTP request GET https://www.wikidata.org/w/api.php?*
[22:26:20 INF]   Ingestion: assets=105/111, resolved=40/157, pending=118, claims=1745, activeJobs=97, stable=0/4, jobStates=[BridgeSearching:7, QidNoMatch:1, QidResolved:1, Queued:65, ReadyWithoutUniverse:1, RetailMatched:21, RetailMatchedNeedsReview:2, RetailNoMatch:6, RetailSearching:1]
[22:26:20 INF] Received HTTP response headers after 86.7851ms - 200
[22:26:20 INF] End processing HTTP request after 87.9705ms - 200
[22:26:20 INF] Start processing HTTP request GET https://www.wikidata.org/w/api.php?*
[22:26:20 INF] Sending HTTP request GET https://www.wikidata.org/w/api.php?*
[22:26:21 INF] Received HTTP response headers after 125.8493ms - 200
[22:26:21 INF] End processing HTTP request after 127.5994ms - 200
[22:26:21 INF] Start processing HTTP request GET https://www.wikidata.org/w/api.php?*
[22:26:21 INF] Sending HTTP request GET https://www.wikidata.org/w/api.php?*
[22:26:21 INF] Received HTTP response headers after 281.0565ms - 200
[22:26:21 INF] End processing HTTP request after 284.9778ms - 200
[22:26:21 INF] Person reconciliation auto-accepted: 'Isaac Asimov' (Narrator) -> Q34981 'Isaac Asimov' (score=0.86)
[22:26:21 INF] Person enrichment writeback: Isaac Asimov -> Isaac Asimov (Q34981) (role: Narrator)
[22:26:21 INF] Persisted reconciled person 'Isaac Asimov' (Q34981) linked to asset 5626fe88-4993-429d-a69b-080b4e61cb60 as Narrator
[22:26:22 INF] Cover art: skipped 'Foundation (Unabridged)' — already cached on disk (C:\temp\tuvima-library\.data\assets\artwork\work\cab5944b-f242-4a99-b673-ba96af8d1c13\cover\5962542d00234225bd358a319c222276.jpg)
[22:26:22 INF] Post-pipeline confidence for entity 5626fe88-4993-429d-a69b-080b4e61cb60: 0.88
[22:26:22 INF] Entity 5626fe88-4993-429d-a69b-080b4e61cb60 meets organization threshold (0.88 >= 0.70), promoting
[22:26:22 INF] CollectionAssignment: created ContentGroup collection 'Foundation' (local:audiobooks:foundation) for work cab5944b-f242-4a99-b673-ba96af8d1c13
[22:26:22 INF] CollectionAssignment: assigned work cab5944b-f242-4a99-b673-ba96af8d1c13 to collection 'Foundation' (local:audiobooks:foundation)
[22:26:22 INF] Wikidata: no match for 'Foundation (Unabridged)' (Audiobooks) — 1 bridge ID(s) tried; retaining retail identity; review_created=False [entity 5626fe88-4993-429d-a69b-080b4e61cb60]
[22:26:22 INF] Wikidata: 'Harry Potter and the Chamber of Secrets' identified as Q47209 via retail_text [entity f486dc48-ed11-4355-979d-21a37b768d6f]
[22:26:22 INF] Post-pipeline confidence for entity f486dc48-ed11-4355-979d-21a37b768d6f: 1.00
[22:26:22 INF] Entity f486dc48-ed11-4355-979d-21a37b768d6f meets organization threshold (1.00 >= 0.70), promoting
[22:26:22 INF] Cover art: skipped 'Harry Potter and the Chamber of Secrets' — already cached on disk (C:\temp\tuvima-library\.data\assets\artwork\work\20eca6ef-98c9-45de-98a0-075fed422b45\cover\29be2fabf3a64e4b960e60f0cf04db05.jpg)
[22:26:22 INF] Wikidata: 'Dune' identified as Q190192 via retail_text [entity 802e7b07-b2ee-4ea0-9c9f-61b7e6f1d582]
[22:26:22 INF] Start processing HTTP request GET https://itunes.apple.com/search?*
[22:26:22 INF] Sending HTTP request GET https://itunes.apple.com/search?*
[22:26:22 INF] Start processing HTTP request GET https://www.wikidata.org/w/api.php?*
[22:26:22 INF] Sending HTTP request GET https://www.wikidata.org/w/api.php?*
[22:26:22 INF] Received HTTP response headers after 69.1979ms - 200
[22:26:22 INF] End processing HTTP request after 91.5047ms - 200
[22:26:22 INF] Received HTTP response headers after 156.0265ms - 200
[22:26:22 INF] Execution attempt. Source: 'apple_api-standard//Standard-Retry', Operation Key: 'null', Result: '200', Handled: 'False', Attempt: '0', Execution Time: 156.6102ms
[22:26:22 INF] End processing HTTP request after 157.7112ms - 200
[22:26:23 INF] Retail match found for entity 7f0b9dec-c0c4-49e0-9a18-f68804fb68e6: 'The Shining (Unabridged)' from apple_api (score: 1.00)
[22:26:23 INF] Post-pipeline confidence for entity 7f0b9dec-c0c4-49e0-9a18-f68804fb68e6: 0.89
[22:26:23 INF] Auto-resolving AmbiguousMediaType review for entity 7f0b9dec-c0c4-49e0-9a18-f68804fb68e6 (confidence: 0.89)
[22:26:23 INF] Entity 7f0b9dec-c0c4-49e0-9a18-f68804fb68e6 meets organization threshold (0.89 >= 0.70), promoting
[22:26:23 INF] Moved C:\temp\tuvima-watch\books\The Shining - Campbell Scott.mp3 → C:\temp\tuvima-library\Audiobooks/Unknown/The Shining (Unabridged) (2012)/The Shining (Unabridged).mp3
[22:26:23 INF] Promoted asset 7f0b9dec-c0c4-49e0-9a18-f68804fb68e6 from staging to library: C:\temp\tuvima-watch\books\The Shining - Campbell Scott.mp3 → C:\temp\tuvima-library\Audiobooks/Unknown/The Shining (Unabridged) (2012)/The Shining (Unabridged).mp3
[22:26:23 INF] Cover art: downloading 'The Shining (Unabridged)' from https://is1-ssl.mzstatic.com/image/thumb/Music221/v4/b4/95/ed/b495ed2e-7fe8-412b-2845-47df6443b0a9/9780385360128.d.jpg/9999x9999bb.jpg → C:\temp\tuvima-library\.data\assets\artwork\work\ebf421fc-6e6f-4658-be79-3173b6e5d614\cover\bdd159432422427881a53749f46f29ef.jpg
[22:26:23 INF] Start processing HTTP request GET https://is1-ssl.mzstatic.com/image/thumb/Music221/v4/b4/95/ed/b495ed2e-7fe8-412b-2845-47df6443b0a9/9780385360128.d.jpg/9999x9999bb.jpg
[22:26:23 INF] Sending HTTP request GET https://is1-ssl.mzstatic.com/image/thumb/Music221/v4/b4/95/ed/b495ed2e-7fe8-412b-2845-47df6443b0a9/9780385360128.d.jpg/9999x9999bb.jpg
[22:26:23 INF] Received HTTP response headers after 18.012ms - 200
[22:26:23 INF] Execution attempt. Source: 'cover_download-standard//Standard-Retry', Operation Key: 'null', Result: '200', Handled: 'False', Attempt: '0', Execution Time: 20.6819ms
[22:26:23 INF] End processing HTTP request after 22.8604ms - 200
[22:26:23 INF] Start processing HTTP request GET https://www.wikidata.org/w/api.php?*
[22:26:23 INF] Sending HTTP request GET https://www.wikidata.org/w/api.php?*
[22:26:23 INF] Received HTTP response headers after 78.2196ms - 200
[22:26:23 INF] End processing HTTP request after 79.4646ms - 200
[22:26:23 INF] Start processing HTTP request GET https://www.wikidata.org/w/api.php?*
[22:26:23 INF] Sending HTTP request GET https://www.wikidata.org/w/api.php?*
[22:26:23 INF] Received HTTP response headers after 66.2875ms - 200
[22:26:23 INF] End processing HTTP request after 67.6402ms - 200
[22:26:23 INF] Start processing HTTP request GET https://www.wikidata.org/w/api.php?*
[22:26:23 INF] Sending HTTP request GET https://www.wikidata.org/w/api.php?*
[22:26:23 INF] Cover art: downloaded poster for 'The Shining (Unabridged)' (1319.1 KB) → C:\temp\tuvima-library\.data\assets\artwork\work\ebf421fc-6e6f-4658-be79-3173b6e5d614\cover\bdd159432422427881a53749f46f29ef.jpg
[22:26:23 INF] Start processing HTTP request GET https://api.themoviedb.org/3/search/movie?*
[22:26:23 INF] Sending HTTP request GET https://api.themoviedb.org/3/search/movie?*
[22:26:23 INF] Start processing HTTP request GET https://api.themoviedb.org/3/search/movie?*
[22:26:23 INF] Sending HTTP request GET https://api.themoviedb.org/3/search/movie?*
[22:26:23 INF] Start processing HTTP request GET https://api.themoviedb.org/3/search/movie?*
[22:26:23 INF] Sending HTTP request GET https://api.themoviedb.org/3/search/movie?*
[22:26:23 INF] Start processing HTTP request GET https://api.themoviedb.org/3/search/movie?*
[22:26:23 INF] Sending HTTP request GET https://api.themoviedb.org/3/search/movie?*
[22:26:23 INF] Music: configured Stage 1 provider order does not start with apple_api; using ranked provider pipeline for 28 track(s)
[22:26:23 INF] TV: grouping 13 episode(s) into 11 show/season group(s) for retail match
[22:26:23 INF] Received HTTP response headers after 51.2782ms - 200
[22:26:23 INF] Execution attempt. Source: 'tmdb-standard//Standard-Retry', Operation Key: 'null', Result: '200', Handled: 'False', Attempt: '0', Execution Time: 52.2606ms
[22:26:23 INF] End processing HTTP request after 52.9741ms - 200
[22:26:23 INF] Start processing HTTP request GET https://api.themoviedb.org/3/movie/329865?*
[22:26:23 INF] Sending HTTP request GET https://api.themoviedb.org/3/movie/329865?*
[22:26:23 INF] Received HTTP response headers after 70.3503ms - 200
[22:26:23 INF] Execution attempt. Source: 'tmdb-standard//Standard-Retry', Operation Key: 'null', Result: '200', Handled: 'False', Attempt: '0', Execution Time: 71.2272ms
[22:26:23 INF] End processing HTTP request after 76.2782ms - 200
[22:26:24 INF] Start processing HTTP request GET https://api.themoviedb.org/3/movie/157336?*
[22:26:24 INF] Sending HTTP request GET https://api.themoviedb.org/3/movie/157336?*
[22:26:24 INF] Received HTTP response headers after 141.8004ms - 200
[22:26:24 INF] End processing HTTP request after 145.6922ms - 200
[22:26:24 INF] Received HTTP response headers after 74.3765ms - 200
[22:26:24 INF] Execution attempt. Source: 'tmdb-standard//Standard-Retry', Operation Key: 'null', Result: '200', Handled: 'False', Attempt: '0', Execution Time: 75.0327ms
[22:26:24 INF] Received HTTP response headers after 84.2678ms - 200
[22:26:24 INF] End processing HTTP request after 76.6387ms - 200
[22:26:24 INF] Execution attempt. Source: 'tmdb-standard//Standard-Retry', Operation Key: 'null', Result: '200', Handled: 'False', Attempt: '0', Execution Time: 84.8664ms
[22:26:24 INF] End processing HTTP request after 85.6106ms - 200
[22:26:24 INF] Start processing HTTP request GET https://api.themoviedb.org/3/movie/278?*
[22:26:24 INF] Sending HTTP request GET https://api.themoviedb.org/3/movie/278?*
[22:26:24 INF] Start processing HTTP request GET https://api.themoviedb.org/3/movie/129?*
[22:26:24 INF] Sending HTTP request GET https://api.themoviedb.org/3/movie/129?*
[22:26:24 INF] Received HTTP response headers after 51.2671ms - 200
[22:26:24 INF] Execution attempt. Source: 'tmdb-standard//Standard-Retry', Operation Key: 'null', Result: '200', Handled: 'False', Attempt: '0', Execution Time: 52.4642ms
[22:26:24 INF] End processing HTTP request after 53.1029ms - 200
[22:26:24 INF] Received HTTP response headers after 50.4111ms - 200
[22:26:24 INF] Execution attempt. Source: 'tmdb-standard//Standard-Retry', Operation Key: 'null', Result: '200', Handled: 'False', Attempt: '0', Execution Time: 51.5837ms
[22:26:24 INF] End processing HTTP request after 54.0598ms - 200
[22:26:24 INF] Received HTTP response headers after 51.7833ms - 200
[22:26:24 INF] Execution attempt. Source: 'tmdb-standard//Standard-Retry', Operation Key: 'null', Result: '200', Handled: 'False', Attempt: '0', Execution Time: 53.6966ms
[22:26:24 INF] End processing HTTP request after 54.2113ms - 200
[22:26:24 INF] Received HTTP response headers after 62.472ms - 200
[22:26:24 INF] Execution attempt. Source: 'tmdb-standard//Standard-Retry', Operation Key: 'null', Result: '200', Handled: 'False', Attempt: '0', Execution Time: 63.9216ms
[22:26:24 INF] End processing HTTP request after 64.6264ms - 200
[22:26:24 INF] Retail match found for entity bd176bef-80e8-4dfd-a29b-eaf8bf6e96b6: 'Arrival' from tmdb (score: 1.00)
[22:26:24 INF] Retail match found for entity a258b90e-b48a-4fcf-a710-49fc0cec8bb6: 'Interstellar' from tmdb (score: 1.00)
[22:26:24 INF] Post-pipeline confidence for entity bd176bef-80e8-4dfd-a29b-eaf8bf6e96b6: 0.88
[22:26:24 INF] Auto-resolving LowConfidence review for entity bd176bef-80e8-4dfd-a29b-eaf8bf6e96b6 (confidence: 0.88)
[22:26:24 INF] Entity bd176bef-80e8-4dfd-a29b-eaf8bf6e96b6 meets organization threshold (0.88 >= 0.70), promoting
[22:26:24 INF] Moved C:\temp\tuvima-watch\movies\Arrival (2016).mp4 → C:\temp\tuvima-library\Movies/Arrival (2016)/Arrival (2016).mp4
[22:26:24 INF] Post-pipeline confidence for entity a258b90e-b48a-4fcf-a710-49fc0cec8bb6: 0.88
[22:26:24 INF] Auto-resolving LowConfidence review for entity a258b90e-b48a-4fcf-a710-49fc0cec8bb6 (confidence: 0.88)
[22:26:24 INF] Entity a258b90e-b48a-4fcf-a710-49fc0cec8bb6 meets organization threshold (0.88 >= 0.70), promoting
[22:26:24 INF] Moved C:\temp\tuvima-watch\movies\Interstellar (2014).mp4 → C:\temp\tuvima-library\Movies/Interstellar (2014)/Interstellar (2014).mp4
[22:26:24 INF] Promoted asset a258b90e-b48a-4fcf-a710-49fc0cec8bb6 from staging to library: C:\temp\tuvima-watch\movies\Interstellar (2014).mp4 → C:\temp\tuvima-library\Movies/Interstellar (2014)/Interstellar (2014).mp4
[22:26:24 INF] Cover art: downloading 'Interstellar' from https://image.tmdb.org/t/p/w500/yQvGrMoipbRoddT0ZR8tPoR7NfX.jpg → C:\temp\tuvima-library\.data\assets\artwork\work\e18ec346-ee15-4fe5-b7c6-b252adf40e6c\cover\bd91fc523ce1401bb23028721b984a30.jpg
[22:26:24 INF] Start processing HTTP request GET https://image.tmdb.org/t/p/w500/yQvGrMoipbRoddT0ZR8tPoR7NfX.jpg
[22:26:24 INF] Sending HTTP request GET https://image.tmdb.org/t/p/w500/yQvGrMoipbRoddT0ZR8tPoR7NfX.jpg
[22:26:24 INF] Start processing HTTP request GET https://www.wikidata.org/w/api.php?*
[22:26:24 INF] Sending HTTP request GET https://www.wikidata.org/w/api.php?*
[22:26:24 INF] Promoted asset bd176bef-80e8-4dfd-a29b-eaf8bf6e96b6 from staging to library: C:\temp\tuvima-watch\movies\Arrival (2016).mp4 → C:\temp\tuvima-library\Movies/Arrival (2016)/Arrival (2016).mp4
[22:26:24 INF] Cover art: downloading 'Arrival' from https://image.tmdb.org/t/p/w500/x2FJsf1ElAgr63Y3PNPtJrcmpoe.jpg → C:\temp\tuvima-library\.data\assets\artwork\work\150d7c18-758c-4ada-864e-68a945bc3e11\cover\bbe4ba25a0744a6c9886222b7e7b1fa0.jpg
[22:26:24 INF] Start processing HTTP request GET https://image.tmdb.org/t/p/w500/x2FJsf1ElAgr63Y3PNPtJrcmpoe.jpg
[22:26:24 INF] Sending HTTP request GET https://image.tmdb.org/t/p/w500/x2FJsf1ElAgr63Y3PNPtJrcmpoe.jpg
[22:26:24 INF] Retail match found for entity 375ed275-5cad-4673-819c-efeaac946ea7: 'The Shawshank Redemption' from tmdb (score: 1.00)
[22:26:24 INF] Post-pipeline confidence for entity 375ed275-5cad-4673-819c-efeaac946ea7: 0.88
[22:26:24 INF] Auto-resolving LowConfidence review for entity 375ed275-5cad-4673-819c-efeaac946ea7 (confidence: 0.88)
[22:26:24 INF] Entity 375ed275-5cad-4673-819c-efeaac946ea7 meets organization threshold (0.88 >= 0.70), promoting
[22:26:24 INF] Retail match found for entity 8fb11234-0173-4e80-86c5-6560f8f52cd6: 'Spirited Away' from tmdb (score: 1.00)
[22:26:24 INF] Moved C:\temp\tuvima-watch\movies\The Shawshank Redemption (1994).mp4 → C:\temp\tuvima-library\Movies/The Shawshank Redemption (1994)/The Shawshank Redemption (1994).mp4
[22:26:24 INF] Promoted asset 375ed275-5cad-4673-819c-efeaac946ea7 from staging to library: C:\temp\tuvima-watch\movies\The Shawshank Redemption (1994).mp4 → C:\temp\tuvima-library\Movies/The Shawshank Redemption (1994)/The Shawshank Redemption (1994).mp4
[22:26:24 INF] Post-pipeline confidence for entity 8fb11234-0173-4e80-86c5-6560f8f52cd6: 0.88
[22:26:24 INF] Auto-resolving LowConfidence review for entity 8fb11234-0173-4e80-86c5-6560f8f52cd6 (confidence: 0.88)
[22:26:24 INF] Entity 8fb11234-0173-4e80-86c5-6560f8f52cd6 meets organization threshold (0.88 >= 0.70), promoting
[22:26:24 INF] Cover art: downloading 'The Shawshank Redemption' from https://image.tmdb.org/t/p/w500/9cqNxx0GxF0bflZmeSMuL5tnGzr.jpg → C:\temp\tuvima-library\.data\assets\artwork\work\c5b40cfc-eafe-42ee-969c-fe8a26a57882\cover\12fbf1a8519940e4912bcb5fd395d1b7.jpg
[22:26:24 INF] Start processing HTTP request GET https://image.tmdb.org/t/p/w500/9cqNxx0GxF0bflZmeSMuL5tnGzr.jpg
[22:26:24 INF] Moved C:\temp\tuvima-watch\movies\Spirited Away (2001).mp4 → C:\temp\tuvima-library\Movies/Spirited Away (2001)/Spirited Away (2001).mp4
[22:26:24 INF] Sending HTTP request GET https://image.tmdb.org/t/p/w500/9cqNxx0GxF0bflZmeSMuL5tnGzr.jpg
[22:26:24 INF] Promoted asset 8fb11234-0173-4e80-86c5-6560f8f52cd6 from staging to library: C:\temp\tuvima-watch\movies\Spirited Away (2001).mp4 → C:\temp\tuvima-library\Movies/Spirited Away (2001)/Spirited Away (2001).mp4
[22:26:24 INF] Cover art: downloading 'Spirited Away' from https://image.tmdb.org/t/p/w500/39wmItIWsg5sZMyRUHLkWBcuVCM.jpg → C:\temp\tuvima-library\.data\assets\artwork\work\96caecb5-084f-4efd-b5d6-fa2d00d5c235\cover\2edd904006614e1db8e0798ec9972ccc.jpg
[22:26:24 INF] Start processing HTTP request GET https://image.tmdb.org/t/p/w500/39wmItIWsg5sZMyRUHLkWBcuVCM.jpg
[22:26:24 INF] Sending HTTP request GET https://image.tmdb.org/t/p/w500/39wmItIWsg5sZMyRUHLkWBcuVCM.jpg
[22:26:24 INF] Received HTTP response headers after 97.5403ms - 200
[22:26:24 INF] Execution attempt. Source: 'cover_download-standard//Standard-Retry', Operation Key: 'null', Result: '200', Handled: 'False', Attempt: '0', Execution Time: 98.0348ms
[22:26:24 INF] End processing HTTP request after 98.5296ms - 200
[22:26:24 INF] Received HTTP response headers after 108.6492ms - 200
[22:26:24 INF] End processing HTTP request after 109.431ms - 200
[22:26:24 INF] Hydrated Wikidata series manifest Q6095696 (Dune) with 7 named items
[22:26:24 INF] CollectionAssignment: added 2 relationship(s) to collection 3fe6a060-fa4d-4a0b-86f6-eabb4db62e77
[22:26:24 INF] Post-pipeline confidence for entity 802e7b07-b2ee-4ea0-9c9f-61b7e6f1d582: 1.00
[22:26:24 INF] Received HTTP response headers after 116.5768ms - 200
[22:26:24 INF] Entity 802e7b07-b2ee-4ea0-9c9f-61b7e6f1d582 meets organization threshold (0.96 >= 0.70), promoting
[22:26:24 INF] Execution attempt. Source: 'cover_download-standard//Standard-Retry', Operation Key: 'null', Result: '200', Handled: 'False', Attempt: '0', Execution Time: 117.3887ms
[22:26:24 INF] End processing HTTP request after 118.3826ms - 200
[22:26:24 INF] Received HTTP response headers after 82.7902ms - 200
[22:26:24 INF] Execution attempt. Source: 'cover_download-standard//Standard-Retry', Operation Key: 'null', Result: '200', Handled: 'False', Attempt: '0', Execution Time: 83.4063ms
[22:26:24 INF] End processing HTTP request after 84.1934ms - 200
[22:26:24 INF] Received HTTP response headers after 132.6162ms - 200
[22:26:24 INF] Cover art: downloaded poster for 'Interstellar' (79.7 KB) → C:\temp\tuvima-library\.data\assets\artwork\work\e18ec346-ee15-4fe5-b7c6-b252adf40e6c\cover\bd91fc523ce1401bb23028721b984a30.jpg
[22:26:24 INF] Execution attempt. Source: 'cover_download-standard//Standard-Retry', Operation Key: 'null', Result: '200', Handled: 'False', Attempt: '0', Execution Time: 149.0371ms
[22:26:24 INF] End processing HTTP request after 150.1439ms - 200
[22:26:24 INF] Start processing HTTP request GET https://api.themoviedb.org/3/search/movie?*
[22:26:24 INF] Sending HTTP request GET https://api.themoviedb.org/3/search/movie?*
[22:26:24 INF] Cover art: downloaded poster for 'Arrival' (39.8 KB) → C:\temp\tuvima-library\.data\assets\artwork\work\150d7c18-758c-4ada-864e-68a945bc3e11\cover\bbe4ba25a0744a6c9886222b7e7b1fa0.jpg
[22:26:24 INF] Received HTTP response headers after 51.4453ms - 200
[22:26:24 INF] Execution attempt. Source: 'tmdb-standard//Standard-Retry', Operation Key: 'null', Result: '200', Handled: 'False', Attempt: '0', Execution Time: 51.9837ms
[22:26:24 INF] End processing HTTP request after 52.7702ms - 200
[22:26:24 INF] Start processing HTTP request GET https://api.themoviedb.org/3/movie/603?*
[22:26:24 INF] Sending HTTP request GET https://api.themoviedb.org/3/movie/603?*
[22:26:24 INF] Cover art: downloaded poster for 'Spirited Away' (39.6 KB) → C:\temp\tuvima-library\.data\assets\artwork\work\96caecb5-084f-4efd-b5d6-fa2d00d5c235\cover\2edd904006614e1db8e0798ec9972ccc.jpg
[22:26:24 INF] Start processing HTTP request GET https://api.themoviedb.org/3/search/movie?*
[22:26:24 INF] Start processing HTTP request GET https://api.themoviedb.org/3/search/movie?*
[22:26:24 INF] Sending HTTP request GET https://api.themoviedb.org/3/search/movie?*
[22:26:24 INF] Sending HTTP request GET https://api.themoviedb.org/3/search/movie?*
[22:26:24 INF] Cover art: downloaded poster for 'The Shawshank Redemption' (67.0 KB) → C:\temp\tuvima-library\.data\assets\artwork\work\c5b40cfc-eafe-42ee-969c-fe8a26a57882\cover\12fbf1a8519940e4912bcb5fd395d1b7.jpg
[22:26:24 INF] Received HTTP response headers after 48.3037ms - 200
[22:26:24 INF] Execution attempt. Source: 'tmdb-standard//Standard-Retry', Operation Key: 'null', Result: '200', Handled: 'False', Attempt: '0', Execution Time: 49.1544ms
[22:26:24 INF] End processing HTTP request after 53.5697ms - 200
[22:26:24 INF] Start processing HTTP request GET https://api.themoviedb.org/3/search/movie?*
[22:26:24 INF] Sending HTTP request GET https://api.themoviedb.org/3/search/movie?*
[22:26:24 INF] Start processing HTTP request GET https://api.themoviedb.org/3/collection/2344?*
[22:26:24 INF] Sending HTTP request GET https://api.themoviedb.org/3/collection/2344?*
[22:26:24 INF] Received HTTP response headers after 46.8609ms - 200
[22:26:24 INF] Execution attempt. Source: 'tmdb-standard//Standard-Retry', Operation Key: 'null', Result: '200', Handled: 'False', Attempt: '0', Execution Time: 47.5935ms
[22:26:24 INF] End processing HTTP request after 48.6157ms - 200
[22:26:24 INF] Start processing HTTP request GET https://api.themoviedb.org/3/movie/335984?*
[22:26:24 INF] Sending HTTP request GET https://api.themoviedb.org/3/movie/335984?*
[22:26:24 INF] Received HTTP response headers after 69.7909ms - 200
[22:26:24 INF] Execution attempt. Source: 'tmdb-standard//Standard-Retry', Operation Key: 'null', Result: '200', Handled: 'False', Attempt: '0', Execution Time: 71.4282ms
[22:26:24 INF] End processing HTTP request after 76.6091ms - 200
[22:26:24 INF] Start processing HTTP request GET https://api.themoviedb.org/3/movie/324857?*
[22:26:24 INF] Sending HTTP request GET https://api.themoviedb.org/3/movie/324857?*
[22:26:24 INF] Received HTTP response headers after 53.9183ms - 200
[22:26:24 INF] Execution attempt. Source: 'tmdb-standard//Standard-Retry', Operation Key: 'null', Result: '200', Handled: 'False', Attempt: '0', Execution Time: 54.7765ms
[22:26:24 INF] End processing HTTP request after 55.3179ms - 200
[22:26:24 INF] Received HTTP response headers after 56.2182ms - 200
[22:26:24 INF] Received HTTP response headers after 69.6795ms - 200
[22:26:24 INF] Execution attempt. Source: 'tmdb-standard//Standard-Retry', Operation Key: 'null', Result: '200', Handled: 'False', Attempt: '0', Execution Time: 71.3971ms
[22:26:24 INF] End processing HTTP request after 74.3589ms - 200
[22:26:24 INF] Execution attempt. Source: 'tmdb-standard//Standard-Retry', Operation Key: 'null', Result: '200', Handled: 'False', Attempt: '0', Execution Time: 58.2388ms
[22:26:24 INF] End processing HTTP request after 66.9278ms - 200
[22:26:24 INF] tmdb/movie_search: zero results from API, trying next strategy
[22:26:24 INF] Received HTTP response headers after 48.17ms - 200
[22:26:24 INF] Execution attempt. Source: 'tmdb-standard//Standard-Retry', Operation Key: 'null', Result: '200', Handled: 'False', Attempt: '0', Execution Time: 50.0775ms
[22:26:24 INF] End processing HTTP request after 50.5865ms - 200
[22:26:24 INF] Start processing HTTP request GET https://api.themoviedb.org/3/collection/422837?*
[22:26:24 INF] Sending HTTP request GET https://api.themoviedb.org/3/collection/422837?*
[22:26:24 INF] Start processing HTTP request GET https://api.themoviedb.org/3/collection/573436?*
[22:26:24 INF] Sending HTTP request GET https://api.themoviedb.org/3/collection/573436?*
[22:26:24 INF] Retail match found for entity d21d89d9-4f4f-4055-a697-24a141ea585f: 'The Matrix' from tmdb (score: 1.00)
[22:26:24 INF] Pipeline: entity 0126b7f1-ff1f-4200-b841-9510c7f24bb0 sent to review — trigger=RetailMatchFailed, confidence=0 %
[22:26:24 INF] No retail match for entity 0126b7f1-ff1f-4200-b841-9510c7f24bb0 — 0 candidates evaluated, best score: 0.00
[22:26:24 INF] Post-pipeline confidence for entity d21d89d9-4f4f-4055-a697-24a141ea585f: 0.88
[22:26:24 INF] Auto-resolving LowConfidence review for entity d21d89d9-4f4f-4055-a697-24a141ea585f (confidence: 0.88)
[22:26:24 INF] Entity d21d89d9-4f4f-4055-a697-24a141ea585f meets organization threshold (0.88 >= 0.70), promoting
[22:26:24 INF] Moved C:\temp\tuvima-watch\movies\The Matrix (1999).mp4 → C:\temp\tuvima-library\Movies/The Matrix (1999)/The Matrix (1999).mp4
[22:26:24 INF] Start processing HTTP request GET https://comicvine.gamespot.com/api/search/?*
[22:26:24 INF] Sending HTTP request GET https://comicvine.gamespot.com/api/search/?*
[22:26:24 INF] Promoted asset d21d89d9-4f4f-4055-a697-24a141ea585f from staging to library: C:\temp\tuvima-watch\movies\The Matrix (1999).mp4 → C:\temp\tuvima-library\Movies/The Matrix (1999)/The Matrix (1999).mp4
[22:26:24 INF] Cover art: downloading 'The Matrix' from https://image.tmdb.org/t/p/w500/dXNAPwY7VrqMAo51EKhhCJfaGb5.jpg → C:\temp\tuvima-library\.data\assets\artwork\work\db1c32be-3b58-4f53-9a24-8b3361e9ced1\cover\543324ca665c41efb670ec3621b112ce.jpg
[22:26:24 INF] Start processing HTTP request GET https://image.tmdb.org/t/p/w500/dXNAPwY7VrqMAo51EKhhCJfaGb5.jpg
[22:26:24 INF] Sending HTTP request GET https://image.tmdb.org/t/p/w500/dXNAPwY7VrqMAo51EKhhCJfaGb5.jpg
[22:26:24 INF] Received HTTP response headers after 47.11ms - 200
[22:26:24 INF] Execution attempt. Source: 'tmdb-standard//Standard-Retry', Operation Key: 'null', Result: '200', Handled: 'False', Attempt: '0', Execution Time: 47.8596ms
[22:26:24 INF] End processing HTTP request after 48.7704ms - 200
[22:26:24 INF] Received HTTP response headers after 49.9668ms - 200
[22:26:24 INF] Execution attempt. Source: 'tmdb-standard//Standard-Retry', Operation Key: 'null', Result: '200', Handled: 'False', Attempt: '0', Execution Time: 50.4894ms
[22:26:24 INF] End processing HTTP request after 52.2932ms - 200
[22:26:24 INF] Received HTTP response headers after 29.831ms - 200
[22:26:24 INF] Execution attempt. Source: 'cover_download-standard//Standard-Retry', Operation Key: 'null', Result: '200', Handled: 'False', Attempt: '0', Execution Time: 31.0033ms
[22:26:24 INF] End processing HTTP request after 31.7401ms - 200
[22:26:24 INF] Retail match found for entity f97f0634-e100-4bad-9058-30de1adad83c: 'Blade Runner 2049' from tmdb (score: 1.00)
[22:26:24 INF] Retail match found for entity 92dfc2c3-d4e0-46db-a54c-63a7e7c457db: 'Spider-Man: Into the Spider-Verse' from tmdb (score: 1.00)
[22:26:24 INF] Post-pipeline confidence for entity f97f0634-e100-4bad-9058-30de1adad83c: 0.88
[22:26:24 INF] Auto-resolving LowConfidence review for entity f97f0634-e100-4bad-9058-30de1adad83c (confidence: 0.88)
[22:26:24 INF] Cover art: downloaded poster for 'The Matrix' (107.7 KB) → C:\temp\tuvima-library\.data\assets\artwork\work\db1c32be-3b58-4f53-9a24-8b3361e9ced1\cover\543324ca665c41efb670ec3621b112ce.jpg
[22:26:24 INF] Entity f97f0634-e100-4bad-9058-30de1adad83c meets organization threshold (0.88 >= 0.70), promoting
[22:26:24 INF] Post-pipeline confidence for entity 92dfc2c3-d4e0-46db-a54c-63a7e7c457db: 0.88
[22:26:24 INF] Moved C:\temp\tuvima-watch\movies\Blade Runner 2049 (2017).mp4 → C:\temp\tuvima-library\Movies/Blade Runner 2049 (2017)/Blade Runner 2049 (2017).mp4
[22:26:24 INF] Auto-resolving LowConfidence review for entity 92dfc2c3-d4e0-46db-a54c-63a7e7c457db (confidence: 0.88)
[22:26:24 INF] Entity 92dfc2c3-d4e0-46db-a54c-63a7e7c457db meets organization threshold (0.88 >= 0.70), promoting
[22:26:24 INF] Start processing HTTP request GET https://musicbrainz.org/ws/2/recording?*
[22:26:24 INF] Sending HTTP request GET https://musicbrainz.org/ws/2/recording?*
[22:26:24 INF] Moved C:\temp\tuvima-watch\movies\Spider-Man_ Into the Spider-Verse (2018).mp4 → C:\temp\tuvima-library\Movies/Spider-Man_ Into the Spider-Verse (2018)/Spider-Man_ Into the Spider-Verse (2018).mp4
[22:26:24 INF] Promoted asset f97f0634-e100-4bad-9058-30de1adad83c from staging to library: C:\temp\tuvima-watch\movies\Blade Runner 2049 (2017).mp4 → C:\temp\tuvima-library\Movies/Blade Runner 2049 (2017)/Blade Runner 2049 (2017).mp4
[22:26:24 INF] Cover art: downloading 'Blade Runner 2049' from https://image.tmdb.org/t/p/w500/gajva2L0rPYkEWjzgFlBXCAVBE5.jpg → C:\temp\tuvima-library\.data\assets\artwork\work\8108e5bc-c0eb-42ad-9a0f-bf5e5e875294\cover\1943ac58fddc4817ba2cbd61754af9a4.jpg
[22:26:24 INF] Start processing HTTP request GET https://image.tmdb.org/t/p/w500/gajva2L0rPYkEWjzgFlBXCAVBE5.jpg
[22:26:24 INF] Sending HTTP request GET https://image.tmdb.org/t/p/w500/gajva2L0rPYkEWjzgFlBXCAVBE5.jpg
[22:26:24 INF] Promoted asset 92dfc2c3-d4e0-46db-a54c-63a7e7c457db from staging to library: C:\temp\tuvima-watch\movies\Spider-Man_ Into the Spider-Verse (2018).mp4 → C:\temp\tuvima-library\Movies/Spider-Man_ Into the Spider-Verse (2018)/Spider-Man_ Into the Spider-Verse (2018).mp4
[22:26:24 INF] Cover art: downloading 'Spider-Man: Into the Spider-Verse' from https://image.tmdb.org/t/p/w500/iiZZdoQBEYBv6id8su7ImL0oCbD.jpg → C:\temp\tuvima-library\.data\assets\artwork\work\43da301a-5b6e-406c-8b66-e5b6e352e99e\cover\38576a78ce85434a82281b6082ceceb6.jpg
[22:26:24 INF] Start processing HTTP request GET https://image.tmdb.org/t/p/w500/iiZZdoQBEYBv6id8su7ImL0oCbD.jpg
[22:26:24 INF] Sending HTTP request GET https://image.tmdb.org/t/p/w500/iiZZdoQBEYBv6id8su7ImL0oCbD.jpg
[22:26:24 INF] Received HTTP response headers after 25.453ms - 200
[22:26:24 INF] Execution attempt. Source: 'cover_download-standard//Standard-Retry', Operation Key: 'null', Result: '200', Handled: 'False', Attempt: '0', Execution Time: 26.0287ms
[22:26:24 INF] End processing HTTP request after 26.4784ms - 200
[22:26:24 INF] Received HTTP response headers after 24.7109ms - 200
[22:26:24 INF] Execution attempt. Source: 'cover_download-standard//Standard-Retry', Operation Key: 'null', Result: '200', Handled: 'False', Attempt: '0', Execution Time: 25.7279ms
[22:26:24 INF] End processing HTTP request after 26.3373ms - 200
[22:26:24 INF] Cover art: downloaded poster for 'Blade Runner 2049' (84.5 KB) → C:\temp\tuvima-library\.data\assets\artwork\work\8108e5bc-c0eb-42ad-9a0f-bf5e5e875294\cover\1943ac58fddc4817ba2cbd61754af9a4.jpg
[22:26:24 INF] Cover art: downloaded poster for 'Spider-Man: Into the Spider-Verse' (46.6 KB) → C:\temp\tuvima-library\.data\assets\artwork\work\43da301a-5b6e-406c-8b66-e5b6e352e99e\cover\38576a78ce85434a82281b6082ceceb6.jpg
[22:26:25 INF] Cover art: skipped 'Dune' — already cached on disk (C:\temp\tuvima-library\.data\assets\artwork\work\1f5912a2-35c1-43aa-8750-88a747347592\cover\a633d2aeeccf40e095ee1883f2f1a3b0.jpg)
[22:26:25 INF] Wikidata: 'Dune' identified as Q190192 via retail_text [entity 90dc3820-47fd-4b4d-9d81-64441a3a7fb0]
[22:26:25 INF] Post-pipeline confidence for entity 90dc3820-47fd-4b4d-9d81-64441a3a7fb0: 1.00
[22:26:25 INF] Entity 90dc3820-47fd-4b4d-9d81-64441a3a7fb0 meets organization threshold (0.96 >= 0.70), promoting
[22:26:25 INF] Received HTTP response headers after 654.8885ms - 200
[22:26:25 INF] Execution attempt. Source: 'comicvine-standard//Standard-Retry', Operation Key: 'null', Result: '200', Handled: 'False', Attempt: '0', Execution Time: 659.4477ms
[22:26:25 INF] End processing HTTP request after 660.7315ms - 200
[22:26:25 INF]   Ingestion: assets=105/111, resolved=32/157, pending=126, claims=3882, activeJobs=96, stable=0/4, jobStates=[BridgeSearching:4, QidResolved:4, Queued:53, ReadyWithoutUniverse:2, RetailMatched:29, RetailMatchedNeedsReview:2, RetailNoMatch:7, RetailSearching:4]
[22:26:25 INF] Received HTTP response headers after 853.935ms - 200
[22:26:25 INF] Execution attempt. Source: 'musicbrainz-standard//Standard-Retry', Operation Key: 'null', Result: '200', Handled: 'False', Attempt: '0', Execution Time: 858.2367ms
[22:26:25 INF] End processing HTTP request after 859.5431ms - 200
[22:26:25 INF] Start processing HTTP request GET https://comicvine.gamespot.com/api/search/?*
[22:26:25 INF] Sending HTTP request GET https://comicvine.gamespot.com/api/search/?*
[22:26:25 INF] Cover art: skipped 'Dune' — already cached on disk (C:\temp\tuvima-library\.data\assets\artwork\work\1f5912a2-35c1-43aa-8750-88a747347592\cover\a633d2aeeccf40e095ee1883f2f1a3b0.jpg)
[22:26:25 INF] musicbrainz/recording_album_search: zero results from API, trying next strategy
[22:26:25 INF] Provider apple_api skipped for entity 6b3f6fc5-c9ab-406b-a03c-58d85a296423 because its configured enrichment role requires an accepted identity
[22:26:25 INF] Music identity fallback queued for entity 6b3f6fc5-c9ab-406b-a03c-58d85a296423: 'Five Years' by 'David Bowie' (best retail score 0.00)
[22:26:25 INF] Wikidata: 'Le Petit Prince' identified as Q25338 via retail_text [entity e0eff41c-25af-4594-86fb-351176b6ce61]
[22:26:25 INF] Start processing HTTP request GET https://musicbrainz.org/ws/2/recording?*
[22:26:25 INF] Sending HTTP request GET https://musicbrainz.org/ws/2/recording?*
[22:26:25 INF] Post-pipeline confidence for entity e0eff41c-25af-4594-86fb-351176b6ce61: 1.00
[22:26:25 INF] Entity e0eff41c-25af-4594-86fb-351176b6ce61 meets organization threshold (1.00 >= 0.70), promoting
[22:26:25 INF] Moved C:\temp\tuvima-library\Books/Unknown/Le Petit Prince (2012)/Le Petit Prince (2012).epub → C:\temp\tuvima-library\Books/Unknown/The Little Prince (2012)/The Little Prince (2012).epub
[22:26:25 INF] Re-organized asset e0eff41c-25af-4594-86fb-351176b6ce61 after hydration (QID in path): C:\temp\tuvima-library\Books/Unknown/Le Petit Prince (2012)/Le Petit Prince (2012).epub → C:\temp\tuvima-library\Books/Unknown/The Little Prince (2012)/The Little Prince (2012).epub
[22:26:26 INF] Received HTTP response headers after 270.0462ms - 200
[22:26:26 INF] Execution attempt. Source: 'musicbrainz-standard//Standard-Retry', Operation Key: 'null', Result: '200', Handled: 'False', Attempt: '0', Execution Time: 270.738ms
[22:26:26 INF] End processing HTTP request after 273.7098ms - 200
[22:26:26 INF] Cover art: skipped 'The Little Prince' — already cached on disk (C:\temp\tuvima-library\.data\assets\artwork\work\8e1a1ccd-4a66-4b25-b28c-e64eb87c3295\cover\edac9d33cddd480e91ad92e00c2f3bc3.jpg)
[22:26:26 INF] Wikidata: 'Frankenstein' identified as Q150827 via retail_text [entity 244269e7-6119-4367-836e-6b79ac40d853]
[22:26:26 INF] Received HTTP response headers after 561.0928ms - 200
[22:26:26 INF] Execution attempt. Source: 'comicvine-standard//Standard-Retry', Operation Key: 'null', Result: '200', Handled: 'False', Attempt: '0', Execution Time: 561.8077ms
[22:26:26 INF] End processing HTTP request after 564.5554ms - 200
[22:26:26 INF] Post-pipeline confidence for entity 244269e7-6119-4367-836e-6b79ac40d853: 1.00
[22:26:26 INF] Entity 244269e7-6119-4367-836e-6b79ac40d853 meets organization threshold (1.00 >= 0.70), promoting
[22:26:26 INF] Moved C:\temp\tuvima-library\Books/Unknown/Frankenstein (1817)/Frankenstein (1817).epub → C:\temp\tuvima-library\Books/Unknown/Frankenstein; or, The Modern Prometheus (1817)/Frankenstein; or, The Modern Prometheus (1817).epub
[22:26:26 INF] Re-organized asset 244269e7-6119-4367-836e-6b79ac40d853 after hydration (QID in path): C:\temp\tuvima-library\Books/Unknown/Frankenstein (1817)/Frankenstein (1817).epub → C:\temp\tuvima-library\Books/Unknown/Frankenstein; or, The Modern Prometheus (1817)/Frankenstein; or, The Modern Prometheus (1817).epub
[22:26:26 INF] Start processing HTTP request GET https://itunes.apple.com/search?*
[22:26:26 INF] Sending HTTP request GET https://itunes.apple.com/search?*
[22:26:26 INF] Cover art: skipped 'Frankenstein; or, The Modern Prometheus' — already cached on disk (C:\temp\tuvima-library\.data\assets\artwork\work\d5a87c59-c746-493d-879f-7cd12600b234\cover\88c102e161194cc8a407e683d655bc22.jpg)
[22:26:26 INF] Wikidata: 'Caliban's War' identified as Q5019811 via retail_text [entity 4ac62186-d772-4e00-bf30-c514b50469a4]
[22:26:26 INF] Start processing HTTP request GET https://comicvine.gamespot.com/api/issues/?*
[22:26:26 INF] Sending HTTP request GET https://comicvine.gamespot.com/api/issues/?*
[22:26:26 INF] Start processing HTTP request GET https://www.wikidata.org/w/api.php?*
[22:26:26 INF] Sending HTTP request GET https://www.wikidata.org/w/api.php?*
[22:26:26 INF] Received HTTP response headers after 418.8738ms - 200
[22:26:26 INF] Execution attempt. Source: 'apple_api-standard//Standard-Retry', Operation Key: 'null', Result: '200', Handled: 'False', Attempt: '0', Execution Time: 419.4231ms
[22:26:26 INF] End processing HTTP request after 420.0588ms - 200
[22:26:26 INF] Start processing HTTP request GET https://musicbrainz.org/ws/2/recording?*
[22:26:26 INF] Sending HTTP request GET https://musicbrainz.org/ws/2/recording?*
[22:26:26 INF] Received HTTP response headers after 122.7457ms - 200
[22:26:26 INF] End processing HTTP request after 124.7551ms - 200
[22:26:27 INF] Hydration: starting for 'Harry Potter and the Philosopher's Stone' — Q43361 (entity 2eeb4d48-ea39-4141-9074-a5bc7a7f69d4)
[22:26:27 INF] Start processing HTTP request GET https://www.wikidata.org/w/api.php?*
[22:26:27 INF] Sending HTTP request GET https://www.wikidata.org/w/api.php?*
[22:26:27 INF] Quick pass starting for entity 2eeb4d48-ea39-4141-9074-a5bc7a7f69d4 (QID Q43361)
[22:26:27 INF] Received HTTP response headers after 73.0426ms - 200
[22:26:27 INF] End processing HTTP request after 77.6525ms - 200
[22:26:27 INF] Received HTTP response headers after 552.4092ms - 200
[22:26:27 INF] Execution attempt. Source: 'comicvine-standard//Standard-Retry', Operation Key: 'null', Result: '200', Handled: 'False', Attempt: '0', Execution Time: 553.2555ms
[22:26:27 INF] End processing HTTP request after 554.2558ms - 200
[22:26:27 INF] Start processing HTTP request GET https://www.wikidata.org/w/api.php?*
[22:26:27 INF] Sending HTTP request GET https://www.wikidata.org/w/api.php?*
[22:26:27 INF] Cover art: skipped 'Harry Potter and the Philosopher's Stone' — already cached on disk (C:\temp\tuvima-library\.data\assets\artwork\work\f7d29ff9-faa1-4105-b5e9-3b2414a15fe1\cover\6f789f784110459fa6cacc9ecdcfc95a.jpg)
[22:26:27 INF] Received HTTP response headers after 230.8322ms - 200
[22:26:27 INF] End processing HTTP request after 234.6954ms - 200
[22:26:27 INF] Start processing HTTP request GET https://comicvine.gamespot.com/api/volume/4050-796/?*
[22:26:27 INF] Sending HTTP request GET https://comicvine.gamespot.com/api/volume/4050-796/?*
[22:26:27 INF] Start processing HTTP request GET https://www.wikidata.org/w/api.php?*
[22:26:27 INF] Sending HTTP request GET https://www.wikidata.org/w/api.php?*
[22:26:27 INF] Received HTTP response headers after 199.2681ms - 200
[22:26:27 INF] End processing HTTP request after 208.6402ms - 200
[22:26:28 INF] Start processing HTTP request GET https://www.wikidata.org/w/api.php?*
[22:26:28 INF] Sending HTTP request GET https://www.wikidata.org/w/api.php?*
[22:26:28 INF] Received HTTP response headers after 73.1028ms - 200
[22:26:28 INF] End processing HTTP request after 78.0433ms - 200
[22:26:28 INF] Hydrated Wikidata series manifest Q19610143 (The Expanse) with 15 named items
[22:26:28 INF] CollectionAssignment: added 1 relationship(s) to collection bad1a249-14f8-4b14-a3f5-ad901b0b9d69
[22:26:28 INF] Post-pipeline confidence for entity 4ac62186-d772-4e00-bf30-c514b50469a4: 1.00
[22:26:28 INF] Entity 4ac62186-d772-4e00-bf30-c514b50469a4 meets organization threshold (1.00 >= 0.70), promoting
[22:26:28 INF] Cover art: skipped 'Caliban's War' — already cached on disk (C:\temp\tuvima-library\.data\assets\artwork\work\fe838371-b529-416e-a965-480d2958ff94\cover\64ee71837bf140d8823ff59839763ad1.jpg)
[22:26:28 INF] Wikidata: 'Good Omens' identified as Q1052459 via retail_text [entity a25c67cd-652c-42ac-93e4-2526ceb7e863]
[22:26:28 INF] Post-pipeline confidence for entity a25c67cd-652c-42ac-93e4-2526ceb7e863: 1.00
[22:26:28 INF] Entity a25c67cd-652c-42ac-93e4-2526ceb7e863 meets organization threshold (1.00 >= 0.70), promoting
[22:26:28 INF] Start processing HTTP request GET https://itunes.apple.com/lookup?*
[22:26:28 INF] Sending HTTP request GET https://itunes.apple.com/lookup?*
[22:26:28 INF] Received HTTP response headers after 1176.8767ms - 200
[22:26:28 INF] Execution attempt. Source: 'comicvine-standard//Standard-Retry', Operation Key: 'null', Result: '200', Handled: 'False', Attempt: '0', Execution Time: 1178.6472ms
[22:26:28 INF] End processing HTTP request after 1180.239ms - 200
[22:26:29 INF] Received HTTP response headers after 239.9042ms - 200
[22:26:29 INF] Execution attempt. Source: 'apple_api-standard//Standard-Retry', Operation Key: 'null', Result: '200', Handled: 'False', Attempt: '0', Execution Time: 240.6222ms
[22:26:29 INF] End processing HTTP request after 241.4312ms - 200
[22:26:29 INF] Music: persisted 16-track Apple album manifest for 'Eminem' / '8 Mile: Music from and Inspired by the Motion Picture' on root work 796775f1-a6be-405d-91d3-2fc33a7e1b62
[22:26:29 INF] Retail match found for entity 44e062a1-5867-4dea-bbee-7aaf0acac99e: 'Lose Yourself' from musicbrainz (score: 1.00)
[22:26:29 INF] Start processing HTTP request GET https://comicvine.gamespot.com/api/issues/?*
[22:26:29 INF] Sending HTTP request GET https://comicvine.gamespot.com/api/issues/?*
[22:26:29 INF] Post-pipeline confidence for entity 44e062a1-5867-4dea-bbee-7aaf0acac99e: 0.96
[22:26:29 INF] Entity 44e062a1-5867-4dea-bbee-7aaf0acac99e meets organization threshold (0.96 >= 0.70), promoting
[22:26:29 INF] Moved C:\temp\tuvima-watch\music\Eminem - Lose Yourself.flac → C:\temp\tuvima-library\Music/Unknown/8 Mile_ Music from and Inspired by the Motion Picture (2002)/01 - Lose Yourself.flac
[22:26:29 INF] Promoted asset 44e062a1-5867-4dea-bbee-7aaf0acac99e from staging to library: C:\temp\tuvima-watch\music\Eminem - Lose Yourself.flac → C:\temp\tuvima-library\Music/Unknown/8 Mile_ Music from and Inspired by the Motion Picture (2002)/01 - Lose Yourself.flac
[22:26:29 INF] Cover art: skipped 'Good Omens' — already cached on disk (C:\temp\tuvima-library\.data\assets\artwork\work\d784b3d7-30df-4dbc-bfa2-afc073ee1661\cover\7783648cf44a416d86347a19968e53ca.jpg)
[22:26:29 INF] Cover art: downloading 'Lose Yourself' from https://is1-ssl.mzstatic.com/image/thumb/Music125/v4/08/23/fc/0823fcd9-cb44-695b-32bf-b3bf51d9f800/00606949351229.rgb.jpg/600x600bb.jpg → C:\temp\tuvima-library\.data\assets\artwork\work\796775f1-a6be-405d-91d3-2fc33a7e1b62\cover\4465e018532848098da331ae7ac869b9.jpg
[22:26:29 INF] Start processing HTTP request GET https://is1-ssl.mzstatic.com/image/thumb/Music125/v4/08/23/fc/0823fcd9-cb44-695b-32bf-b3bf51d9f800/00606949351229.rgb.jpg/600x600bb.jpg
[22:26:29 INF] Sending HTTP request GET https://is1-ssl.mzstatic.com/image/thumb/Music125/v4/08/23/fc/0823fcd9-cb44-695b-32bf-b3bf51d9f800/00606949351229.rgb.jpg/600x600bb.jpg
[22:26:29 INF] Received HTTP response headers after 6.162ms - 200
[22:26:29 INF] Execution attempt. Source: 'cover_download-standard//Standard-Retry', Operation Key: 'null', Result: '200', Handled: 'False', Attempt: '0', Execution Time: 10.4461ms
[22:26:29 INF] End processing HTTP request after 10.8733ms - 200
[22:26:29 INF] Person extraction for entity 2eeb4d48-ea39-4141-9074-a5bc7a7f69d4: 1 person ref(s)
[22:26:29 INF] Start processing HTTP request GET https://www.wikidata.org/w/api.php?*
[22:26:29 INF] Sending HTTP request GET https://www.wikidata.org/w/api.php?*
[22:26:29 INF] Cover art: downloaded poster for 'Lose Yourself' (134.3 KB) → C:\temp\tuvima-library\.data\assets\artwork\work\796775f1-a6be-405d-91d3-2fc33a7e1b62\cover\4465e018532848098da331ae7ac869b9.jpg
[22:26:29 INF] Received HTTP response headers after 86.9824ms - 200
[22:26:29 INF] End processing HTTP request after 88.1006ms - 200
[22:26:29 INF] Received HTTP response headers after 330.0114ms - 200
[22:26:29 INF] Execution attempt. Source: 'comicvine-standard//Standard-Retry', Operation Key: 'null', Result: '200', Handled: 'False', Attempt: '0', Execution Time: 330.6229ms
[22:26:29 INF] End processing HTTP request after 331.408ms - 200
[22:26:29 INF] Start processing HTTP request GET https://www.wikidata.org/w/api.php?*
[22:26:29 INF] Sending HTTP request GET https://www.wikidata.org/w/api.php?*
[22:26:29 INF] Received HTTP response headers after 254.4528ms - 200
[22:26:29 INF] End processing HTTP request after 256.7721ms - 200
[22:26:29 INF] Start processing HTTP request GET https://www.wikidata.org/w/api.php?*
[22:26:29 INF] Sending HTTP request GET https://www.wikidata.org/w/api.php?*
[22:26:29 INF] Received HTTP response headers after 80.4593ms - 200
[22:26:29 INF] End processing HTTP request after 81.591ms - 200
[22:26:29 INF] Start processing HTTP request GET https://en.wikipedia.org/w/api.php?*
[22:26:29 INF] Sending HTTP request GET https://en.wikipedia.org/w/api.php?*
[22:26:29 INF] Received HTTP response headers after 61.9258ms - 200
[22:26:29 INF] End processing HTTP request after 64.8093ms - 200
[22:26:29 INF] wikidata_reconciliation: Wikipedia description for Q34660 (en): 2329 chars
[22:26:30 INF] Start processing HTTP request GET https://comicvine.gamespot.com/api/issues/?*
[22:26:30 INF] Sending HTTP request GET https://comicvine.gamespot.com/api/issues/?*
[22:26:30 INF] Start processing HTTP request GET https://en.wikipedia.org/w/api.php?*
[22:26:30 INF] Sending HTTP request GET https://en.wikipedia.org/w/api.php?*
[22:26:30 INF] Received HTTP response headers after 94.8161ms - 200
[22:26:30 INF] End processing HTTP request after 100.556ms - 200
[22:26:30 INF] wikidata_reconciliation: fetched 33 person claims for QID Q34660
[22:26:30 INF] Start processing HTTP request GET https://commons.wikimedia.org/wiki/Special:FilePath/J.%20K.%20Rowling%202010.jpg
[22:26:30 INF] Sending HTTP request GET https://commons.wikimedia.org/wiki/Special:FilePath/J.%20K.%20Rowling%202010.jpg
[22:26:30 INF] SeriesAlignmentService: scanning for unpositioned series works
[22:26:30 INF] [DESCRIPTION-INTEL-BATCH] Next run in 00:03:29.6298307
[22:26:30 INF] Received HTTP response headers after 405.6066ms - 200
[22:26:30 INF] Execution attempt. Source: 'comicvine-standard//Standard-Retry', Operation Key: 'null', Result: '200', Handled: 'False', Attempt: '0', Execution Time: 406.6627ms
[22:26:30 INF] End processing HTTP request after 409.0844ms - 200
[22:26:30 INF] Received HTTP response headers after 201.3292ms - 200
[22:26:30 INF] Execution attempt. Source: 'headshot_download-standard//Standard-Retry', Operation Key: 'null', Result: '200', Handled: 'False', Attempt: '0', Execution Time: 202.1392ms
[22:26:30 INF] End processing HTTP request after 203.0133ms - 200
[22:26:30 INF] Person J. K. Rowling: headshot downloaded to C:\temp\tuvima-library\.data\assets\people\aecf2501-470a-45b6-a63f-d88efac325ab\headshot.jpg
[22:26:30 INF] [PERF] Person enrichment aecf2501-470a-45b6-a63f-d88efac325ab ("J. K. Rowling"): 277ms (QID=Q34660, pseudonym=False)
[22:26:30 INF] Harvested 33 claims from wikidata_reconciliation for entity aecf2501-470a-45b6-a63f-d88efac325ab
[22:26:30 INF] Start processing HTTP request GET https://www.wikidata.org/w/api.php?*
[22:26:30 INF] Sending HTTP request GET https://www.wikidata.org/w/api.php?*
[22:26:30 INF]   Ingestion: assets=105/111, resolved=32/157, pending=126, claims=4208, activeJobs=96, stable=0/4, jobStates=[Hydrating:1, QidResolved:7, Queued:51, ReadyWithoutUniverse:2, RetailMatched:30, RetailMatchedNeedsReview:3, RetailNoMatch:7, RetailSearching:4]
[22:26:30 WRN] Cannot ensure model TextQuality: state is NotDownloaded
[22:26:30 WRN] Model TextQuality is unavailable
System.InvalidOperationException: Model TextQuality is not available for inference.
   at MediaEngine.AI.Infrastructure.ModelLifecycleManager.AcquireInferenceLeaseAsync(AiModelRole role, CancellationToken cancellationToken) in C:\Users\shaya\OneDrive\Documents\Source\Repos\tuvima-library\src\MediaEngine.AI\Infrastructure\ModelLifecycleManager.cs:line 128
   at MediaEngine.AI.Llama.LlamaInferenceService.InferWithOutcomeAsync(AiModelRole role, String prompt, String gbnfGrammar, InferenceRequestOptions options, CancellationToken ct) in C:\Users\shaya\OneDrive\Documents\Source\Repos\tuvima-library\src\MediaEngine.AI\Llama\LlamaInferenceService.cs:line 119
[22:26:30 WRN] SeriesAlignmentService: failed to infer position for entity 43da301a-5b6e-406c-8b66-e5b6e352e99e
System.InvalidOperationException: Model TextQuality is not available for inference.
   at MediaEngine.AI.Llama.LlamaInferenceService.GetValueOrThrow[T](InferenceOutcome`1 outcome, CancellationToken callerToken) in C:\Users\shaya\OneDrive\Documents\Source\Repos\tuvima-library\src\MediaEngine.AI\Llama\LlamaInferenceService.cs:line 227
   at MediaEngine.AI.Llama.LlamaInferenceService.InferJsonAsync[T](AiModelRole role, String prompt, String gbnfGrammar, CancellationToken ct) in C:\Users\shaya\OneDrive\Documents\Source\Repos\tuvima-library\src\MediaEngine.AI\Llama\LlamaInferenceService.cs:line 93
   at MediaEngine.AI.Features.SeriesAligner.InferPositionAsync(String workTitle, String seriesName, IReadOnlyList`1 siblingTitles, CancellationToken ct) in C:\Users\shaya\OneDrive\Documents\Source\Repos\tuvima-library\src\MediaEngine.AI\Features\SeriesAligner.cs:line 27
   at MediaEngine.Api.Services.SeriesAlignmentBackgroundService.RunAlignmentAsync(CancellationToken ct) in C:\Users\shaya\OneDrive\Documents\Source\Repos\tuvima-library\src\MediaEngine.Api\Services\SeriesAlignmentBackgroundService.cs:line 143
[22:26:30 WRN] Cannot ensure model TextQuality: state is NotDownloaded
[22:26:30 WRN] Model TextQuality is unavailable
System.InvalidOperationException: Model TextQuality is not available for inference.
   at MediaEngine.AI.Infrastructure.ModelLifecycleManager.AcquireInferenceLeaseAsync(AiModelRole role, CancellationToken cancellationToken) in C:\Users\shaya\OneDrive\Documents\Source\Repos\tuvima-library\src\MediaEngine.AI\Infrastructure\ModelLifecycleManager.cs:line 128
   at MediaEngine.AI.Llama.LlamaInferenceService.InferWithOutcomeAsync(AiModelRole role, String prompt, String gbnfGrammar, InferenceRequestOptions options, CancellationToken ct) in C:\Users\shaya\OneDrive\Documents\Source\Repos\tuvima-library\src\MediaEngine.AI\Llama\LlamaInferenceService.cs:line 119
[22:26:30 WRN] SeriesAlignmentService: failed to infer position for entity db1c32be-3b58-4f53-9a24-8b3361e9ced1
System.InvalidOperationException: Model TextQuality is not available for inference.
   at MediaEngine.AI.Llama.LlamaInferenceService.GetValueOrThrow[T](InferenceOutcome`1 outcome, CancellationToken callerToken) in C:\Users\shaya\OneDrive\Documents\Source\Repos\tuvima-library\src\MediaEngine.AI\Llama\LlamaInferenceService.cs:line 227
   at MediaEngine.AI.Llama.LlamaInferenceService.InferJsonAsync[T](AiModelRole role, String prompt, String gbnfGrammar, CancellationToken ct) in C:\Users\shaya\OneDrive\Documents\Source\Repos\tuvima-library\src\MediaEngine.AI\Llama\LlamaInferenceService.cs:line 93
   at MediaEngine.AI.Features.SeriesAligner.InferPositionAsync(String workTitle, String seriesName, IReadOnlyList`1 siblingTitles, CancellationToken ct) in C:\Users\shaya\OneDrive\Documents\Source\Repos\tuvima-library\src\MediaEngine.AI\Features\SeriesAligner.cs:line 27
   at MediaEngine.Api.Services.SeriesAlignmentBackgroundService.RunAlignmentAsync(CancellationToken ct) in C:\Users\shaya\OneDrive\Documents\Source\Repos\tuvima-library\src\MediaEngine.Api\Services\SeriesAlignmentBackgroundService.cs:line 143
[22:26:30 WRN] Cannot ensure model TextQuality: state is NotDownloaded
[22:26:30 WRN] Model TextQuality is unavailable
System.InvalidOperationException: Model TextQuality is not available for inference.
   at MediaEngine.AI.Infrastructure.ModelLifecycleManager.AcquireInferenceLeaseAsync(AiModelRole role, CancellationToken cancellationToken) in C:\Users\shaya\OneDrive\Documents\Source\Repos\tuvima-library\src\MediaEngine.AI\Infrastructure\ModelLifecycleManager.cs:line 128
   at MediaEngine.AI.Llama.LlamaInferenceService.InferWithOutcomeAsync(AiModelRole role, String prompt, String gbnfGrammar, InferenceRequestOptions options, CancellationToken ct) in C:\Users\shaya\OneDrive\Documents\Source\Repos\tuvima-library\src\MediaEngine.AI\Llama\LlamaInferenceService.cs:line 119
[22:26:30 WRN] SeriesAlignmentService: failed to infer position for entity 8108e5bc-c0eb-42ad-9a0f-bf5e5e875294
System.InvalidOperationException: Model TextQuality is not available for inference.
   at MediaEngine.AI.Llama.LlamaInferenceService.GetValueOrThrow[T](InferenceOutcome`1 outcome, CancellationToken callerToken) in C:\Users\shaya\OneDrive\Documents\Source\Repos\tuvima-library\src\MediaEngine.AI\Llama\LlamaInferenceService.cs:line 227
   at MediaEngine.AI.Llama.LlamaInferenceService.InferJsonAsync[T](AiModelRole role, String prompt, String gbnfGrammar, CancellationToken ct) in C:\Users\shaya\OneDrive\Documents\Source\Repos\tuvima-library\src\MediaEngine.AI\Llama\LlamaInferenceService.cs:line 93
   at MediaEngine.AI.Features.SeriesAligner.InferPositionAsync(String workTitle, String seriesName, IReadOnlyList`1 siblingTitles, CancellationToken ct) in C:\Users\shaya\OneDrive\Documents\Source\Repos\tuvima-library\src\MediaEngine.AI\Features\SeriesAligner.cs:line 27
   at MediaEngine.Api.Services.SeriesAlignmentBackgroundService.RunAlignmentAsync(CancellationToken ct) in C:\Users\shaya\OneDrive\Documents\Source\Repos\tuvima-library\src\MediaEngine.Api\Services\SeriesAlignmentBackgroundService.cs:line 143
[22:26:30 WRN] Cannot ensure model TextQuality: state is NotDownloaded
[22:26:30 WRN] Model TextQuality is unavailable
System.InvalidOperationException: Model TextQuality is not available for inference.
   at MediaEngine.AI.Infrastructure.ModelLifecycleManager.AcquireInferenceLeaseAsync(AiModelRole role, CancellationToken cancellationToken) in C:\Users\shaya\OneDrive\Documents\Source\Repos\tuvima-library\src\MediaEngine.AI\Infrastructure\ModelLifecycleManager.cs:line 128
   at MediaEngine.AI.Llama.LlamaInferenceService.InferWithOutcomeAsync(AiModelRole role, String prompt, String gbnfGrammar, InferenceRequestOptions options, CancellationToken ct) in C:\Users\shaya\OneDrive\Documents\Source\Repos\tuvima-library\src\MediaEngine.AI\Llama\LlamaInferenceService.cs:line 119
[22:26:30 WRN] SeriesAlignmentService: failed to infer position for entity fe838371-b529-416e-a965-480d2958ff94
System.InvalidOperationException: Model TextQuality is not available for inference.
   at MediaEngine.AI.Llama.LlamaInferenceService.GetValueOrThrow[T](InferenceOutcome`1 outcome, CancellationToken callerToken) in C:\Users\shaya\OneDrive\Documents\Source\Repos\tuvima-library\src\MediaEngine.AI\Llama\LlamaInferenceService.cs:line 227
   at MediaEngine.AI.Llama.LlamaInferenceService.InferJsonAsync[T](AiModelRole role, String prompt, String gbnfGrammar, CancellationToken ct) in C:\Users\shaya\OneDrive\Documents\Source\Repos\tuvima-library\src\MediaEngine.AI\Llama\LlamaInferenceService.cs:line 93
   at MediaEngine.AI.Features.SeriesAligner.InferPositionAsync(String workTitle, String seriesName, IReadOnlyList`1 siblingTitles, CancellationToken ct) in C:\Users\shaya\OneDrive\Documents\Source\Repos\tuvima-library\src\MediaEngine.AI\Features\SeriesAligner.cs:line 27
   at MediaEngine.Api.Services.SeriesAlignmentBackgroundService.RunAlignmentAsync(CancellationToken ct) in C:\Users\shaya\OneDrive\Documents\Source\Repos\tuvima-library\src\MediaEngine.Api\Services\SeriesAlignmentBackgroundService.cs:line 143
[22:26:30 WRN] Cannot ensure model TextQuality: state is NotDownloaded
[22:26:30 WRN] Model TextQuality is unavailable
System.InvalidOperationException: Model TextQuality is not available for inference.
   at MediaEngine.AI.Infrastructure.ModelLifecycleManager.AcquireInferenceLeaseAsync(AiModelRole role, CancellationToken cancellationToken) in C:\Users\shaya\OneDrive\Documents\Source\Repos\tuvima-library\src\MediaEngine.AI\Infrastructure\ModelLifecycleManager.cs:line 128
   at MediaEngine.AI.Llama.LlamaInferenceService.InferWithOutcomeAsync(AiModelRole role, String prompt, String gbnfGrammar, InferenceRequestOptions options, CancellationToken ct) in C:\Users\shaya\OneDrive\Documents\Source\Repos\tuvima-library\src\MediaEngine.AI\Llama\LlamaInferenceService.cs:line 119
[22:26:30 WRN] SeriesAlignmentService: failed to infer position for entity 20eca6ef-98c9-45de-98a0-075fed422b45
System.InvalidOperationException: Model TextQuality is not available for inference.
   at MediaEngine.AI.Llama.LlamaInferenceService.GetValueOrThrow[T](InferenceOutcome`1 outcome, CancellationToken callerToken) in C:\Users\shaya\OneDrive\Documents\Source\Repos\tuvima-library\src\MediaEngine.AI\Llama\LlamaInferenceService.cs:line 227
   at MediaEngine.AI.Llama.LlamaInferenceService.InferJsonAsync[T](AiModelRole role, String prompt, String gbnfGrammar, CancellationToken ct) in C:\Users\shaya\OneDrive\Documents\Source\Repos\tuvima-library\src\MediaEngine.AI\Llama\LlamaInferenceService.cs:line 93
   at MediaEngine.AI.Features.SeriesAligner.InferPositionAsync(String workTitle, String seriesName, IReadOnlyList`1 siblingTitles, CancellationToken ct) in C:\Users\shaya\OneDrive\Documents\Source\Repos\tuvima-library\src\MediaEngine.AI\Features\SeriesAligner.cs:line 27
   at MediaEngine.Api.Services.SeriesAlignmentBackgroundService.RunAlignmentAsync(CancellationToken ct) in C:\Users\shaya\OneDrive\Documents\Source\Repos\tuvima-library\src\MediaEngine.Api\Services\SeriesAlignmentBackgroundService.cs:line 143
[22:26:30 INF] SeriesAlignmentService: attempted 5 bounded suggestion(s)
[22:26:30 INF] Received HTTP response headers after 230.1777ms - 200
[22:26:30 INF] End processing HTTP request after 232.8642ms - 200
[22:26:30 INF] SeriesAlignmentService: next run in 04:33:29.1702812
[22:26:30 INF] Received HTTP response headers after 4074.2604ms - 200
[22:26:30 INF] Execution attempt. Source: 'musicbrainz-standard//Standard-Retry', Operation Key: 'null', Result: '200', Handled: 'False', Attempt: '0', Execution Time: 4077.7135ms
[22:26:30 INF] End processing HTTP request after 4078.443ms - 200
[22:26:30 INF] Start processing HTTP request GET https://musicbrainz.org/ws/2/recording?*
[22:26:30 INF] Sending HTTP request GET https://musicbrainz.org/ws/2/recording?*
[22:26:30 INF] musicbrainz/recording_album_search: zero results from API, trying next strategy
[22:26:30 INF] Provider apple_api skipped for entity cdc1c6b5-24e5-4fb5-8636-8b52caeabf25 because its configured enrichment role requires an accepted identity
[22:26:30 INF] Music identity fallback queued for entity cdc1c6b5-24e5-4fb5-8636-8b52caeabf25: 'In the Hall of the Mountain King' by 'Edvard Grieg' (best retail score 0.00)
[22:26:30 INF] Start processing HTTP request GET https://www.wikidata.org/w/api.php?*
[22:26:30 INF] Sending HTTP request GET https://www.wikidata.org/w/api.php?*
[22:26:31 INF] Start processing HTTP request GET https://comicvine.gamespot.com/api/issues/?*
[22:26:31 INF] Sending HTTP request GET https://comicvine.gamespot.com/api/issues/?*
[22:26:31 INF] Received HTTP response headers after 115.2494ms - 200
[22:26:31 INF] End processing HTTP request after 116.0614ms - 200
[22:26:31 INF] Start processing HTTP request GET https://www.wikidata.org/w/api.php?*
[22:26:31 INF] Sending HTTP request GET https://www.wikidata.org/w/api.php?*
[22:26:31 INF] Received HTTP response headers after 413.3555ms - 200
[22:26:31 INF] Execution attempt. Source: 'musicbrainz-standard//Standard-Retry', Operation Key: 'null', Result: '200', Handled: 'False', Attempt: '0', Execution Time: 414.1146ms
[22:26:31 INF] End processing HTTP request after 414.9435ms - 200
[22:26:31 INF] Received HTTP response headers after 133.6259ms - 200
[22:26:31 INF] End processing HTTP request after 138.3571ms - 200
[22:26:31 INF] musicbrainz/recording_album_search: zero results from API, trying next strategy
[22:26:31 INF] Provider apple_api skipped for entity 41619461-4ba2-4f5b-931c-4392b21c86ac because its configured enrichment role requires an accepted identity
[22:26:31 INF] Music identity fallback queued for entity 41619461-4ba2-4f5b-931c-4392b21c86ac: 'Take Five' by 'Dave Brubeck' (best retail score 0.00)
[22:26:31 INF] Start processing HTTP request GET https://www.wikidata.org/w/api.php?*
[22:26:31 INF] Sending HTTP request GET https://www.wikidata.org/w/api.php?*
[22:26:31 INF] Received HTTP response headers after 547.865ms - 200
[22:26:31 INF] Execution attempt. Source: 'comicvine-standard//Standard-Retry', Operation Key: 'null', Result: '200', Handled: 'False', Attempt: '0', Execution Time: 548.4823ms
[22:26:31 INF] End processing HTTP request after 549.1723ms - 200
[22:26:31 INF] Start processing HTTP request GET https://musicbrainz.org/ws/2/recording?*
[22:26:31 INF] Sending HTTP request GET https://musicbrainz.org/ws/2/recording?*
[22:26:32 INF] Start processing HTTP request GET https://comicvine.gamespot.com/api/issues/?*
[22:26:32 INF] Sending HTTP request GET https://comicvine.gamespot.com/api/issues/?*
[22:26:32 INF] Received HTTP response headers after 521.9177ms - 200
[22:26:32 INF] End processing HTTP request after 523.3865ms - 200
[22:26:32 INF] Start processing HTTP request GET https://www.wikidata.org/w/api.php?*
[22:26:32 INF] Sending HTTP request GET https://www.wikidata.org/w/api.php?*
[22:26:32 INF] Received HTTP response headers after 42.5218ms - 200
[22:26:32 INF] End processing HTTP request after 44.6097ms - 200
[22:26:32 INF] Start processing HTTP request GET https://www.wikidata.org/w/api.php?*
[22:26:32 INF] Sending HTTP request GET https://www.wikidata.org/w/api.php?*
[22:26:32 INF] Received HTTP response headers after 579.8931ms - 200
[22:26:32 INF] Execution attempt. Source: 'musicbrainz-standard//Standard-Retry', Operation Key: 'null', Result: '200', Handled: 'False', Attempt: '0', Execution Time: 580.8556ms
[22:26:32 INF] End processing HTTP request after 582.1948ms - 200
[22:26:32 INF] Received HTTP response headers after 45.8288ms - 200
[22:26:32 INF] End processing HTTP request after 48.5906ms - 200
[22:26:32 INF] Received HTTP response headers after 608.9422ms - 200
[22:26:32 INF] Execution attempt. Source: 'comicvine-standard//Standard-Retry', Operation Key: 'null', Result: '200', Handled: 'False', Attempt: '0', Execution Time: 609.7362ms
[22:26:32 INF] End processing HTTP request after 611.8731ms - 200
[22:26:32 INF] Start processing HTTP request GET https://itunes.apple.com/search?*
[22:26:32 INF] Sending HTTP request GET https://itunes.apple.com/search?*
[22:26:32 INF] Start processing HTTP request GET https://www.wikidata.org/w/api.php?*
[22:26:32 INF] Sending HTTP request GET https://www.wikidata.org/w/api.php?*
[22:26:32 INF] Received HTTP response headers after 70.973ms - 200
[22:26:32 INF] End processing HTTP request after 72.4727ms - 200
[22:26:32 INF] Start processing HTTP request GET https://musicbrainz.org/ws/2/recording?*
[22:26:32 INF] Sending HTTP request GET https://musicbrainz.org/ws/2/recording?*
[22:26:32 INF] Received HTTP response headers after 297.6321ms - 200
[22:26:32 INF] Execution attempt. Source: 'apple_api-standard//Standard-Retry', Operation Key: 'null', Result: '200', Handled: 'False', Attempt: '0', Execution Time: 298.1919ms
[22:26:32 INF] End processing HTTP request after 298.8217ms - 200
[22:26:32 INF] apple_api/music_search: zero results from API, trying next strategy
[22:26:33 INF] Start processing HTTP request GET https://comicvine.gamespot.com/api/issues/?*
[22:26:33 INF] Sending HTTP request GET https://comicvine.gamespot.com/api/issues/?*
[22:26:33 INF] Start processing HTTP request GET https://www.wikidata.org/w/api.php?*
[22:26:33 INF] Sending HTTP request GET https://www.wikidata.org/w/api.php?*
[22:26:33 INF] Received HTTP response headers after 63.4268ms - 200
[22:26:33 INF] End processing HTTP request after 64.938ms - 200
[22:26:33 INF] Start processing HTTP request GET https://www.wikidata.org/w/api.php?*
[22:26:33 INF] Sending HTTP request GET https://www.wikidata.org/w/api.php?*
[22:26:33 INF] Received HTTP response headers after 45.85ms - 200
[22:26:33 INF] End processing HTTP request after 47.0089ms - 200
[22:26:33 INF] Received HTTP response headers after 509.8079ms - 200
[22:26:33 INF] Execution attempt. Source: 'comicvine-standard//Standard-Retry', Operation Key: 'null', Result: '200', Handled: 'False', Attempt: '0', Execution Time: 510.4108ms
[22:26:33 INF] End processing HTTP request after 513.5708ms - 200
[22:26:33 INF] Start processing HTTP request GET https://www.wikidata.org/w/api.php?*
[22:26:33 INF] Sending HTTP request GET https://www.wikidata.org/w/api.php?*
[22:26:33 INF] Received HTTP response headers after 69.8484ms - 200
[22:26:33 INF] End processing HTTP request after 71.2641ms - 200
[22:26:34 INF] Start processing HTTP request GET https://comicvine.gamespot.com/api/issues/?*
[22:26:34 INF] Sending HTTP request GET https://comicvine.gamespot.com/api/issues/?*
[22:26:34 INF] Start processing HTTP request GET https://www.wikidata.org/w/api.php?*
[22:26:34 INF] Sending HTTP request GET https://www.wikidata.org/w/api.php?*
[22:26:34 INF] Received HTTP response headers after 58.6401ms - 200
[22:26:34 INF] End processing HTTP request after 62.3475ms - 200
[22:26:34 INF] Received HTTP response headers after 363.8918ms - 200
[22:26:34 INF] Execution attempt. Source: 'comicvine-standard//Standard-Retry', Operation Key: 'null', Result: '200', Handled: 'False', Attempt: '0', Execution Time: 364.6082ms
[22:26:34 INF] End processing HTTP request after 365.3672ms - 200
[22:26:34 INF] Start processing HTTP request GET https://www.wikidata.org/w/api.php?*
[22:26:34 INF] Sending HTTP request GET https://www.wikidata.org/w/api.php?*
[22:26:34 INF] Received HTTP response headers after 41.7283ms - 200
[22:26:34 INF] End processing HTTP request after 43.0732ms - 200
[22:26:34 INF] Start processing HTTP request GET https://itunes.apple.com/search?*
[22:26:34 INF] Sending HTTP request GET https://itunes.apple.com/search?*
[22:26:34 INF] Start processing HTTP request GET https://www.wikidata.org/w/api.php?*
[22:26:34 INF] Sending HTTP request GET https://www.wikidata.org/w/api.php?*
[22:26:34 INF] Received HTTP response headers after 84.2668ms - 200
[22:26:34 INF] End processing HTTP request after 86.9253ms - 200
[22:26:34 INF] Received HTTP response headers after 167.1741ms - 200
[22:26:34 INF] Execution attempt. Source: 'apple_api-standard//Standard-Retry', Operation Key: 'null', Result: '200', Handled: 'False', Attempt: '0', Execution Time: 167.7057ms
[22:26:34 INF] End processing HTTP request after 168.9419ms - 200
[22:26:34 INF] apple_api/music_album_search: zero results from API, trying next strategy
[22:26:34 INF] Retail match found for entity 5683e6f1-3c19-4999-8160-3227e0945089: 'Dreaming of the Crash' from musicbrainz (score: 1.00)
[22:26:34 INF] Post-pipeline confidence for entity 5683e6f1-3c19-4999-8160-3227e0945089: 0.92
[22:26:34 INF] Entity 5683e6f1-3c19-4999-8160-3227e0945089 meets organization threshold (0.92 >= 0.70), promoting
[22:26:34 INF] Moved C:\temp\tuvima-watch\music\Hans Zimmer - Dreaming of the Crash.flac → C:\temp\tuvima-library\Music/Unknown/Interstellar_ Original Motion Picture Soundtrack (2014)/01 - Dreaming of the Crash.flac
[22:26:34 INF] Promoted asset 5683e6f1-3c19-4999-8160-3227e0945089 from staging to library: C:\temp\tuvima-watch\music\Hans Zimmer - Dreaming of the Crash.flac → C:\temp\tuvima-library\Music/Unknown/Interstellar_ Original Motion Picture Soundtrack (2014)/01 - Dreaming of the Crash.flac
[22:26:35 INF] Start processing HTTP request GET https://comicvine.gamespot.com/api/issues/?*
[22:26:35 INF] Sending HTTP request GET https://comicvine.gamespot.com/api/issues/?*
[22:26:35 INF] Start processing HTTP request GET https://www.wikidata.org/w/api.php?*
[22:26:35 INF] Sending HTTP request GET https://www.wikidata.org/w/api.php?*
[22:26:35 INF] Received HTTP response headers after 91.8612ms - 200
[22:26:35 INF] End processing HTTP request after 92.8714ms - 200
[22:26:35 INF] Received HTTP response headers after 288.6947ms - 200
[22:26:35 INF] Execution attempt. Source: 'comicvine-standard//Standard-Retry', Operation Key: 'null', Result: '200', Handled: 'False', Attempt: '0', Execution Time: 289.2802ms
[22:26:35 INF] End processing HTTP request after 290.0549ms - 200
[22:26:35 INF] Start processing HTTP request GET https://www.wikidata.org/w/api.php?*
[22:26:35 INF] Sending HTTP request GET https://www.wikidata.org/w/api.php?*
[22:26:35 INF] Received HTTP response headers after 59.6667ms - 200
[22:26:35 INF] End processing HTTP request after 63.1741ms - 200
[22:26:35 INF]   Ingestion: assets=105/111, resolved=32/157, pending=126, claims=4220, activeJobs=96, stable=0/4, jobStates=[Hydrating:1, QidResolved:7, Queued:48, ReadyWithoutUniverse:2, RetailMatched:31, RetailMatchedNeedsReview:5, RetailNoMatch:7, RetailSearching:4]
[22:26:35 INF] Start processing HTTP request GET https://www.wikidata.org/w/api.php?*
[22:26:35 INF] Sending HTTP request GET https://www.wikidata.org/w/api.php?*
[22:26:35 INF] Received HTTP response headers after 41.1575ms - 200
[22:26:35 INF] End processing HTTP request after 42.3133ms - 200
[22:26:36 INF] Start processing HTTP request GET https://comicvine.gamespot.com/api/issues/?*
[22:26:36 INF] Sending HTTP request GET https://comicvine.gamespot.com/api/issues/?*
[22:26:36 INF] Start processing HTTP request GET https://www.wikidata.org/w/api.php?*
[22:26:36 INF] Sending HTTP request GET https://www.wikidata.org/w/api.php?*
[22:26:36 INF] Received HTTP response headers after 74.5144ms - 200
[22:26:36 INF] End processing HTTP request after 79.7242ms - 200
[22:26:36 INF] Received HTTP response headers after 366.4707ms - 200
[22:26:36 INF] Execution attempt. Source: 'comicvine-standard//Standard-Retry', Operation Key: 'null', Result: '200', Handled: 'False', Attempt: '0', Execution Time: 367.856ms
[22:26:36 INF] End processing HTTP request after 368.8821ms - 200
[22:26:36 INF] Start processing HTTP request GET https://www.wikidata.org/w/api.php?*
[22:26:36 INF] Sending HTTP request GET https://www.wikidata.org/w/api.php?*
[22:26:36 INF] Retail match found for entity 29493073-2ee6-4869-81c4-da27b1e64a92: 'War Is Declared' from comicvine (score: 1.00)
[22:26:36 INF] Post-pipeline confidence for entity 29493073-2ee6-4869-81c4-da27b1e64a92: 0.86
[22:26:36 INF] Auto-resolving LowConfidence review for entity 29493073-2ee6-4869-81c4-da27b1e64a92 (confidence: 0.86)
[22:26:36 INF] Entity 29493073-2ee6-4869-81c4-da27b1e64a92 meets organization threshold (0.86 >= 0.70), promoting
[22:26:36 INF] Moved C:\temp\tuvima-watch\comics\Batman_ Year One Part 2.cbz → C:\temp\tuvima-library\Comics/Batman_ Year One Part 2 (1987)/Batman_ Year One Part 2.cbz
[22:26:36 INF] Promoted asset 29493073-2ee6-4869-81c4-da27b1e64a92 from staging to library: C:\temp\tuvima-watch\comics\Batman_ Year One Part 2.cbz → C:\temp\tuvima-library\Comics/Batman_ Year One Part 2 (1987)/Batman_ Year One Part 2.cbz
[22:26:36 INF] Cover art: downloading 'Batman: Year One Part 2' from https://comicvine.gamespot.com/a/uploads/original/5/56044/1683366-batman__1940__405.jpeg → C:\temp\tuvima-library\.data\assets\artwork\work\dd84381c-7c42-4e86-b052-71914ce40a0c\cover\a20ba3a1bd7f4df1bfb2fdfa2eca544a.jpeg
[22:26:36 INF] Start processing HTTP request GET https://comicvine.gamespot.com/a/uploads/original/5/56044/1683366-batman__1940__405.jpeg
[22:26:36 INF] Sending HTTP request GET https://comicvine.gamespot.com/a/uploads/original/5/56044/1683366-batman__1940__405.jpeg
[22:26:36 INF] Received HTTP response headers after 61.8777ms - 200
[22:26:36 INF] End processing HTTP request after 64.1848ms - 200
[22:26:36 INF] Received HTTP response headers after 108.7977ms - 200
[22:26:36 INF] Execution attempt. Source: 'cover_download-standard//Standard-Retry', Operation Key: 'null', Result: '200', Handled: 'False', Attempt: '0', Execution Time: 113.1092ms
[22:26:36 INF] End processing HTTP request after 113.7879ms - 200
[22:26:36 INF] Received HTTP response headers after 3756.3003ms - 200
[22:26:36 INF] Execution attempt. Source: 'musicbrainz-standard//Standard-Retry', Operation Key: 'null', Result: '200', Handled: 'False', Attempt: '0', Execution Time: 3756.8985ms
[22:26:36 INF] End processing HTTP request after 3757.8406ms - 200
[22:26:36 INF] Start processing HTTP request GET https://www.wikidata.org/w/api.php?*
[22:26:36 INF] Sending HTTP request GET https://www.wikidata.org/w/api.php?*
[22:26:36 INF] Received HTTP response headers after 58.2549ms - 200
[22:26:36 INF] End processing HTTP request after 63.1873ms - 200
[22:26:36 INF] Start processing HTTP request GET https://musicbrainz.org/ws/2/recording?*
[22:26:36 INF] Sending HTTP request GET https://musicbrainz.org/ws/2/recording?*
[22:26:37 INF] Start processing HTTP request GET https://www.wikidata.org/w/api.php?*
[22:26:37 INF] Sending HTTP request GET https://www.wikidata.org/w/api.php?*
[22:26:37 INF] Received HTTP response headers after 92.2165ms - 200
[22:26:37 INF] End processing HTTP request after 93.8311ms - 200
[22:26:37 INF] Start processing HTTP request GET https://www.wikidata.org/w/api.php?*
[22:26:37 INF] Sending HTTP request GET https://www.wikidata.org/w/api.php?*
[22:26:37 INF] Received HTTP response headers after 157.5108ms - 200
[22:26:37 INF] End processing HTTP request after 159.5968ms - 200
[22:26:37 INF] Start processing HTTP request GET https://itunes.apple.com/search?*
[22:26:37 INF] Sending HTTP request GET https://itunes.apple.com/search?*
[22:26:37 INF] Start processing HTTP request GET https://www.wikidata.org/w/api.php?*
[22:26:37 INF] Sending HTTP request GET https://www.wikidata.org/w/api.php?*
[22:26:37 INF] Received HTTP response headers after 141.6211ms - 200
[22:26:37 INF] End processing HTTP request after 142.7417ms - 200
[22:26:37 INF] Person reconciliation auto-accepted: 'J.K. Rowling' (Author) -> Q34660 'J. K. Rowling' (score=0.91)
[22:26:37 INF] Person enrichment writeback: J.K. Rowling -> J. K. Rowling (Q34660) (role: Author)
[22:26:38 INF] Persisted reconciled person 'J. K. Rowling' (Q34660) linked to asset 2eeb4d48-ea39-4141-9074-a5bc7a7f69d4 as Author
[22:26:38 INF] Start processing HTTP request GET https://www.wikidata.org/w/api.php?*
[22:26:38 INF] Sending HTTP request GET https://www.wikidata.org/w/api.php?*
[22:26:38 INF] Received HTTP response headers after 448.9222ms - 200
[22:26:38 INF] Execution attempt. Source: 'apple_api-standard//Standard-Retry', Operation Key: 'null', Result: '200', Handled: 'False', Attempt: '0', Execution Time: 458.9918ms
[22:26:38 INF] End processing HTTP request after 460.1467ms - 200
[22:26:38 INF] Received HTTP response headers after 98.2468ms - 200
[22:26:38 INF] End processing HTTP request after 101.8658ms - 200
[22:26:38 INF] Cover art: downloaded poster for 'Batman: Year One Part 2' (9549.2 KB) → C:\temp\tuvima-library\.data\assets\artwork\work\dd84381c-7c42-4e86-b052-71914ce40a0c\cover\a20ba3a1bd7f4df1bfb2fdfa2eca544a.jpeg
[22:26:38 INF] Start processing HTTP request GET https://www.wikidata.org/w/api.php?*
[22:26:38 INF] Sending HTTP request GET https://www.wikidata.org/w/api.php?*
[22:26:38 INF] Received HTTP response headers after 116.444ms - 200
[22:26:38 INF] End processing HTTP request after 117.2925ms - 200
[22:26:38 INF] Start processing HTTP request GET https://www.wikidata.org/w/api.php?*
[22:26:38 INF] Sending HTTP request GET https://www.wikidata.org/w/api.php?*
[22:26:38 INF] Received HTTP response headers after 105.2414ms - 200
[22:26:38 INF] End processing HTTP request after 106.5531ms - 200
[22:26:39 INF] Start processing HTTP request GET https://www.wikidata.org/w/api.php?*
[22:26:39 INF] Sending HTTP request GET https://www.wikidata.org/w/api.php?*
[22:26:39 INF] Received HTTP response headers after 419.4706ms - 200
[22:26:39 INF] End processing HTTP request after 420.4433ms - 200
[22:26:39 INF] Start processing HTTP request GET https://www.wikidata.org/w/api.php?*
[22:26:39 INF] Sending HTTP request GET https://www.wikidata.org/w/api.php?*
[22:26:39 INF] Received HTTP response headers after 64.6027ms - 200
[22:26:39 INF] End processing HTTP request after 74.5498ms - 200
[22:26:40 INF] Start processing HTTP request GET https://www.wikidata.org/w/api.php?*
[22:26:40 INF] Sending HTTP request GET https://www.wikidata.org/w/api.php?*
[22:26:40 INF] Received HTTP response headers after 54.5139ms - 200
[22:26:40 INF] End processing HTTP request after 55.5949ms - 200
[22:26:40 INF] Start processing HTTP request GET https://www.wikidata.org/w/api.php?*
[22:26:40 INF] Sending HTTP request GET https://www.wikidata.org/w/api.php?*
[22:26:40 INF] Received HTTP response headers after 111.0364ms - 200
[22:26:40 INF] End processing HTTP request after 112.4354ms - 200
[22:26:40 INF]   Ingestion: assets=105/111, resolved=31/157, pending=127, claims=4265, activeJobs=96, stable=0/4, jobStates=[Hydrating:1, QidResolved:7, Queued:47, ReadyWithoutUniverse:2, RetailMatched:32, RetailMatchedNeedsReview:5, RetailNoMatch:7, RetailSearching:4]
[22:26:40 INF] Start processing HTTP request GET https://www.wikidata.org/w/api.php?*
[22:26:40 INF] Sending HTTP request GET https://www.wikidata.org/w/api.php?*
[22:26:40 INF] Received HTTP response headers after 39.4261ms - 200
[22:26:40 INF] End processing HTTP request after 40.9596ms - 200
[22:26:40 INF] Start processing HTTP request GET https://itunes.apple.com/lookup?*
[22:26:40 INF] Sending HTTP request GET https://itunes.apple.com/lookup?*
[22:26:40 INF] Received HTTP response headers after 3807.516ms - 200
[22:26:40 INF] Execution attempt. Source: 'musicbrainz-standard//Standard-Retry', Operation Key: 'null', Result: '200', Handled: 'False', Attempt: '0', Execution Time: 3808.8804ms
[22:26:40 INF] End processing HTTP request after 3814.5148ms - 200
[22:26:40 INF] Start processing HTTP request GET https://musicbrainz.org/ws/2/recording?*
[22:26:40 INF] Sending HTTP request GET https://musicbrainz.org/ws/2/recording?*
[22:26:40 INF] musicbrainz/recording_album_search: zero results from API, trying next strategy
[22:26:40 INF] Provider apple_api skipped for entity 803f66c1-fcec-4e4e-b0ca-ecd17cf9fbb7 because its configured enrichment role requires an accepted identity
[22:26:40 INF] Music identity fallback queued for entity 803f66c1-fcec-4e4e-b0ca-ecd17cf9fbb7: 'MMMBop' by 'Hanson' (best retail score 0.00)
[22:26:41 INF] Received HTTP response headers after 245.2707ms - 200
[22:26:41 INF] Execution attempt. Source: 'apple_api-standard//Standard-Retry', Operation Key: 'null', Result: '200', Handled: 'False', Attempt: '0', Execution Time: 245.9865ms
[22:26:41 INF] End processing HTTP request after 247.0335ms - 200
[22:26:41 INF] Music: persisted 14-track Apple album manifest for 'Kendrick Lamar' / 'DAMN.' on root work 8d2459e4-0ccf-4a04-8d29-5f98e9807632
[22:26:41 INF] Retail match found for entity b228d3db-f1fb-4179-8ff6-9dc47e8db22d: 'BLOOD.' from musicbrainz (score: 0.90)
[22:26:41 INF] Start processing HTTP request GET https://www.wikidata.org/w/api.php?*
[22:26:41 INF] Sending HTTP request GET https://www.wikidata.org/w/api.php?*
[22:26:41 INF] Post-pipeline confidence for entity b228d3db-f1fb-4179-8ff6-9dc47e8db22d: 0.96
[22:26:41 INF] Entity b228d3db-f1fb-4179-8ff6-9dc47e8db22d meets organization threshold (0.96 >= 0.70), promoting
[22:26:41 INF] Moved C:\temp\tuvima-watch\music\Kendrick Lamar - BLOOD..flac → C:\temp\tuvima-library\Music/Unknown/DAMN. (2017)/01 - BLOOD..flac
[22:26:41 INF] Promoted asset b228d3db-f1fb-4179-8ff6-9dc47e8db22d from staging to library: C:\temp\tuvima-watch\music\Kendrick Lamar - BLOOD..flac → C:\temp\tuvima-library\Music/Unknown/DAMN. (2017)/01 - BLOOD..flac
[22:26:41 INF] Cover art: downloading 'BLOOD.' from https://is1-ssl.mzstatic.com/image/thumb/Music112/v4/ab/16/ef/ab16efe9-e7f1-66ec-021c-5592a23f0f9e/17UMGIM88793.rgb.jpg/600x600bb.jpg → C:\temp\tuvima-library\.data\assets\artwork\work\8d2459e4-0ccf-4a04-8d29-5f98e9807632\cover\b9e389c3e70747409df652fc48ae5a8d.jpg
[22:26:41 INF] Start processing HTTP request GET https://is1-ssl.mzstatic.com/image/thumb/Music112/v4/ab/16/ef/ab16efe9-e7f1-66ec-021c-5592a23f0f9e/17UMGIM88793.rgb.jpg/600x600bb.jpg
[22:26:41 INF] Sending HTTP request GET https://is1-ssl.mzstatic.com/image/thumb/Music112/v4/ab/16/ef/ab16efe9-e7f1-66ec-021c-5592a23f0f9e/17UMGIM88793.rgb.jpg/600x600bb.jpg
[22:26:41 INF] Received HTTP response headers after 9.801ms - 200
[22:26:41 INF] Execution attempt. Source: 'cover_download-standard//Standard-Retry', Operation Key: 'null', Result: '200', Handled: 'False', Attempt: '0', Execution Time: 11.2978ms
[22:26:41 INF] End processing HTTP request after 11.7246ms - 200
[22:26:41 INF] Received HTTP response headers after 45.3394ms - 200
[22:26:41 INF] End processing HTTP request after 46.7689ms - 200
[22:26:41 INF] Cover art: downloaded poster for 'BLOOD.' (87.6 KB) → C:\temp\tuvima-library\.data\assets\artwork\work\8d2459e4-0ccf-4a04-8d29-5f98e9807632\cover\b9e389c3e70747409df652fc48ae5a8d.jpg
[22:26:41 INF] Start processing HTTP request GET https://www.wikidata.org/w/api.php?*
[22:26:41 INF] Sending HTTP request GET https://www.wikidata.org/w/api.php?*
[22:26:41 INF] Received HTTP response headers after 64.7801ms - 200
[22:26:41 INF] End processing HTTP request after 66.0538ms - 200
[22:26:41 INF] Person reconciliation auto-accepted: 'J. K. Rowling' (Author) -> Q34660 'J. K. Rowling' (score=0.91)
[22:26:41 INF] Person enrichment writeback: J. K. Rowling -> J. K. Rowling (Q34660) (role: Author)
[22:26:41 INF] Persisted reconciled person 'J. K. Rowling' (Q34660) linked to asset 2eeb4d48-ea39-4141-9074-a5bc7a7f69d4 as Author
[22:26:41 INF] Start processing HTTP request GET https://www.wikidata.org/w/api.php?*
[22:26:41 INF] Sending HTTP request GET https://www.wikidata.org/w/api.php?*
[22:26:41 INF] Received HTTP response headers after 85.0062ms - 200
[22:26:41 INF] End processing HTTP request after 89.1713ms - 200
[22:26:41 INF] Received HTTP response headers after 1083.682ms - 200
[22:26:41 INF] Execution attempt. Source: 'musicbrainz-standard//Standard-Retry', Operation Key: 'null', Result: '200', Handled: 'False', Attempt: '0', Execution Time: 1084.3231ms
[22:26:41 INF] End processing HTTP request after 1085.6682ms - 200
[22:26:41 INF] Start processing HTTP request GET https://musicbrainz.org/ws/2/recording?*
[22:26:41 INF] Sending HTTP request GET https://musicbrainz.org/ws/2/recording?*
[22:26:41 INF] musicbrainz/recording_album_search: zero results from API, trying next strategy
[22:26:41 INF] Provider apple_api skipped for entity e20e7f5d-21f7-4ec2-b6ce-478c0bb1cc5e because its configured enrichment role requires an accepted identity
[22:26:41 INF] Music identity fallback queued for entity e20e7f5d-21f7-4ec2-b6ce-478c0bb1cc5e: '4'33"' by 'John Cage' (best retail score 0.00)
[22:26:42 INF] Start processing HTTP request GET https://www.wikidata.org/w/api.php?*
[22:26:42 INF] Sending HTTP request GET https://www.wikidata.org/w/api.php?*
[22:26:42 INF] Received HTTP response headers after 114.9487ms - 200
[22:26:42 INF] End processing HTTP request after 121.9588ms - 200
[22:26:42 INF] Start processing HTTP request GET https://www.wikidata.org/w/api.php?*
[22:26:42 INF] Sending HTTP request GET https://www.wikidata.org/w/api.php?*
[22:26:42 INF] Received HTTP response headers after 153.5164ms - 200
[22:26:42 INF] End processing HTTP request after 157.3584ms - 200
[22:26:42 INF] Start processing HTTP request GET https://www.wikidata.org/w/api.php?*
[22:26:42 INF] Sending HTTP request GET https://www.wikidata.org/w/api.php?*
[22:26:42 INF] Received HTTP response headers after 257.0864ms - 200
[22:26:42 INF] End processing HTTP request after 258.6229ms - 200
[22:26:43 INF] Start processing HTTP request GET https://www.wikidata.org/w/api.php?*
[22:26:43 INF] Sending HTTP request GET https://www.wikidata.org/w/api.php?*
[22:26:43 INF] Received HTTP response headers after 59.2805ms - 200
[22:26:43 INF] End processing HTTP request after 61.9091ms - 200
[22:26:43 INF] Start processing HTTP request GET https://www.wikidata.org/w/api.php?*
[22:26:43 INF] Sending HTTP request GET https://www.wikidata.org/w/api.php?*
[22:26:43 INF] Received HTTP response headers after 65.8268ms - 200
[22:26:43 INF] End processing HTTP request after 73.982ms - 200
[22:26:43 INF] Start processing HTTP request GET https://www.wikidata.org/w/api.php?*
[22:26:43 INF] Sending HTTP request GET https://www.wikidata.org/w/api.php?*
[22:26:43 INF] Received HTTP response headers after 65.372ms - 200
[22:26:43 INF] End processing HTTP request after 66.626ms - 200
[22:26:44 INF] Start processing HTTP request GET https://www.wikidata.org/w/api.php?*
[22:26:44 INF] Sending HTTP request GET https://www.wikidata.org/w/api.php?*
[22:26:44 INF] Received HTTP response headers after 55.2256ms - 200
[22:26:44 INF] End processing HTTP request after 57.2234ms - 200
[22:26:44 INF] Start processing HTTP request GET https://www.wikidata.org/w/api.php?*
[22:26:44 INF] Sending HTTP request GET https://www.wikidata.org/w/api.php?*
[22:26:44 INF] Received HTTP response headers after 64.3096ms - 200
[22:26:44 INF] End processing HTTP request after 71.5855ms - 200
[22:26:44 INF] Start processing HTTP request GET https://www.wikidata.org/w/api.php?*
[22:26:44 INF] Sending HTTP request GET https://www.wikidata.org/w/api.php?*
[22:26:44 INF] Received HTTP response headers after 100.2128ms - 200
[22:26:44 INF] End processing HTTP request after 103.6416ms - 200
[22:26:45 INF] Start processing HTTP request GET https://www.wikidata.org/w/api.php?*
[22:26:45 INF] Sending HTTP request GET https://www.wikidata.org/w/api.php?*
[22:26:45 INF] Received HTTP response headers after 54.0356ms - 200
[22:26:45 INF] End processing HTTP request after 72.1508ms - 200
[22:26:45 INF] Start processing HTTP request GET https://www.wikidata.org/w/api.php?*
[22:26:45 INF] Sending HTTP request GET https://www.wikidata.org/w/api.php?*
[22:26:45 INF] Received HTTP response headers after 81.988ms - 200
[22:26:45 INF] End processing HTTP request after 86.2098ms - 200
[22:26:45 INF]   Ingestion: assets=105/111, resolved=31/157, pending=127, claims=4265, activeJobs=96, stable=1/4, jobStates=[Hydrating:1, QidResolved:7, Queued:44, ReadyWithoutUniverse:2, RetailMatched:33, RetailMatchedNeedsReview:7, RetailNoMatch:7, RetailSearching:4]
[22:26:45 INF] Start processing HTTP request GET https://www.wikidata.org/w/api.php?*
[22:26:45 INF] Sending HTTP request GET https://www.wikidata.org/w/api.php?*
[22:26:45 INF] Received HTTP response headers after 123.9786ms - 200
[22:26:45 INF] End processing HTTP request after 126.6643ms - 200
[22:26:45 INF] Received HTTP response headers after 4026.9479ms - 200
[22:26:45 INF] Execution attempt. Source: 'musicbrainz-standard//Standard-Retry', Operation Key: 'null', Result: '200', Handled: 'False', Attempt: '0', Execution Time: 4027.6387ms
[22:26:45 INF] End processing HTTP request after 4028.1436ms - 200
[22:26:46 INF] Start processing HTTP request GET https://www.wikidata.org/w/api.php?*
[22:26:46 INF] Sending HTTP request GET https://www.wikidata.org/w/api.php?*
[22:26:46 INF] Received HTTP response headers after 59.1334ms - 200
[22:26:46 INF] End processing HTTP request after 60.2333ms - 200
[22:26:46 INF] Start processing HTTP request GET https://musicbrainz.org/ws/2/recording?*
[22:26:46 INF] Sending HTTP request GET https://musicbrainz.org/ws/2/recording?*
[22:26:46 INF] Start processing HTTP request GET https://www.wikidata.org/w/api.php?*
[22:26:46 INF] Start processing HTTP request GET https://itunes.apple.com/search?*
[22:26:46 INF] Sending HTTP request GET https://itunes.apple.com/search?*
[22:26:46 INF] Sending HTTP request GET https://www.wikidata.org/w/api.php?*
[22:26:46 INF] Received HTTP response headers after 66.513ms - 200
[22:26:46 INF] End processing HTTP request after 70.5963ms - 200
[22:26:46 WRN] [HarnessReset] Failed to resume ingestion engine
System.OperationCanceledException: The operation was canceled.
   at System.Threading.CancellationToken.ThrowOperationCanceledException()
   at System.Threading.CancellationToken.ThrowIfCancellationRequested()
   at MediaEngine.Ingestion.IngestionEngine.MediaEngine.Ingestion.Contracts.IIngestionEngine.ResumeWatcherAsync(CancellationToken ct) in C:\Users\shaya\OneDrive\Documents\Source\Repos\tuvima-library\src\MediaEngine.Ingestion\IngestionEngine.cs:line 434
   at MediaEngine.Api.DevSupport.DevHarnessResetService.ResumeWatcherAsync(List`1 details, CancellationToken ct) in C:\Users\shaya\OneDrive\Documents\Source\Repos\tuvima-library\src\MediaEngine.Api\DevSupport\DevHarnessResetService.cs:line 132
[22:26:46 INF] Start processing HTTP request GET https://www.wikidata.org/w/api.php?*
[22:26:46 INF] Sending HTTP request GET https://www.wikidata.org/w/api.php?*
[22:26:46 INF] Received HTTP response headers after 54.0587ms - 200
[22:26:46 INF] End processing HTTP request after 55.6829ms - 200
[22:26:46 INF] Received HTTP response headers after 396.1279ms - 200
[22:26:46 INF] Execution attempt. Source: 'apple_api-standard//Standard-Retry', Operation Key: 'null', Result: '200', Handled: 'False', Attempt: '0', Execution Time: 397.1766ms
[22:26:46 INF] End processing HTTP request after 399.4304ms - 200
[22:26:46 INF] Start processing HTTP request GET https://itunes.apple.com/lookup?*
[22:26:46 INF] Sending HTTP request GET https://itunes.apple.com/lookup?*
[22:26:46 INF] Received HTTP response headers after 543.7615ms - 200
[22:26:46 INF] Execution attempt. Source: 'musicbrainz-standard//Standard-Retry', Operation Key: 'null', Result: '200', Handled: 'False', Attempt: '0', Execution Time: 545.3277ms
[22:26:46 INF] End processing HTTP request after 546.8645ms - 200
[22:26:46 INF] Received HTTP response headers after 145.0495ms - 200
[22:26:46 INF] Execution attempt. Source: 'apple_api-standard//Standard-Retry', Operation Key: 'null', Result: '200', Handled: 'False', Attempt: '0', Execution Time: 145.9962ms
[22:26:46 INF] End processing HTTP request after 150.6952ms - 200
[22:26:46 INF] Music: persisted 10-track Apple album manifest for 'John Lennon' / 'Imagine' on root work f1d9e2c0-4786-4773-ba9f-6ebd280dbe5c
[22:26:46 INF] Retail match found for entity 7f38362b-c35c-43fe-aa26-314094a98076: 'Imagine' from musicbrainz (score: 0.90)
[22:26:46 INF] Post-pipeline confidence for entity 7f38362b-c35c-43fe-aa26-314094a98076: 0.96
[22:26:46 INF] Entity 7f38362b-c35c-43fe-aa26-314094a98076 meets organization threshold (0.96 >= 0.70), promoting
[22:26:46 INF] Moved C:\temp\tuvima-watch\music\John Lennon - Imagine.flac → C:\temp\tuvima-library\Music/Unknown/Imagine (1971)/01 - Imagine.flac
[22:26:46 INF] Promoted asset 7f38362b-c35c-43fe-aa26-314094a98076 from staging to library: C:\temp\tuvima-watch\music\John Lennon - Imagine.flac → C:\temp\tuvima-library\Music/Unknown/Imagine (1971)/01 - Imagine.flac
[22:26:46 INF] Cover art: downloading 'Imagine' from https://is1-ssl.mzstatic.com/image/thumb/Music126/v4/21/e3/b0/21e3b048-c917-92c4-bd7d-ace44797b388/13UABIM52808.rgb.jpg/600x600bb.jpg → C:\temp\tuvima-library\.data\assets\artwork\work\f1d9e2c0-4786-4773-ba9f-6ebd280dbe5c\cover\cd8af894c1d949f8a7bae0f2e9b70f82.jpg
[22:26:46 INF] Start processing HTTP request GET https://is1-ssl.mzstatic.com/image/thumb/Music126/v4/21/e3/b0/21e3b048-c917-92c4-bd7d-ace44797b388/13UABIM52808.rgb.jpg/600x600bb.jpg
[22:26:46 INF] Sending HTTP request GET https://is1-ssl.mzstatic.com/image/thumb/Music126/v4/21/e3/b0/21e3b048-c917-92c4-bd7d-ace44797b388/13UABIM52808.rgb.jpg/600x600bb.jpg
[22:26:47 INF] Received HTTP response headers after 8.3067ms - 200
[22:26:47 INF] Execution attempt. Source: 'cover_download-standard//Standard-Retry', Operation Key: 'null', Result: '200', Handled: 'False', Attempt: '0', Execution Time: 9.7757ms
[22:26:47 INF] End processing HTTP request after 10.37ms - 200
[22:26:47 INF] Start processing HTTP request GET https://www.wikidata.org/w/api.php?*
[22:26:47 INF] Sending HTTP request GET https://www.wikidata.org/w/api.php?*
[22:26:47 INF] Cover art: downloaded poster for 'Imagine' (118.9 KB) → C:\temp\tuvima-library\.data\assets\artwork\work\f1d9e2c0-4786-4773-ba9f-6ebd280dbe5c\cover\cd8af894c1d949f8a7bae0f2e9b70f82.jpg
[22:26:47 INF] Received HTTP response headers after 141.8104ms - 200
[22:26:47 INF] End processing HTTP request after 143.7609ms - 200
[22:26:47 INF] Start processing HTTP request GET https://musicbrainz.org/ws/2/recording?*
[22:26:47 INF] Sending HTTP request GET https://musicbrainz.org/ws/2/recording?*
[22:26:47 INF] Start processing HTTP request GET https://www.wikidata.org/w/api.php?*
[22:26:47 INF] Sending HTTP request GET https://www.wikidata.org/w/api.php?*
[22:26:47 INF] Received HTTP response headers after 98.3787ms - 200
[22:26:47 INF] End processing HTTP request after 99.5287ms - 200
[22:26:47 INF] Start processing HTTP request GET https://www.wikidata.org/w/api.php?*
[22:26:47 INF] Sending HTTP request GET https://www.wikidata.org/w/api.php?*
[22:26:47 INF] Received HTTP response headers after 78.74ms - 200
[22:26:47 INF] End processing HTTP request after 80.278ms - 200
[22:26:47 INF] Person reconciliation auto-accepted: 'Stephen Fry' (Narrator) -> Q192912 'Stephen Fry' (score=0.86)
[22:26:47 INF] Person enrichment writeback: Stephen Fry -> Stephen Fry (Q192912) (role: Narrator)
[22:26:47 INF] Persisted reconciled person 'Stephen Fry' (Q192912) linked to asset 2eeb4d48-ea39-4141-9074-a5bc7a7f69d4 as Narrator
[22:26:48 INF] Start processing HTTP request GET https://www.wikidata.org/w/api.php?*
[22:26:48 INF] Sending HTTP request GET https://www.wikidata.org/w/api.php?*
[22:26:48 INF] Received HTTP response headers after 512.6762ms - 200
[22:26:48 INF] End processing HTTP request after 515.0153ms - 200
[22:26:48 INF] Start processing HTTP request GET https://www.wikidata.org/w/api.php?*
[22:26:48 INF] Sending HTTP request GET https://www.wikidata.org/w/api.php?*
[22:26:48 INF] Received HTTP response headers after 68.5589ms - 200
[22:26:48 INF] End processing HTTP request after 69.3456ms - 200
[22:26:48 INF] Start processing HTTP request GET https://en.wikipedia.org/w/api.php?*
[22:26:48 INF] Sending HTTP request GET https://en.wikipedia.org/w/api.php?*
[22:26:48 INF] Received HTTP response headers after 51.9258ms - 200
[22:26:48 INF] End processing HTTP request after 53.7018ms - 200
[22:26:48 INF] wikidata_reconciliation: Wikipedia description for Q192912 (en): 2563 chars
[22:26:48 INF] Start processing HTTP request GET https://en.wikipedia.org/w/api.php?*
[22:26:48 INF] Sending HTTP request GET https://en.wikipedia.org/w/api.php?*
[22:26:49 INF] Received HTTP response headers after 103.5628ms - 200
[22:26:49 INF] End processing HTTP request after 109.4902ms - 200
[22:26:49 INF] wikidata_reconciliation: fetched 57 person claims for QID Q192912
[22:26:49 INF] Start processing HTTP request GET https://commons.wikimedia.org/wiki/Special:FilePath/Stephen%20Fry%20%282016%29.jpg
[22:26:49 INF] Sending HTTP request GET https://commons.wikimedia.org/wiki/Special:FilePath/Stephen%20Fry%20%282016%29.jpg
[22:26:49 INF] Received HTTP response headers after 154.7517ms - 200
[22:26:49 INF] Execution attempt. Source: 'headshot_download-standard//Standard-Retry', Operation Key: 'null', Result: '200', Handled: 'False', Attempt: '0', Execution Time: 155.4985ms
[22:26:49 INF] End processing HTTP request after 158.3322ms - 200
[22:26:49 INF] Person Stephen Fry: headshot downloaded to C:\temp\tuvima-library\.data\assets\people\461778f3-ba05-4bc3-9582-1a3b0c12a11c\headshot.jpg
[22:26:49 INF] [PERF] Person enrichment 461778f3-ba05-4bc3-9582-1a3b0c12a11c ("Stephen Fry"): 206ms (QID=Q192912, pseudonym=False)
[22:26:49 INF] Harvested 57 claims from wikidata_reconciliation for entity 461778f3-ba05-4bc3-9582-1a3b0c12a11c
[22:26:49 INF] Start processing HTTP request GET https://www.wikidata.org/w/api.php?*
[22:26:49 INF] Sending HTTP request GET https://www.wikidata.org/w/api.php?*
[22:26:49 INF] Received HTTP response headers after 94.9249ms - 200
[22:26:49 INF] End processing HTTP request after 101.5622ms - 200
[22:26:49 INF] Start processing HTTP request GET https://www.wikidata.org/w/api.php?*
[22:26:49 INF] Sending HTTP request GET https://www.wikidata.org/w/api.php?*
[22:26:49 INF] Start processing HTTP request GET https://itunes.apple.com/search?*
[22:26:49 INF] Sending HTTP request GET https://itunes.apple.com/search?*
[22:26:49 INF] Received HTTP response headers after 138.9066ms - 200
[22:26:49 INF] End processing HTTP request after 140.3268ms - 200
[22:26:50 INF] Start processing HTTP request GET https://www.wikidata.org/w/api.php?*
[22:26:50 INF] Sending HTTP request GET https://www.wikidata.org/w/api.php?*
[22:26:50 INF] Received HTTP response headers after 326.1272ms - 200
[22:26:50 INF] Execution attempt. Source: 'apple_api-standard//Standard-Retry', Operation Key: 'null', Result: '200', Handled: 'False', Attempt: '0', Execution Time: 326.6455ms
[22:26:50 INF] End processing HTTP request after 328.2849ms - 200
[22:26:50 INF] Received HTTP response headers after 124.8028ms - 200
[22:26:50 INF] End processing HTTP request after 125.856ms - 200
[22:26:50 INF] Wikidata: leased 41 job(s) for bridge resolution
[22:26:50 INF] AudioTagger: wrote 8 tags to C:\temp\tuvima-library\Audiobooks/Unknown/Harry Potter and the Philosopher's Stone (2024)/Harry Potter and the Philosopher's Stone.mp3
[22:26:50 INF] WriteBack: wrote 8 fields to C:\temp\tuvima-library\Audiobooks/Unknown/Harry Potter and the Philosopher's Stone (2024)/Harry Potter and the Philosopher's Stone.mp3 (trigger: quick_hydration)
[22:26:50 INF] Quick pass completed for entity 2eeb4d48-ea39-4141-9074-a5bc7a7f69d4
[22:26:50 INF] Post-pipeline confidence for entity 2eeb4d48-ea39-4141-9074-a5bc7a7f69d4: 1.00
[22:26:50 INF] Entity 2eeb4d48-ea39-4141-9074-a5bc7a7f69d4 meets organization threshold (0.97 >= 0.70), promoting
[22:26:50 INF] [UNIVERSE-ENRICH] Queued inline Stage 3 item 2eeb4d48-ea39-4141-9074-a5bc7a7f69d4 (Harry Potter and the Philosopher's Stone) in batch audiobook:collection:a3412539-2371-47ad-bdf1-96dab86b36c9
[22:26:50 INF] Hydration ready for Stage 3: 'Harry Potter and the Philosopher's Stone' — Q43361 (Audiobooks) [entity 2eeb4d48-ea39-4141-9074-a5bc7a7f69d4]
[22:26:50 INF] Hydration: starting for 'Harry Potter and the Chamber of Secrets' — Q47209 (entity f486dc48-ed11-4355-979d-21a37b768d6f)
[22:26:50 INF] Quick pass starting for entity f486dc48-ed11-4355-979d-21a37b768d6f (QID Q47209)
[22:26:50 INF] Wikidata: dispatching 41 job(s) to ResolveBatchAsync - 9 music, 32 with bridge IDs, 0 non-music title-only request(s) expected to be skipped
[22:26:50 INF] Start processing HTTP request GET https://www.wikidata.org/w/api.php?*
[22:26:50 INF] Sending HTTP request GET https://www.wikidata.org/w/api.php?*
[22:26:50 INF] Cover art: skipped 'Harry Potter and the Chamber of Secrets' — already cached on disk (C:\temp\tuvima-library\.data\assets\artwork\work\20eca6ef-98c9-45de-98a0-075fed422b45\cover\29be2fabf3a64e4b960e60f0cf04db05.jpg)
[22:26:50 INF] Received HTTP response headers after 60.7723ms - 200
[22:26:50 INF] End processing HTTP request after 66.0906ms - 200
[22:26:50 INF] Start processing HTTP request GET https://www.wikidata.org/w/api.php?*
[22:26:50 INF] Sending HTTP request GET https://www.wikidata.org/w/api.php?*
[22:26:51 INF] Received HTTP response headers after 77.1597ms - 200
[22:26:51 INF] End processing HTTP request after 86.3786ms - 200
[22:26:51 INF] Received HTTP response headers after 3867.04ms - 200
[22:26:51 INF] Execution attempt. Source: 'musicbrainz-standard//Standard-Retry', Operation Key: 'null', Result: '200', Handled: 'False', Attempt: '0', Execution Time: 3870.7823ms
[22:26:51 INF] End processing HTTP request after 3872.4855ms - 200
[22:26:51 INF] Start processing HTTP request GET https://www.wikidata.org/w/api.php?*
[22:26:51 INF] Sending HTTP request GET https://www.wikidata.org/w/api.php?*
[22:26:51 INF] Start processing HTTP request GET https://musicbrainz.org/ws/2/recording?*
[22:26:51 INF] musicbrainz/recording_album_search: zero results from API, trying next strategy
[22:26:51 INF] Sending HTTP request GET https://musicbrainz.org/ws/2/recording?*
[22:26:51 INF] Provider apple_api skipped for entity 9756e2f4-ec9b-420b-9762-175a782a4193 because its configured enrichment role requires an accepted identity
[22:26:51 INF] Received HTTP response headers after 56.2762ms - 200
[22:26:51 INF] End processing HTTP request after 57.6168ms - 200
[22:26:51 INF] Music identity fallback queued for entity 9756e2f4-ec9b-420b-9762-175a782a4193: 'Across the Stars' by 'John Williams' (best retail score 0.00)
[22:26:51 INF] Start processing HTTP request GET https://www.wikidata.org/w/api.php?*
[22:26:51 INF] Sending HTTP request GET https://www.wikidata.org/w/api.php?*
[22:26:51 INF] Received HTTP response headers after 50.2689ms - 200
[22:26:51 INF] End processing HTTP request after 56.7973ms - 200
[22:26:51 INF] Received HTTP response headers after 413.1535ms - 200
[22:26:51 INF] Execution attempt. Source: 'musicbrainz-standard//Standard-Retry', Operation Key: 'null', Result: '200', Handled: 'False', Attempt: '0', Execution Time: 415.3163ms
[22:26:51 INF] End processing HTTP request after 425.5076ms - 200
[22:26:51 INF] Start processing HTTP request GET https://www.wikidata.org/w/api.php?*
[22:26:51 INF] Sending HTTP request GET https://www.wikidata.org/w/api.php?*
[22:26:52 INF] Received HTTP response headers after 149.1368ms - 200
[22:26:52 INF] End processing HTTP request after 152.6896ms - 200
[22:26:52 INF] Start processing HTTP request GET https://www.wikidata.org/w/api.php?*
[22:26:52 INF] Sending HTTP request GET https://www.wikidata.org/w/api.php?*
[22:26:52 INF] Start processing HTTP request GET https://musicbrainz.org/ws/2/recording?*
[22:26:52 INF] Sending HTTP request GET https://musicbrainz.org/ws/2/recording?*
[22:26:52 INF] Received HTTP response headers after 76.7134ms - 200
[22:26:52 INF] End processing HTTP request after 79.3006ms - 200
[22:26:52 INF] Start processing HTTP request GET https://www.wikidata.org/w/api.php?*
[22:26:52 INF] Sending HTTP request GET https://www.wikidata.org/w/api.php?*
[22:26:52 INF] Received HTTP response headers after 44.9044ms - 200
[22:26:52 INF] End processing HTTP request after 51.3319ms - 200
[22:26:52 INF] Start processing HTTP request GET https://itunes.apple.com/lookup?*
[22:26:52 INF] Sending HTTP request GET https://itunes.apple.com/lookup?*
[22:26:52 INF] Received HTTP response headers after 150.3457ms - 200
[22:26:52 INF] Execution attempt. Source: 'apple_api-standard//Standard-Retry', Operation Key: 'null', Result: '200', Handled: 'False', Attempt: '0', Execution Time: 151.0965ms
[22:26:52 INF] End processing HTTP request after 151.8243ms - 200
[22:26:52 INF] Music: persisted 12-track Apple album manifest for 'Hans Zimmer' / 'Inception (Music from the Motion Picture)' on root work 75577a90-eaeb-48b6-aa52-5d2201ac1fbb
[22:26:52 INF] Retail match found for entity 75d29010-a3e0-45ca-a1f3-cd6870b44b94: 'Time' from musicbrainz (score: 1.00)
[22:26:52 INF] Start processing HTTP request GET https://www.wikidata.org/w/api.php?*
[22:26:52 INF] Sending HTTP request GET https://www.wikidata.org/w/api.php?*
[22:26:52 INF] Post-pipeline confidence for entity 75d29010-a3e0-45ca-a1f3-cd6870b44b94: 0.96
[22:26:52 INF] Entity 75d29010-a3e0-45ca-a1f3-cd6870b44b94 meets organization threshold (0.96 >= 0.70), promoting
[22:26:52 INF] Moved C:\temp\tuvima-watch\music\Hans Zimmer - Time.flac → C:\temp\tuvima-library\Music/Unknown/Inception (Music from the Motion Picture) (2010)/12 - Time.flac
[22:26:52 INF] Promoted asset 75d29010-a3e0-45ca-a1f3-cd6870b44b94 from staging to library: C:\temp\tuvima-watch\music\Hans Zimmer - Time.flac → C:\temp\tuvima-library\Music/Unknown/Inception (Music from the Motion Picture) (2010)/12 - Time.flac
[22:26:52 INF] Cover art: downloading 'Time' from https://is1-ssl.mzstatic.com/image/thumb/Music221/v4/2b/62/eb/2b62ebd7-aa99-988a-0fee-714162f6fbeb/093624965008.jpg/600x600bb.jpg → C:\temp\tuvima-library\.data\assets\artwork\work\75577a90-eaeb-48b6-aa52-5d2201ac1fbb\cover\c96a71ff78ae4f64941a411f779e8bee.jpg
[22:26:52 INF] Start processing HTTP request GET https://is1-ssl.mzstatic.com/image/thumb/Music221/v4/2b/62/eb/2b62ebd7-aa99-988a-0fee-714162f6fbeb/093624965008.jpg/600x600bb.jpg
[22:26:52 INF] Sending HTTP request GET https://is1-ssl.mzstatic.com/image/thumb/Music221/v4/2b/62/eb/2b62ebd7-aa99-988a-0fee-714162f6fbeb/093624965008.jpg/600x600bb.jpg
[22:26:52 INF] Received HTTP response headers after 8.2505ms - 200
[22:26:52 INF] Execution attempt. Source: 'cover_download-standard//Standard-Retry', Operation Key: 'null', Result: '200', Handled: 'False', Attempt: '0', Execution Time: 8.9129ms
[22:26:52 INF] End processing HTTP request after 9.3151ms - 200
[22:26:52 INF] Received HTTP response headers after 57.2275ms - 200
[22:26:52 INF] End processing HTTP request after 59.9406ms - 200
[22:26:53 INF] Cover art: downloaded poster for 'Time' (139.0 KB) → C:\temp\tuvima-library\.data\assets\artwork\work\75577a90-eaeb-48b6-aa52-5d2201ac1fbb\cover\c96a71ff78ae4f64941a411f779e8bee.jpg
[22:26:53 INF] Start processing HTTP request GET https://www.wikidata.org/w/api.php?*
[22:26:53 INF] Sending HTTP request GET https://www.wikidata.org/w/api.php?*
[22:26:53 INF] Received HTTP response headers after 69.0147ms - 200
[22:26:53 INF] End processing HTTP request after 69.9812ms - 200
[22:26:53 INF] Start processing HTTP request GET https://www.wikidata.org/w/api.php?*
[22:26:53 INF] Sending HTTP request GET https://www.wikidata.org/w/api.php?*
[22:26:53 INF] Received HTTP response headers after 73.6247ms - 200
[22:26:53 INF] End processing HTTP request after 78.2269ms - 200
[22:26:53 INF] Start processing HTTP request GET https://www.wikidata.org/w/api.php?*
[22:26:53 INF] Sending HTTP request GET https://www.wikidata.org/w/api.php?*
[22:26:53 INF] Received HTTP response headers after 56.747ms - 200
[22:26:53 INF] End processing HTTP request after 60.5051ms - 200
[22:26:54 INF] Start processing HTTP request GET https://www.wikidata.org/w/api.php?*
[22:26:54 INF] Sending HTTP request GET https://www.wikidata.org/w/api.php?*
[22:26:54 INF] Received HTTP response headers after 69.6041ms - 200
[22:26:54 INF] End processing HTTP request after 70.9794ms - 200
[22:26:54 INF] Start processing HTTP request GET https://www.wikidata.org/w/api.php?*
[22:26:54 INF] Sending HTTP request GET https://www.wikidata.org/w/api.php?*
[22:26:54 INF] Received HTTP response headers after 45.4189ms - 200
[22:26:54 INF] End processing HTTP request after 47.1273ms - 200
[22:26:54 INF] Start processing HTTP request GET https://www.wikidata.org/w/api.php?*
[22:26:54 INF] Sending HTTP request GET https://www.wikidata.org/w/api.php?*
[22:26:54 INF] Received HTTP response headers after 62.6877ms - 200
[22:26:54 INF] End processing HTTP request after 63.7939ms - 200
[22:26:55 INF] Start processing HTTP request GET https://www.wikidata.org/w/api.php?*
[22:26:55 INF] Sending HTTP request GET https://www.wikidata.org/w/api.php?*
[22:26:55 INF] Received HTTP response headers after 217.1456ms - 200
[22:26:55 INF] End processing HTTP request after 219.4754ms - 200
[22:26:55 INF] Start processing HTTP request GET https://www.wikidata.org/w/api.php?*
[22:26:55 INF] Sending HTTP request GET https://www.wikidata.org/w/api.php?*
[22:26:55 INF] Received HTTP response headers after 61.7608ms - 200
[22:26:55 INF] End processing HTTP request after 65.272ms - 200
[22:26:55 INF] Start processing HTTP request GET https://itunes.apple.com/search?*
[22:26:55 INF] Sending HTTP request GET https://itunes.apple.com/search?*
[22:26:55 INF] Start processing HTTP request GET https://www.wikidata.org/w/api.php?*
[22:26:55 INF] Sending HTTP request GET https://www.wikidata.org/w/api.php?*
[22:26:56 INF] Received HTTP response headers after 119.2055ms - 200
[22:26:56 INF] End processing HTTP request after 120.1275ms - 200
[22:26:56 INF] Received HTTP response headers after 324.7705ms - 200
[22:26:56 INF] Execution attempt. Source: 'apple_api-standard//Standard-Retry', Operation Key: 'null', Result: '200', Handled: 'False', Attempt: '0', Execution Time: 327.0347ms
[22:26:56 INF] End processing HTTP request after 329.0132ms - 200
[22:26:56 INF] apple_api/music_search: zero results from API, trying next strategy
[22:26:56 INF] Received HTTP response headers after 3933.6045ms - 200
[22:26:56 INF] Execution attempt. Source: 'musicbrainz-standard//Standard-Retry', Operation Key: 'null', Result: '200', Handled: 'False', Attempt: '0', Execution Time: 3934.7895ms
[22:26:56 INF] Start processing HTTP request GET https://www.wikidata.org/w/api.php?*
[22:26:56 INF] End processing HTTP request after 3937.68ms - 200
[22:26:56 INF] Sending HTTP request GET https://www.wikidata.org/w/api.php?*
[22:26:56 INF] Received HTTP response headers after 68.2199ms - 200
[22:26:56 INF] End processing HTTP request after 71.6522ms - 200
[22:26:56 INF] Start processing HTTP request GET https://musicbrainz.org/ws/2/recording?*
[22:26:56 INF] musicbrainz/recording_album_search: zero results from API, trying next strategy
[22:26:56 INF] Sending HTTP request GET https://musicbrainz.org/ws/2/recording?*
[22:26:56 INF] Provider apple_api skipped for entity b5c0bf37-9139-4533-8cfe-a52576b0e055 because its configured enrichment role requires an accepted identity
[22:26:56 INF] Music identity fallback queued for entity b5c0bf37-9139-4533-8cfe-a52576b0e055: 'Stan' by 'Eminem' (best retail score 0.00)
[22:26:56 INF] Start processing HTTP request GET https://www.wikidata.org/w/api.php?*
[22:26:56 INF] Sending HTTP request GET https://www.wikidata.org/w/api.php?*
[22:26:56 INF] Received HTTP response headers after 56.3747ms - 200
[22:26:56 INF] End processing HTTP request after 57.9434ms - 200
[22:26:56 INF] Start processing HTTP request GET https://www.wikidata.org/w/api.php?*
[22:26:56 INF] Sending HTTP request GET https://www.wikidata.org/w/api.php?*
[22:26:56 INF] Received HTTP response headers after 58.7862ms - 200
[22:26:56 INF] End processing HTTP request after 60.8022ms - 200
[22:26:57 INF] Start processing HTTP request GET https://www.wikidata.org/w/api.php?*
[22:26:57 INF] Sending HTTP request GET https://www.wikidata.org/w/api.php?*
[22:26:57 INF] Received HTTP response headers after 67.3072ms - 200
[22:26:57 INF] End processing HTTP request after 69.1481ms - 200
[22:26:57 INF] Start processing HTTP request GET https://www.wikidata.org/w/api.php?*
[22:26:57 INF] Sending HTTP request GET https://www.wikidata.org/w/api.php?*
[22:26:57 INF] Received HTTP response headers after 44.784ms - 200
[22:26:57 INF] End processing HTTP request after 46.9679ms - 200
[22:26:57 INF] Start processing HTTP request GET https://www.wikidata.org/w/api.php?*
[22:26:57 INF] Sending HTTP request GET https://www.wikidata.org/w/api.php?*
[22:26:57 INF] Received HTTP response headers after 55.5947ms - 200
[22:26:57 INF] End processing HTTP request after 59.0065ms - 200
[22:26:58 INF] Start processing HTTP request GET https://www.wikidata.org/w/api.php?*
[22:26:58 INF] Sending HTTP request GET https://www.wikidata.org/w/api.php?*
[22:26:58 INF] Received HTTP response headers after 154.4252ms - 200
[22:26:58 INF] End processing HTTP request after 160.1186ms - 200
[22:26:58 INF] Start processing HTTP request GET https://www.wikidata.org/w/api.php?*
[22:26:58 INF] Sending HTTP request GET https://www.wikidata.org/w/api.php?*
[22:26:58 INF] Received HTTP response headers after 73.2615ms - 200
[22:26:58 INF] End processing HTTP request after 78.4747ms - 200
[22:26:58 INF] Start processing HTTP request GET https://itunes.apple.com/search?*
[22:26:58 INF] Sending HTTP request GET https://itunes.apple.com/search?*
[22:26:58 INF] Start processing HTTP request GET https://www.wikidata.org/w/api.php?*
[22:26:58 INF] Sending HTTP request GET https://www.wikidata.org/w/api.php?*
[22:26:58 INF] Received HTTP response headers after 168.7ms - 200
[22:26:58 INF] Execution attempt. Source: 'apple_api-standard//Standard-Retry', Operation Key: 'null', Result: '200', Handled: 'False', Attempt: '0', Execution Time: 170.8248ms
[22:26:58 INF] End processing HTTP request after 172.4616ms - 200
[22:26:58 INF] apple_api/music_album_search: zero results from API, trying next strategy
[22:26:58 INF] Retail match found for entity c5edf3a5-983c-4d4c-b4d6-5092d5b0f3fa: 'Cornfield Chase' from musicbrainz (score: 1.00)
[22:26:58 INF] Post-pipeline confidence for entity c5edf3a5-983c-4d4c-b4d6-5092d5b0f3fa: 0.92
[22:26:58 INF] Entity c5edf3a5-983c-4d4c-b4d6-5092d5b0f3fa meets organization threshold (0.92 >= 0.70), promoting
[22:26:58 INF] Moved C:\temp\tuvima-watch\music\Hans Zimmer - Cornfield Chase.flac → C:\temp\tuvima-library\Music/Unknown/Interstellar_ Original Motion Picture Soundtrack (2014)/02 - Cornfield Chase.flac
[22:26:58 INF] Promoted asset c5edf3a5-983c-4d4c-b4d6-5092d5b0f3fa from staging to library: C:\temp\tuvima-watch\music\Hans Zimmer - Cornfield Chase.flac → C:\temp\tuvima-library\Music/Unknown/Interstellar_ Original Motion Picture Soundtrack (2014)/02 - Cornfield Chase.flac
[22:26:58 INF] Received HTTP response headers after 71.8502ms - 200
[22:26:58 INF] End processing HTTP request after 73.2387ms - 200
[22:26:59 INF] Start processing HTTP request GET https://www.wikidata.org/w/api.php?*
[22:26:59 INF] Sending HTTP request GET https://www.wikidata.org/w/api.php?*
[22:26:59 INF] Received HTTP response headers after 71.8752ms - 200
[22:26:59 INF] End processing HTTP request after 73.4254ms - 200
[22:26:59 INF] Start processing HTTP request GET https://www.wikidata.org/w/api.php?*
[22:26:59 INF] Sending HTTP request GET https://www.wikidata.org/w/api.php?*
[22:26:59 INF] Received HTTP response headers after 61.6993ms - 200
[22:26:59 INF] End processing HTTP request after 66.1463ms - 200
[22:26:59 INF] Start processing HTTP request GET https://www.wikidata.org/w/api.php?*
[22:26:59 INF] Sending HTTP request GET https://www.wikidata.org/w/api.php?*
[22:26:59 INF] Received HTTP response headers after 80.7172ms - 200
[22:26:59 INF] End processing HTTP request after 81.7921ms - 200
[22:27:00 INF] Start processing HTTP request GET https://www.wikidata.org/w/api.php?*
[22:27:00 INF] Sending HTTP request GET https://www.wikidata.org/w/api.php?*
[22:27:00 INF] Received HTTP response headers after 80.7824ms - 200
[22:27:00 INF] End processing HTTP request after 82.1275ms - 200
[22:27:00 INF] Start processing HTTP request GET https://www.wikidata.org/w/api.php?*
[22:27:00 INF] Sending HTTP request GET https://www.wikidata.org/w/api.php?*
[22:27:00 INF] Received HTTP response headers after 49.5495ms - 200
[22:27:00 INF] End processing HTTP request after 51.0727ms - 200
[22:27:00 INF] Received HTTP response headers after 4258.0555ms - 200
[22:27:00 INF] Execution attempt. Source: 'musicbrainz-standard//Standard-Retry', Operation Key: 'null', Result: '200', Handled: 'False', Attempt: '0', Execution Time: 4259.1264ms
[22:27:00 INF] End processing HTTP request after 4262.4483ms - 200
[22:27:00 INF] musicbrainz/recording_album_search: zero results from API, trying next strategy
[22:27:00 INF] Start processing HTTP request GET https://musicbrainz.org/ws/2/recording?*
[22:27:00 INF] Sending HTTP request GET https://musicbrainz.org/ws/2/recording?*
[22:27:00 INF] Provider apple_api skipped for entity 665341cd-e9a3-4958-a827-86cec11d055d because its configured enrichment role requires an accepted identity
[22:27:00 INF] Music identity fallback queued for entity 665341cd-e9a3-4958-a827-86cec11d055d: 'Bohemian Rhapsody' by 'Queen' (best retail score 0.00)
[22:27:00 INF] Start processing HTTP request GET https://www.wikidata.org/w/api.php?*
[22:27:00 INF] Sending HTTP request GET https://www.wikidata.org/w/api.php?*
[22:27:00 INF] Received HTTP response headers after 63.89ms - 200
[22:27:00 INF] End processing HTTP request after 66.6034ms - 200
[22:27:01 INF] Received HTTP response headers after 505.1283ms - 200
[22:27:01 INF] Execution attempt. Source: 'musicbrainz-standard//Standard-Retry', Operation Key: 'null', Result: '200', Handled: 'False', Attempt: '0', Execution Time: 505.7292ms
[22:27:01 INF] End processing HTTP request after 506.5336ms - 200
[22:27:01 INF] Start processing HTTP request GET https://www.wikidata.org/w/api.php?*
[22:27:01 INF] Sending HTTP request GET https://www.wikidata.org/w/api.php?*
[22:27:01 INF] Received HTTP response headers after 48.0756ms - 200
[22:27:01 INF] End processing HTTP request after 49.2137ms - 200
[22:27:01 INF] musicbrainz/recording_album_search: zero results from API, trying next strategy
[22:27:01 INF] Provider apple_api skipped for entity 134a92be-4c8a-4d88-a3d1-69f881cd10dc because its configured enrichment role requires an accepted identity
[22:27:01 INF] Music identity fallback queued for entity 134a92be-4c8a-4d88-a3d1-69f881cd10dc: 'The Imperial March' by 'John Williams' (best retail score 0.00)
[22:27:01 INF] Start processing HTTP request GET https://www.wikidata.org/w/api.php?*
[22:27:01 INF] Sending HTTP request GET https://www.wikidata.org/w/api.php?*
[22:27:01 INF] Start processing HTTP request GET https://musicbrainz.org/ws/2/recording?*
[22:27:01 INF] Sending HTTP request GET https://musicbrainz.org/ws/2/recording?*
[22:27:01 INF] Received HTTP response headers after 83.8876ms - 200
[22:27:01 INF] End processing HTTP request after 85.522ms - 200
[22:27:01 INF] Start processing HTTP request GET https://www.wikidata.org/w/api.php?*
[22:27:01 INF] Sending HTTP request GET https://www.wikidata.org/w/api.php?*
[22:27:02 INF] Received HTTP response headers after 259.9769ms - 200
[22:27:02 INF] End processing HTTP request after 261.8501ms - 200
[22:27:02 INF] Start processing HTTP request GET https://www.wikidata.org/w/api.php?*
[22:27:02 INF] Sending HTTP request GET https://www.wikidata.org/w/api.php?*
[22:27:02 INF] Received HTTP response headers after 82.0682ms - 200
[22:27:02 INF] End processing HTTP request after 83.4595ms - 200
[22:27:02 INF] Start processing HTTP request GET https://www.wikidata.org/w/api.php?*
[22:27:02 INF] Sending HTTP request GET https://www.wikidata.org/w/api.php?*
[22:27:02 INF] Received HTTP response headers after 76.0258ms - 200
[22:27:02 INF] End processing HTTP request after 78.4608ms - 200
[22:27:02 INF] Start processing HTTP request GET https://www.wikidata.org/w/api.php?*
[22:27:02 INF] Sending HTTP request GET https://www.wikidata.org/w/api.php?*
[22:27:02 INF] Received HTTP response headers after 64.2429ms - 200
[22:27:02 INF] End processing HTTP request after 65.3693ms - 200
[22:27:03 INF] Start processing HTTP request GET https://www.wikidata.org/w/api.php?*
[22:27:03 INF] Sending HTTP request GET https://www.wikidata.org/w/api.php?*
[22:27:03 INF] Received HTTP response headers after 87.4149ms - 200
[22:27:03 INF] End processing HTTP request after 89.5866ms - 200
[22:27:03 INF] Start processing HTTP request GET https://www.wikidata.org/w/api.php?*
[22:27:03 INF] Sending HTTP request GET https://www.wikidata.org/w/api.php?*
[22:27:03 INF] Received HTTP response headers after 76.5113ms - 200
[22:27:03 INF] End processing HTTP request after 78.0696ms - 200
[22:27:03 INF] Start processing HTTP request GET https://www.wikidata.org/w/api.php?*
[22:27:03 INF] Sending HTTP request GET https://www.wikidata.org/w/api.php?*
[22:27:04 INF] Received HTTP response headers after 69.4901ms - 200
[22:27:04 INF] End processing HTTP request after 73.3995ms - 200
[22:27:04 INF] Start processing HTTP request GET https://www.wikidata.org/w/api.php?*
[22:27:04 INF] Sending HTTP request GET https://www.wikidata.org/w/api.php?*
[22:27:04 INF] Received HTTP response headers after 47.2777ms - 200
[22:27:04 INF] End processing HTTP request after 51.6209ms - 200
[22:27:04 INF] Start processing HTTP request GET https://www.wikidata.org/w/api.php?*
[22:27:04 INF] Sending HTTP request GET https://www.wikidata.org/w/api.php?*
[22:27:04 INF] Received HTTP response headers after 64.4669ms - 200
[22:27:04 INF] End processing HTTP request after 65.9168ms - 200
[22:27:04 INF] Start processing HTTP request GET https://www.wikidata.org/w/api.php?*
[22:27:04 INF] Sending HTTP request GET https://www.wikidata.org/w/api.php?*
[22:27:05 INF] Received HTTP response headers after 446.3964ms - 200
[22:27:05 INF] End processing HTTP request after 447.5574ms - 200
[22:27:05 INF] Start processing HTTP request GET https://www.wikidata.org/w/api.php?*
[22:27:05 INF] Sending HTTP request GET https://www.wikidata.org/w/api.php?*
[22:27:05 INF] Received HTTP response headers after 396.3166ms - 200
[22:27:05 INF] End processing HTTP request after 397.7219ms - 200
[22:27:05 INF] Start processing HTTP request GET https://www.wikidata.org/w/api.php?*
[22:27:05 INF] Sending HTTP request GET https://www.wikidata.org/w/api.php?*
[22:27:06 INF] Received HTTP response headers after 4480.3306ms - 200
[22:27:06 INF] Execution attempt. Source: 'musicbrainz-standard//Standard-Retry', Operation Key: 'null', Result: '200', Handled: 'False', Attempt: '0', Execution Time: 4481.5357ms
[22:27:06 INF] End processing HTTP request after 4482.2564ms - 200
[22:27:06 INF] Start processing HTTP request GET https://musicbrainz.org/ws/2/recording?*
[22:27:06 INF] Sending HTTP request GET https://musicbrainz.org/ws/2/recording?*
[22:27:06 INF] musicbrainz/recording_album_search: zero results from API, trying next strategy
[22:27:06 INF] Provider apple_api skipped for entity 305d9aff-f4eb-417f-8359-c4cb7732d7ad because its configured enrichment role requires an accepted identity
[22:27:06 INF] Music identity fallback queued for entity 305d9aff-f4eb-417f-8359-c4cb7732d7ad: 'Für Elise' by 'Ludwig van Beethoven' (best retail score 0.00)
[22:27:06 INF] Received HTTP response headers after 251.7988ms - 200
[22:27:06 INF] End processing HTTP request after 252.6033ms - 200
[22:27:06 INF] Start processing HTTP request GET https://www.wikidata.org/w/api.php?*
[22:27:06 INF] Sending HTTP request GET https://www.wikidata.org/w/api.php?*
[22:27:06 INF] Received HTTP response headers after 93.8092ms - 200
[22:27:06 INF] End processing HTTP request after 98.7414ms - 200
[22:27:06 INF] Start processing HTTP request GET https://www.wikidata.org/w/api.php?*
[22:27:06 INF] Sending HTTP request GET https://www.wikidata.org/w/api.php?*
[22:27:06 INF] Received HTTP response headers after 108.73ms - 200
[22:27:06 INF] End processing HTTP request after 110.4687ms - 200
[22:27:06 INF] Received HTTP response headers after 593.8138ms - 200
[22:27:06 INF] Execution attempt. Source: 'musicbrainz-standard//Standard-Retry', Operation Key: 'null', Result: '200', Handled: 'False', Attempt: '0', Execution Time: 594.3828ms
[22:27:06 INF] End processing HTTP request after 594.8862ms - 200
[22:27:06 INF] Start processing HTTP request GET https://www.wikidata.org/w/api.php?*
[22:27:06 INF] Sending HTTP request GET https://www.wikidata.org/w/api.php?*
[22:27:07 INF] Received HTTP response headers after 79.1797ms - 200
[22:27:07 INF] End processing HTTP request after 80.651ms - 200
[22:27:07 INF] Start processing HTTP request GET https://itunes.apple.com/search?*
[22:27:07 INF] Sending HTTP request GET https://itunes.apple.com/search?*
[22:27:07 INF] Start processing HTTP request GET https://musicbrainz.org/ws/2/recording?*
[22:27:07 INF] Sending HTTP request GET https://musicbrainz.org/ws/2/recording?*
[22:27:07 INF] Start processing HTTP request GET https://www.wikidata.org/w/api.php?*
[22:27:07 INF] Sending HTTP request GET https://www.wikidata.org/w/api.php?*
[22:27:07 INF] Received HTTP response headers after 90.0855ms - 200
[22:27:07 INF] End processing HTTP request after 91.9699ms - 200
[22:27:07 INF] Received HTTP response headers after 415.7796ms - 200
[22:27:07 INF] Execution attempt. Source: 'apple_api-standard//Standard-Retry', Operation Key: 'null', Result: '200', Handled: 'False', Attempt: '0', Execution Time: 416.5696ms
[22:27:07 INF] End processing HTTP request after 417.2799ms - 200
[22:27:07 INF] Start processing HTTP request GET https://itunes.apple.com/lookup?*
[22:27:07 INF] Sending HTTP request GET https://itunes.apple.com/lookup?*
[22:27:07 INF] Received HTTP response headers after 340.2094ms - 200
[22:27:07 INF] Execution attempt. Source: 'musicbrainz-standard//Standard-Retry', Operation Key: 'null', Result: '200', Handled: 'False', Attempt: '0', Execution Time: 340.795ms
[22:27:07 INF] End processing HTTP request after 341.6525ms - 200
[22:27:07 INF] musicbrainz/recording_album_search: zero results from API, trying next strategy
[22:27:07 INF] Provider apple_api skipped for entity 79ca6583-89c1-4556-94b6-1399dc1d285a because its configured enrichment role requires an accepted identity
[22:27:07 INF] Music identity fallback queued for entity 79ca6583-89c1-4556-94b6-1399dc1d285a: 'Death on Two Legs' by 'Queen' (best retail score 0.00)
[22:27:07 INF] Start processing HTTP request GET https://www.wikidata.org/w/api.php?*
[22:27:07 INF] Sending HTTP request GET https://www.wikidata.org/w/api.php?*
[22:27:07 INF] Received HTTP response headers after 161.1995ms - 200
[22:27:07 INF] Execution attempt. Source: 'apple_api-standard//Standard-Retry', Operation Key: 'null', Result: '200', Handled: 'False', Attempt: '0', Execution Time: 162.0717ms
[22:27:07 INF] End processing HTTP request after 163.9031ms - 200
[22:27:07 INF] Music: persisted 13-track Apple album manifest for 'Ludovico Einaudi' / 'Una Mattina' on root work 4280494e-a319-4f02-9871-f5039ecdd3fc
[22:27:07 INF] Retail match found for entity d7ca1db5-a25b-4c75-8238-9877d1f2f509: 'Nuvole bianche' from musicbrainz (score: 0.90)
[22:27:07 INF] Post-pipeline confidence for entity d7ca1db5-a25b-4c75-8238-9877d1f2f509: 0.96
[22:27:07 INF] Entity d7ca1db5-a25b-4c75-8238-9877d1f2f509 meets organization threshold (0.96 >= 0.70), promoting
[22:27:07 INF] Moved C:\temp\tuvima-watch\music\Ludovico Einaudi - Nuvole Bianche.flac → C:\temp\tuvima-library\Music/Unknown/Una Mattina (2004)/12 - Nuvole bianche.flac
[22:27:07 INF] Promoted asset d7ca1db5-a25b-4c75-8238-9877d1f2f509 from staging to library: C:\temp\tuvima-watch\music\Ludovico Einaudi - Nuvole Bianche.flac → C:\temp\tuvima-library\Music/Unknown/Una Mattina (2004)/12 - Nuvole bianche.flac
[22:27:07 INF] Cover art: downloading 'Nuvole bianche' from https://is1-ssl.mzstatic.com/image/thumb/Music125/v4/ea/44/86/ea448600-257f-670f-7f06-332e02b42abc/06UMGIM59381.rgb.jpg/600x600bb.jpg → C:\temp\tuvima-library\.data\assets\artwork\work\4280494e-a319-4f02-9871-f5039ecdd3fc\cover\76e59343ef264a60a6bc193d9046bb9d.jpg
[22:27:07 INF] Start processing HTTP request GET https://is1-ssl.mzstatic.com/image/thumb/Music125/v4/ea/44/86/ea448600-257f-670f-7f06-332e02b42abc/06UMGIM59381.rgb.jpg/600x600bb.jpg
[22:27:07 INF] Sending HTTP request GET https://is1-ssl.mzstatic.com/image/thumb/Music125/v4/ea/44/86/ea448600-257f-670f-7f06-332e02b42abc/06UMGIM59381.rgb.jpg/600x600bb.jpg
[22:27:07 INF] Received HTTP response headers after 10.2625ms - 200
[22:27:07 INF] Execution attempt. Source: 'cover_download-standard//Standard-Retry', Operation Key: 'null', Result: '200', Handled: 'False', Attempt: '0', Execution Time: 11.5434ms
[22:27:07 INF] End processing HTTP request after 12.1653ms - 200
[22:27:07 INF] Received HTTP response headers after 80.7307ms - 200
[22:27:07 INF] End processing HTTP request after 82.3035ms - 200
[22:27:07 INF] Cover art: downloaded poster for 'Nuvole bianche' (101.4 KB) → C:\temp\tuvima-library\.data\assets\artwork\work\4280494e-a319-4f02-9871-f5039ecdd3fc\cover\76e59343ef264a60a6bc193d9046bb9d.jpg
[22:27:07 INF] Start processing HTTP request GET https://www.wikidata.org/w/api.php?*
[22:27:07 INF] Sending HTTP request GET https://www.wikidata.org/w/api.php?*
[22:27:08 INF] Received HTTP response headers after 123.9008ms - 200
[22:27:08 INF] End processing HTTP request after 124.8743ms - 200
[22:27:08 INF] Start processing HTTP request GET https://musicbrainz.org/ws/2/recording?*
[22:27:08 INF] Sending HTTP request GET https://musicbrainz.org/ws/2/recording?*
[22:27:08 INF] Start processing HTTP request GET https://www.wikidata.org/w/api.php?*
[22:27:08 INF] Sending HTTP request GET https://www.wikidata.org/w/api.php?*
[22:27:08 INF] Received HTTP response headers after 162.549ms - 200
[22:27:08 INF] End processing HTTP request after 163.6771ms - 200
[22:27:08 INF] Start processing HTTP request GET https://www.wikidata.org/w/api.php?*
[22:27:08 INF] Sending HTTP request GET https://www.wikidata.org/w/api.php?*
[22:27:08 INF] Received HTTP response headers after 90.1623ms - 200
[22:27:08 INF] End processing HTTP request after 91.5895ms - 200
[22:27:08 INF] Start processing HTTP request GET https://www.wikidata.org/w/api.php?*
[22:27:08 INF] Sending HTTP request GET https://www.wikidata.org/w/api.php?*
[22:27:09 INF] Received HTTP response headers after 79.8767ms - 200
[22:27:09 INF] End processing HTTP request after 82.1078ms - 200
[22:27:09 INF] Start processing HTTP request GET https://www.wikidata.org/w/api.php?*
[22:27:09 INF] Sending HTTP request GET https://www.wikidata.org/w/api.php?*
[22:27:09 INF] Received HTTP response headers after 118.679ms - 200
[22:27:09 INF] End processing HTTP request after 119.7893ms - 200
[22:27:09 INF] Start processing HTTP request GET https://www.wikidata.org/w/api.php?*
[22:27:09 INF] Sending HTTP request GET https://www.wikidata.org/w/api.php?*
[22:27:09 INF] Received HTTP response headers after 95.5207ms - 200
[22:27:09 INF] End processing HTTP request after 96.5367ms - 200
[22:27:09 INF] Start processing HTTP request GET https://www.wikidata.org/w/api.php?*
[22:27:09 INF] Sending HTTP request GET https://www.wikidata.org/w/api.php?*
[22:27:10 INF] Received HTTP response headers after 111.1385ms - 200
[22:27:10 INF] End processing HTTP request after 114.1846ms - 200
[22:27:10 INF] Start processing HTTP request GET https://www.wikidata.org/w/api.php?*
[22:27:10 INF] Sending HTTP request GET https://www.wikidata.org/w/api.php?*
[22:27:10 INF] Received HTTP response headers after 106.1235ms - 200
[22:27:10 INF] End processing HTTP request after 107.6856ms - 200
[22:27:10 INF] Start processing HTTP request GET https://www.wikidata.org/w/api.php?*
[22:27:10 INF] Sending HTTP request GET https://www.wikidata.org/w/api.php?*
[22:27:10 INF] Received HTTP response headers after 92.6624ms - 200
[22:27:10 INF] End processing HTTP request after 93.6672ms - 200
[22:27:10 INF] Start processing HTTP request GET https://www.wikidata.org/w/api.php?*
[22:27:10 INF] Sending HTTP request GET https://www.wikidata.org/w/api.php?*
[22:27:11 INF] Received HTTP response headers after 100.0484ms - 200
[22:27:11 INF] End processing HTTP request after 101.1642ms - 200
[22:27:11 INF] Start processing HTTP request GET https://www.wikidata.org/w/api.php?*
[22:27:11 INF] Sending HTTP request GET https://www.wikidata.org/w/api.php?*
[22:27:11 INF] Received HTTP response headers after 100.1354ms - 200
[22:27:11 INF] End processing HTTP request after 101.205ms - 200
[22:27:11 INF] Start processing HTTP request GET https://www.wikidata.org/w/api.php?*
[22:27:11 INF] Sending HTTP request GET https://www.wikidata.org/w/api.php?*
[22:27:11 INF] Received HTTP response headers after 301.1256ms - 200
[22:27:11 INF] End processing HTTP request after 302.7096ms - 200
[22:27:11 INF] Start processing HTTP request GET https://www.wikidata.org/w/api.php?*
[22:27:11 INF] Sending HTTP request GET https://www.wikidata.org/w/api.php?*
[22:27:12 INF] Received HTTP response headers after 69.1289ms - 200
[22:27:12 INF] End processing HTTP request after 70.4174ms - 200
[22:27:12 INF] Start processing HTTP request GET https://www.wikidata.org/w/api.php?*
[22:27:12 INF] Sending HTTP request GET https://www.wikidata.org/w/api.php?*
[22:27:12 INF] Received HTTP response headers after 60.1797ms - 200
[22:27:12 INF] End processing HTTP request after 61.3084ms - 200
[22:27:12 INF] Start processing HTTP request GET https://www.wikidata.org/w/api.php?*
[22:27:12 INF] Sending HTTP request GET https://www.wikidata.org/w/api.php?*
[22:27:12 INF] Received HTTP response headers after 141.9118ms - 200
[22:27:12 INF] End processing HTTP request after 143.2954ms - 200
[22:27:12 INF] Received HTTP response headers after 4770.365ms - 200
[22:27:12 INF] Start processing HTTP request GET https://www.wikidata.org/w/api.php?*
[22:27:12 INF] Execution attempt. Source: 'musicbrainz-standard//Standard-Retry', Operation Key: 'null', Result: '200', Handled: 'False', Attempt: '0', Execution Time: 4772.1455ms
[22:27:12 INF] Sending HTTP request GET https://www.wikidata.org/w/api.php?*
[22:27:12 INF] End processing HTTP request after 4773.1728ms - 200
[22:27:12 INF] Start processing HTTP request GET https://musicbrainz.org/ws/2/recording?*
[22:27:12 INF] Sending HTTP request GET https://musicbrainz.org/ws/2/recording?*
[22:27:12 INF] musicbrainz/recording_album_search: zero results from API, trying next strategy
[22:27:12 INF] Provider apple_api skipped for entity 822a6af5-676f-4baa-b945-40106e0ea6a7 because its configured enrichment role requires an accepted identity
[22:27:12 INF] Music identity fallback queued for entity 822a6af5-676f-4baa-b945-40106e0ea6a7: 'Smells Like Teen Spirit' by 'Nirvana' (best retail score 0.00)
[22:27:12 INF] Received HTTP response headers after 72.2222ms - 200
[22:27:12 INF] End processing HTTP request after 73.5922ms - 200
[22:27:13 INF] Start processing HTTP request GET https://www.wikidata.org/w/api.php?*
[22:27:13 INF] Sending HTTP request GET https://www.wikidata.org/w/api.php?*
[22:27:13 INF] Received HTTP response headers after 90.88ms - 200
[22:27:13 INF] End processing HTTP request after 93.9456ms - 200
[22:27:13 INF] Start processing HTTP request GET https://www.wikidata.org/w/api.php?*
[22:27:13 INF] Sending HTTP request GET https://www.wikidata.org/w/api.php?*
[22:27:13 INF] Received HTTP response headers after 82.5965ms - 200
[22:27:13 INF] End processing HTTP request after 83.6305ms - 200
[22:27:13 INF] Start processing HTTP request GET https://www.wikidata.org/w/api.php?*
[22:27:13 INF] Sending HTTP request GET https://www.wikidata.org/w/api.php?*
[22:27:13 INF] Received HTTP response headers after 45.0059ms - 200
[22:27:13 INF] End processing HTTP request after 47.2126ms - 200
[22:27:14 INF] Start processing HTTP request GET https://www.wikidata.org/w/api.php?*
[22:27:14 INF] Sending HTTP request GET https://www.wikidata.org/w/api.php?*
[22:27:14 INF] Received HTTP response headers after 66.7869ms - 200
[22:27:14 INF] End processing HTTP request after 68.1364ms - 200
[22:27:14 INF] Start processing HTTP request GET https://www.wikidata.org/w/api.php?*
[22:27:14 INF] Sending HTTP request GET https://www.wikidata.org/w/api.php?*
[22:27:14 INF] Received HTTP response headers after 109.6219ms - 200
[22:27:14 INF] End processing HTTP request after 111.5798ms - 200
[22:27:14 INF] Start processing HTTP request GET https://www.wikidata.org/w/api.php?*
[22:27:14 INF] Sending HTTP request GET https://www.wikidata.org/w/api.php?*
[22:27:14 INF] Received HTTP response headers after 38.4001ms - 200
[22:27:14 INF] End processing HTTP request after 39.9944ms - 200
[22:27:15 INF] Start processing HTTP request GET https://www.wikidata.org/w/api.php?*
[22:27:15 INF] Sending HTTP request GET https://www.wikidata.org/w/api.php?*
[22:27:15 INF] Received HTTP response headers after 63.4752ms - 200
[22:27:15 INF] End processing HTTP request after 68.7325ms - 200
[22:27:15 INF] Start processing HTTP request GET https://www.wikidata.org/w/api.php?*
[22:27:15 INF] Sending HTTP request GET https://www.wikidata.org/w/api.php?*
[22:27:15 INF] Received HTTP response headers after 57.7204ms - 200
[22:27:15 INF] End processing HTTP request after 59.1302ms - 200
[22:27:15 INF] Received HTTP response headers after 2800.8353ms - 200
[22:27:15 INF] Execution attempt. Source: 'musicbrainz-standard//Standard-Retry', Operation Key: 'null', Result: '200', Handled: 'False', Attempt: '0', Execution Time: 2801.4276ms
[22:27:15 INF] End processing HTTP request after 2801.9205ms - 200
[22:27:15 INF] Start processing HTTP request GET https://musicbrainz.org/ws/2/recording?*
[22:27:15 INF] Sending HTTP request GET https://musicbrainz.org/ws/2/recording?*
[22:27:15 INF] musicbrainz/recording_album_search: zero results from API, trying next strategy
[22:27:15 INF] Provider apple_api skipped for entity e05d7645-8eb5-41b4-ad40-b13b2e7658f0 because its configured enrichment role requires an accepted identity
[22:27:15 INF] Music identity fallback queued for entity e05d7645-8eb5-41b4-ad40-b13b2e7658f0: 'Clair de Lune' by 'Claude Debussy' (best retail score 0.00)
[22:27:15 INF] Start processing HTTP request GET https://www.wikidata.org/w/api.php?*
[22:27:15 INF] Sending HTTP request GET https://www.wikidata.org/w/api.php?*
[22:27:16 INF] Received HTTP response headers after 86.9027ms - 200
[22:27:16 INF] End processing HTTP request after 88.8623ms - 200
[22:27:16 INF] Received HTTP response headers after 481.6467ms - 200
[22:27:16 INF] Execution attempt. Source: 'musicbrainz-standard//Standard-Retry', Operation Key: 'null', Result: '200', Handled: 'False', Attempt: '0', Execution Time: 482.8491ms
[22:27:16 INF] End processing HTTP request after 484.2573ms - 200
[22:27:16 INF] Start processing HTTP request GET https://www.wikidata.org/w/api.php?*
[22:27:16 INF] Sending HTTP request GET https://www.wikidata.org/w/api.php?*
[22:27:16 INF] Received HTTP response headers after 52.4446ms - 200
[22:27:16 INF] End processing HTTP request after 53.7994ms - 200
[22:27:16 INF] Start processing HTTP request GET https://itunes.apple.com/search?*
[22:27:16 INF] Sending HTTP request GET https://itunes.apple.com/search?*
[22:27:16 INF] Start processing HTTP request GET https://www.wikidata.org/w/api.php?*
[22:27:16 INF] Sending HTTP request GET https://www.wikidata.org/w/api.php?*
[22:27:16 INF] Received HTTP response headers after 296.3407ms - 200
[22:27:16 INF] Execution attempt. Source: 'apple_api-standard//Standard-Retry', Operation Key: 'null', Result: '200', Handled: 'False', Attempt: '0', Execution Time: 298.071ms
[22:27:16 INF] End processing HTTP request after 299.6116ms - 200
[22:27:16 INF] Received HTTP response headers after 75.9633ms - 200
[22:27:16 INF] End processing HTTP request after 77.6719ms - 200
[22:27:16 INF] Start processing HTTP request GET https://itunes.apple.com/lookup?*
[22:27:16 INF] Sending HTTP request GET https://itunes.apple.com/lookup?*
[22:27:16 INF] Start processing HTTP request GET https://musicbrainz.org/ws/2/recording?*
[22:27:16 INF] Sending HTTP request GET https://musicbrainz.org/ws/2/recording?*
[22:27:16 INF] Received HTTP response headers after 173.2194ms - 200
[22:27:16 INF] Execution attempt. Source: 'apple_api-standard//Standard-Retry', Operation Key: 'null', Result: '200', Handled: 'False', Attempt: '0', Execution Time: 174.3943ms
[22:27:16 INF] End processing HTTP request after 174.94ms - 200
[22:27:16 INF] Music: persisted 12-track Apple album manifest for 'Queen' / 'A Night at the Opera' on root work 66d355ba-2161-46cb-b148-2448f85a15b5
[22:27:16 INF] Retail match found for entity 06ef4bef-5faa-4b46-8ae3-923b62c478e2: 'You’re My Best Friend' from musicbrainz (score: 0.93)
[22:27:16 INF] Post-pipeline confidence for entity 06ef4bef-5faa-4b46-8ae3-923b62c478e2: 0.96
[22:27:16 INF] Entity 06ef4bef-5faa-4b46-8ae3-923b62c478e2 meets organization threshold (0.96 >= 0.70), promoting
[22:27:16 INF] Moved C:\temp\tuvima-watch\music\Queen - You're My Best Friend.flac → C:\temp\tuvima-library\Music/Unknown/A Night at the Opera (1975)/04 - You’re My Best Friend.flac
[22:27:16 INF] Promoted asset 06ef4bef-5faa-4b46-8ae3-923b62c478e2 from staging to library: C:\temp\tuvima-watch\music\Queen - You're My Best Friend.flac → C:\temp\tuvima-library\Music/Unknown/A Night at the Opera (1975)/04 - You’re My Best Friend.flac
[22:27:16 INF] Cover art: downloading 'You’re My Best Friend' from https://is1-ssl.mzstatic.com/image/thumb/Music115/v4/b1/a9/84/b1a984dc-8dce-e8cb-1a0e-20293f7c500a/14DMGIM05548.rgb.jpg/600x600bb.jpg → C:\temp\tuvima-library\.data\assets\artwork\work\66d355ba-2161-46cb-b148-2448f85a15b5\cover\3494f00706964081b893ab02e168a871.jpg
[22:27:16 INF] Start processing HTTP request GET https://is1-ssl.mzstatic.com/image/thumb/Music115/v4/b1/a9/84/b1a984dc-8dce-e8cb-1a0e-20293f7c500a/14DMGIM05548.rgb.jpg/600x600bb.jpg
[22:27:16 INF] Sending HTTP request GET https://is1-ssl.mzstatic.com/image/thumb/Music115/v4/b1/a9/84/b1a984dc-8dce-e8cb-1a0e-20293f7c500a/14DMGIM05548.rgb.jpg/600x600bb.jpg
[22:27:16 INF] Received HTTP response headers after 7.3382ms - 200
[22:27:16 INF] Execution attempt. Source: 'cover_download-standard//Standard-Retry', Operation Key: 'null', Result: '200', Handled: 'False', Attempt: '0', Execution Time: 7.9365ms
[22:27:16 INF] End processing HTTP request after 8.3741ms - 200
[22:27:16 INF] Start processing HTTP request GET https://www.wikidata.org/w/api.php?*
[22:27:16 INF] Sending HTTP request GET https://www.wikidata.org/w/api.php?*
[22:27:16 INF] Cover art: downloaded poster for 'You’re My Best Friend' (56.5 KB) → C:\temp\tuvima-library\.data\assets\artwork\work\66d355ba-2161-46cb-b148-2448f85a15b5\cover\3494f00706964081b893ab02e168a871.jpg
[22:27:17 INF] Received HTTP response headers after 247.724ms - 200
[22:27:17 INF] End processing HTTP request after 249.2832ms - 200
[22:27:17 INF] Start processing HTTP request GET https://www.wikidata.org/w/api.php?*
[22:27:17 INF] Sending HTTP request GET https://www.wikidata.org/w/api.php?*
[22:27:17 INF] Received HTTP response headers after 175.5841ms - 200
[22:27:17 INF] End processing HTTP request after 177.0077ms - 200
[22:27:17 INF] Start processing HTTP request GET https://www.wikidata.org/w/api.php?*
[22:27:17 INF] Sending HTTP request GET https://www.wikidata.org/w/api.php?*
[22:27:17 INF] Received HTTP response headers after 97.9393ms - 200
[22:27:17 INF] End processing HTTP request after 99.3663ms - 200
[22:27:17 INF] Start processing HTTP request GET https://www.wikidata.org/w/api.php?*
[22:27:17 INF] Sending HTTP request GET https://www.wikidata.org/w/api.php?*
[22:27:18 INF] Received HTTP response headers after 131.066ms - 200
[22:27:18 INF] End processing HTTP request after 134.817ms - 200
[22:27:18 INF] Start processing HTTP request GET https://www.wikidata.org/w/api.php?*
[22:27:18 INF] Sending HTTP request GET https://www.wikidata.org/w/api.php?*
[22:27:18 INF] Received HTTP response headers after 83.8813ms - 200
[22:27:18 INF] End processing HTTP request after 86.3096ms - 200
